record_id,date,location_id,hazard_typology,latitude,longitude,catchment_area_km2,curve_number,topographic_wetness_index,stream_power_index,rainfall_1h_mm,rainfall_24h_mm,rainfall_72h_mm,effective_saturation,peak_discharge_m3s,inundation_depth_m,river_stage_state,flood_probability_percent,flood_occurred
REC_2021_LOC01_001,2021-06-01,LOC01,COMPOUND,27.604,88.646,85.0,80,18.38,73.89,2.86,6.57,16.28,0.396,28.0,0.0,IN_BANK_FLOW,3.0,0
REC_2021_LOC02_001,2021-06-01,LOC02,COMPOUND,27.399,88.524,95.0,78,18.6,74.22,2.69,17.24,47.65,0.495,45.5,0.0,IN_BANK_FLOW,3.0,0
REC_2021_LOC03_001,2021-06-01,LOC03,LANDSLIDE_ONLY,27.385,88.755,15.0,68,16.54,14.49,1.56,5.08,10.76,0.385,0.0,0.0,NO_RIVER_ZONE,0.0,0
REC_2021_LOC04_001,2021-06-01,LOC04,LANDSLIDE_ONLY,27.545,88.455,25.0,72,17.12,22.51,1.83,6.39,16.24,0.397,0.0,0.0,NO_RIVER_ZONE,0.0,0
REC_2021_LOC05_001,2021-06-01,LOC05,FLOOD_ONLY,27.2345,88.4972,180.0,86,21.03,22.1,2.63,13.09,21.97,0.456,79.2,0.0,IN_BANK_FLOW,3.0,0
REC_2021_LOC06_001,2021-06-01,LOC06,FLOOD_ONLY,27.1739,88.518,210.0,88,21.32,22.07,4.55,16.14,28.19,0.43,114.1,0.0,IN_BANK_FLOW,3.0,0
REC_2021_LOC01_002,2021-06-02,LOC01,COMPOUND,27.604,88.646,85.0,80,18.38,73.89,1.6,5.23,11.8,0.391,28.0,0.0,IN_BANK_FLOW,3.0,0
REC_2021_LOC02_002,2021-06-02,LOC02,COMPOUND,27.399,88.524,95.0,78,18.6,74.22,6.3,35.69,65.5,0.529,66.8,0.0,IN_BANK_FLOW,3.0,0
REC_2021_LOC03_002,2021-06-02,LOC03,LANDSLIDE_ONLY,27.385,88.755,15.0,68,16.54,14.49,6.35,24.7,47.85,0.49,0.0,0.0,NO_RIVER_ZONE,0.0,0
REC_2021_LOC04_002,2021-06-02,LOC04,LANDSLIDE_ONLY,27.545,88.455,25.0,72,17.12,22.51,6.97,18.28,30.87,0.438,0.0,0.0,NO_RIVER_ZONE,0.0,0
REC_2021_LOC05_002,2021-06-02,LOC05,FLOOD_ONLY,27.2345,88.4972,180.0,86,21.03,22.1,0.95,5.63,11.11,0.389,75.0,0.0,IN_BANK_FLOW,3.0,0
REC_2021_LOC06_002,2021-06-02,LOC06,FLOOD_ONLY,27.1739,88.518,210.0,88,21.32,22.07,0.65,1.78,4.47,0.366,95.0,0.0,IN_BANK_FLOW,3.0,0
REC_2021_LOC01_003,2021-06-03,LOC01,COMPOUND,27.604,88.646,85.0,80,18.38,73.89,0.07,0.36,0.59,0.352,28.0,0.0,IN_BANK_FLOW,3.0,0
REC_2021_LOC02_003,2021-06-03,LOC02,COMPOUND,27.399,88.524,95.0,78,18.6,74.22,1.1,4.01,10.05,0.374,45.0,0.0,IN_BANK_FLOW,3.0,0
REC_2021_LOC03_003,2021-06-03,LOC03,LANDSLIDE_ONLY,27.385,88.755,15.0,68,16.54,14.49,14.59,37.17,87.72,0.715,0.0,0.0,NO_RIVER_ZONE,0.0,0
REC_2021_LOC04_003,2021-06-03,LOC04,LANDSLIDE_ONLY,27.545,88.455,25.0,72,17.12,22.51,7.78,31.7,54.91,0.52,0.0,0.0,NO_RIVER_ZONE,0.0,0
REC_2021_LOC05_003,2021-06-03,LOC05,FLOOD_ONLY,27.2345,88.4972,180.0,86,21.03,22.1,0.03,0.1,0.21,0.351,75.0,0.0,IN_BANK_FLOW,3.0,0
REC_2021_LOC06_003,2021-06-03,LOC06,FLOOD_ONLY,27.1739,88.518,210.0,88,21.32,22.07,3.7,10.24,20.85,0.447,97.8,0.0,IN_BANK_FLOW,3.0,0
REC_2021_LOC01_004,2021-06-04,LOC01,COMPOUND,27.604,88.646,85.0,80,18.38,73.89,0.76,4.69,10.93,0.379,28.0,0.0,IN_BANK_FLOW,3.0,0
REC_2021_LOC02_004,2021-06-04,LOC02,COMPOUND,27.399,88.524,95.0,78,18.6,74.22,0.74,3.83,8.38,0.378,45.0,0.0,IN_BANK_FLOW,3.0,0
REC_2021_LOC03_004,2021-06-04,LOC03,LANDSLIDE_ONLY,27.385,88.755,15.0,68,16.54,14.49,1.4,3.8,7.76,0.379,0.0,0.0,NO_RIVER_ZONE,0.0,0
REC_2021_LOC04_004,2021-06-04,LOC04,LANDSLIDE_ONLY,27.545,88.455,25.0,72,17.12,22.51,6.22,25.25,46.05,0.49,0.0,0.0,NO_RIVER_ZONE,0.0,0
REC_2021_LOC05_004,2021-06-04,LOC05,FLOOD_ONLY,27.2345,88.4972,180.0,86,21.03,22.1,2.94,14.51,35.25,0.48,81.9,0.0,IN_BANK_FLOW,3.0,0
REC_2021_LOC06_004,2021-06-04,LOC06,FLOOD_ONLY,27.1739,88.518,210.0,88,21.32,22.07,14.96,36.21,69.14,0.631,227.1,0.0,IN_BANK_FLOW,5.2,0
REC_2021_LOC01_005,2021-06-05,LOC01,COMPOUND,27.604,88.646,85.0,80,18.38,73.89,0.57,1.37,3.67,0.361,28.0,0.0,IN_BANK_FLOW,3.0,0
REC_2021_LOC02_005,2021-06-05,LOC02,COMPOUND,27.399,88.524,95.0,78,18.6,74.22,13.25,31.84,80.74,0.57,60.3,0.0,IN_BANK_FLOW,3.0,0
REC_2021_LOC03_005,2021-06-05,LOC03,LANDSLIDE_ONLY,27.385,88.755,15.0,68,16.54,14.49,0.01,0.07,0.16,0.351,0.0,0.0,NO_RIVER_ZONE,0.0,0
REC_2021_LOC04_005,2021-06-05,LOC04,LANDSLIDE_ONLY,27.545,88.455,25.0,72,17.12,22.51,0.94,3.79,9.46,0.387,0.0,0.0,NO_RIVER_ZONE,0.0,0
REC_2021_LOC05_005,2021-06-05,LOC05,FLOOD_ONLY,27.2345,88.4972,180.0,86,21.03,22.1,0.36,1.38,2.65,0.36,75.0,0.0,IN_BANK_FLOW,3.0,0
REC_2021_LOC06_005,2021-06-05,LOC06,FLOOD_ONLY,27.1739,88.518,210.0,88,21.32,22.07,6.67,22.17,50.82,0.493,140.9,0.0,IN_BANK_FLOW,3.2,0
REC_2021_LOC01_006,2021-06-06,LOC01,COMPOUND,27.604,88.646,85.0,80,18.38,73.89,17.23,39.5,106.56,0.601,59.7,0.0,IN_BANK_FLOW,3.6,0
REC_2021_LOC02_006,2021-06-06,LOC02,COMPOUND,27.399,88.524,95.0,78,18.6,74.22,20.9,47.61,124.91,0.698,92.0,0.0,IN_BANK_FLOW,3.5,0
REC_2021_LOC03_006,2021-06-06,LOC03,LANDSLIDE_ONLY,27.385,88.755,15.0,68,16.54,14.49,0.82,2.6,7.08,0.375,0.0,0.0,NO_RIVER_ZONE,0.0,0
REC_2021_LOC04_006,2021-06-06,LOC04,LANDSLIDE_ONLY,27.545,88.455,25.0,72,17.12,22.51,12.4,64.55,143.43,0.939,0.0,0.0,NO_RIVER_ZONE,0.0,0
REC_2021_LOC05_006,2021-06-06,LOC05,FLOOD_ONLY,27.2345,88.4972,180.0,86,21.03,22.1,1.49,6.24,16.04,0.416,75.0,0.0,IN_BANK_FLOW,3.0,0
REC_2021_LOC06_006,2021-06-06,LOC06,FLOOD_ONLY,27.1739,88.518,210.0,88,21.32,22.07,7.73,22.41,54.73,0.578,142.1,0.0,IN_BANK_FLOW,3.2,0
REC_2021_LOC01_007,2021-06-07,LOC01,COMPOUND,27.604,88.646,85.0,80,18.38,73.89,1.94,12.09,26.1,0.429,28.0,0.0,IN_BANK_FLOW,3.0,0
REC_2021_LOC02_007,2021-06-07,LOC02,COMPOUND,27.399,88.524,95.0,78,18.6,74.22,0.21,0.53,1.08,0.353,45.0,0.0,IN_BANK_FLOW,3.0,0
REC_2021_LOC03_007,2021-06-07,LOC03,LANDSLIDE_ONLY,27.385,88.755,15.0,68,16.54,14.49,2.4,13.65,22.69,0.432,0.0,0.0,NO_RIVER_ZONE,0.0,0
REC_2021_LOC04_007,2021-06-07,LOC04,LANDSLIDE_ONLY,27.545,88.455,25.0,72,17.12,22.51,15.89,52.13,103.61,0.695,0.0,0.0,NO_RIVER_ZONE,0.0,0
REC_2021_LOC05_007,2021-06-07,LOC05,FLOOD_ONLY,27.2345,88.4972,180.0,86,21.03,22.1,0.16,0.36,0.94,0.353,75.0,0.0,IN_BANK_FLOW,3.0,0
REC_2021_LOC06_007,2021-06-07,LOC06,FLOOD_ONLY,27.1739,88.518,210.0,88,21.32,22.07,4.07,11.16,26.7,0.445,99.5,0.0,IN_BANK_FLOW,3.0,0
REC_2021_LOC01_008,2021-06-08,LOC01,COMPOUND,27.604,88.646,85.0,80,18.38,73.89,1.71,7.62,15.45,0.394,28.0,0.0,IN_BANK_FLOW,3.0,0
REC_2021_LOC02_008,2021-06-08,LOC02,COMPOUND,27.399,88.524,95.0,78,18.6,74.22,0.43,1.44,3.12,0.359,45.0,0.0,IN_BANK_FLOW,3.0,0
REC_2021_LOC03_008,2021-06-08,LOC03,LANDSLIDE_ONLY,27.385,88.755,15.0,68,16.54,14.49,2.31,14.11,28.92,0.451,0.0,0.0,NO_RIVER_ZONE,0.0,0
REC_2021_LOC04_008,2021-06-08,LOC04,LANDSLIDE_ONLY,27.545,88.455,25.0,72,17.12,22.51,0.43,2.49,5.9,0.367,0.0,0.0,NO_RIVER_ZONE,0.0,0
REC_2021_LOC05_008,2021-06-08,LOC05,FLOOD_ONLY,27.2345,88.4972,180.0,86,21.03,22.1,2.36,6.88,14.79,0.409,75.0,0.0,IN_BANK_FLOW,3.0,0
REC_2021_LOC06_008,2021-06-08,LOC06,FLOOD_ONLY,27.1739,88.518,210.0,88,21.32,22.07,0.25,1.03,2.69,0.358,95.0,0.0,IN_BANK_FLOW,3.0,0
REC_2021_LOC01_009,2021-06-09,LOC01,COMPOUND,27.604,88.646,85.0,80,18.38,73.89,5.74,13.88,34.45,0.46,28.1,0.0,IN_BANK_FLOW,3.0,0
REC_2021_LOC02_009,2021-06-09,LOC02,COMPOUND,27.399,88.524,95.0,78,18.6,74.22,10.29,23.02,48.23,0.521,49.2,0.0,IN_BANK_FLOW,3.0,0
REC_2021_LOC03_009,2021-06-09,LOC03,LANDSLIDE_ONLY,27.385,88.755,15.0,68,16.54,14.49,7.63,27.37,68.45,0.546,0.0,0.0,NO_RIVER_ZONE,0.0,0
REC_2021_LOC04_009,2021-06-09,LOC04,LANDSLIDE_ONLY,27.545,88.455,25.0,72,17.12,22.51,6.03,24.52,65.58,0.505,0.0,0.0,NO_RIVER_ZONE,0.0,0
REC_2021_LOC05_009,2021-06-09,LOC05,FLOOD_ONLY,27.2345,88.4972,180.0,86,21.03,22.1,13.56,42.11,99.3,0.637,203.5,0.0,IN_BANK_FLOW,6.0,0
REC_2021_LOC06_009,2021-06-09,LOC06,FLOOD_ONLY,27.1739,88.518,210.0,88,21.32,22.07,8.49,21.95,37.52,0.458,139.7,0.0,IN_BANK_FLOW,3.2,0
REC_2021_LOC01_010,2021-06-10,LOC01,COMPOUND,27.604,88.646,85.0,80,18.38,73.89,1.12,6.05,10.72,0.392,28.0,0.0,IN_BANK_FLOW,3.0,0
REC_2021_LOC02_010,2021-06-10,LOC02,COMPOUND,27.399,88.524,95.0,78,18.6,74.22,8.74,24.15,41.0,0.498,50.3,0.0,IN_BANK_FLOW,3.0,0
REC_2021_LOC03_010,2021-06-10,LOC03,LANDSLIDE_ONLY,27.385,88.755,15.0,68,16.54,14.49,10.19,23.46,65.29,0.56,0.0,0.0,NO_RIVER_ZONE,0.0,0
REC_2021_LOC04_010,2021-06-10,LOC04,LANDSLIDE_ONLY,27.545,88.455,25.0,72,17.12,22.51,6.08,33.16,72.66,0.547,0.0,0.0,NO_RIVER_ZONE,0.0,0
REC_2021_LOC05_010,2021-06-10,LOC05,FLOOD_ONLY,27.2345,88.4972,180.0,86,21.03,22.1,6.24,19.19,52.86,0.493,94.3,0.0,IN_BANK_FLOW,3.0,0
REC_2021_LOC06_010,2021-06-10,LOC06,FLOOD_ONLY,27.1739,88.518,210.0,88,21.32,22.07,0.34,1.07,2.96,0.36,95.0,0.0,IN_BANK_FLOW,3.0,0
REC_2021_LOC01_011,2021-06-11,LOC01,COMPOUND,27.604,88.646,85.0,80,18.38,73.89,5.17,12.29,20.33,0.429,28.0,0.0,IN_BANK_FLOW,3.0,0
REC_2021_LOC02_011,2021-06-11,LOC02,COMPOUND,27.399,88.524,95.0,78,18.6,74.22,3.16,13.55,24.74,0.429,45.0,0.0,IN_BANK_FLOW,3.0,0
REC_2021_LOC03_011,2021-06-11,LOC03,LANDSLIDE_ONLY,27.385,88.755,15.0,68,16.54,14.49,22.88,51.31,125.08,0.723,0.0,0.0,NO_RIVER_ZONE,0.0,0
REC_2021_LOC04_011,2021-06-11,LOC04,LANDSLIDE_ONLY,27.545,88.455,25.0,72,17.12,22.51,1.05,2.48,6.42,0.376,0.0,0.0,NO_RIVER_ZONE,0.0,0
REC_2021_LOC05_011,2021-06-11,LOC05,FLOOD_ONLY,27.2345,88.4972,180.0,86,21.03,22.1,15.49,37.79,62.51,0.529,178.8,0.0,IN_BANK_FLOW,5.3,0
REC_2021_LOC06_011,2021-06-11,LOC06,FLOOD_ONLY,27.1739,88.518,210.0,88,21.32,22.07,19.75,49.05,127.82,0.736,322.5,0.0,IN_BANK_FLOW,7.3,0
REC_2021_LOC01_012,2021-06-12,LOC01,COMPOUND,27.604,88.646,85.0,80,18.38,73.89,8.89,20.51,53.73,0.502,31.4,0.0,IN_BANK_FLOW,3.0,0
REC_2021_LOC02_012,2021-06-12,LOC02,COMPOUND,27.399,88.524,95.0,78,18.6,74.22,5.23,15.59,31.64,0.449,45.1,0.0,IN_BANK_FLOW,3.0,0
REC_2021_LOC03_012,2021-06-12,LOC03,LANDSLIDE_ONLY,27.385,88.755,15.0,68,16.54,14.49,4.17,10.28,23.26,0.44,0.0,0.0,NO_RIVER_ZONE,0.0,0
REC_2021_LOC04_012,2021-06-12,LOC04,LANDSLIDE_ONLY,27.545,88.455,25.0,72,17.12,22.51,0.15,0.41,0.96,0.353,0.0,0.0,NO_RIVER_ZONE,0.0,0
REC_2021_LOC05_012,2021-06-12,LOC05,FLOOD_ONLY,27.2345,88.4972,180.0,86,21.03,22.1,1.96,6.97,18.71,0.406,75.0,0.0,IN_BANK_FLOW,3.0,0
REC_2021_LOC06_012,2021-06-12,LOC06,FLOOD_ONLY,27.1739,88.518,210.0,88,21.32,22.07,12.07,27.76,49.32,0.544,172.0,0.0,IN_BANK_FLOW,3.9,0
REC_2021_LOC01_013,2021-06-13,LOC01,COMPOUND,27.604,88.646,85.0,80,18.38,73.89,2.36,9.5,22.42,0.404,28.0,0.0,IN_BANK_FLOW,3.0,0
REC_2021_LOC02_013,2021-06-13,LOC02,COMPOUND,27.399,88.524,95.0,78,18.6,74.22,2.49,5.94,12.88,0.389,45.0,0.0,IN_BANK_FLOW,3.0,0
REC_2021_LOC03_013,2021-06-13,LOC03,LANDSLIDE_ONLY,27.385,88.755,15.0,68,16.54,14.49,0.48,2.73,4.76,0.364,0.0,0.0,NO_RIVER_ZONE,0.0,0
REC_2021_LOC04_013,2021-06-13,LOC04,LANDSLIDE_ONLY,27.545,88.455,25.0,72,17.12,22.51,2.66,16.41,42.0,0.463,0.0,0.0,NO_RIVER_ZONE,0.0,0
REC_2021_LOC05_013,2021-06-13,LOC05,FLOOD_ONLY,27.2345,88.4972,180.0,86,21.03,22.1,8.6,22.97,41.84,0.474,107.5,0.0,IN_BANK_FLOW,3.2,0
REC_2021_LOC06_013,2021-06-13,LOC06,FLOOD_ONLY,27.1739,88.518,210.0,88,21.32,22.07,3.25,8.69,14.29,0.401,95.8,0.0,IN_BANK_FLOW,3.0,0
REC_2021_LOC01_014,2021-06-14,LOC01,COMPOUND,27.604,88.646,85.0,80,18.38,73.89,0.45,1.59,3.56,0.36,28.0,0.0,IN_BANK_FLOW,3.0,0
REC_2021_LOC02_014,2021-06-14,LOC02,COMPOUND,27.399,88.524,95.0,78,18.6,74.22,1.16,5.44,10.84,0.387,45.0,0.0,IN_BANK_FLOW,3.0,0
REC_2021_LOC03_014,2021-06-14,LOC03,LANDSLIDE_ONLY,27.385,88.755,15.0,68,16.54,14.49,6.53,21.79,37.14,0.487,0.0,0.0,NO_RIVER_ZONE,0.0,0
REC_2021_LOC04_014,2021-06-14,LOC04,LANDSLIDE_ONLY,27.545,88.455,25.0,72,17.12,22.51,0.45,1.91,3.89,0.364,0.0,0.0,NO_RIVER_ZONE,0.0,0
REC_2021_LOC05_014,2021-06-14,LOC05,FLOOD_ONLY,27.2345,88.4972,180.0,86,21.03,22.1,0.29,1.5,2.84,0.358,75.0,0.0,IN_BANK_FLOW,3.0,0
REC_2021_LOC06_014,2021-06-14,LOC06,FLOOD_ONLY,27.1739,88.518,210.0,88,21.32,22.07,3.29,7.4,12.83,0.401,95.1,0.0,IN_BANK_FLOW,3.0,0
REC_2021_LOC01_015,2021-06-15,LOC01,COMPOUND,27.604,88.646,85.0,80,18.38,73.89,0.92,2.62,7.11,0.374,28.0,0.0,IN_BANK_FLOW,3.0,0
REC_2021_LOC02_015,2021-06-15,LOC02,COMPOUND,27.399,88.524,95.0,78,18.6,74.22,0.72,2.9,6.12,0.368,45.0,0.0,IN_BANK_FLOW,3.0,0
REC_2021_LOC03_015,2021-06-15,LOC03,LANDSLIDE_ONLY,27.385,88.755,15.0,68,16.54,14.49,1.55,4.77,8.52,0.38,0.0,0.0,NO_RIVER_ZONE,0.0,0
REC_2021_LOC04_015,2021-06-15,LOC04,LANDSLIDE_ONLY,27.545,88.455,25.0,72,17.12,22.51,0.34,2.02,5.63,0.369,0.0,0.0,NO_RIVER_ZONE,0.0,0
REC_2021_LOC05_015,2021-06-15,LOC05,FLOOD_ONLY,27.2345,88.4972,180.0,86,21.03,22.1,6.57,19.99,43.3,0.48,96.8,0.0,IN_BANK_FLOW,3.0,0
REC_2021_LOC06_015,2021-06-15,LOC06,FLOOD_ONLY,27.1739,88.518,210.0,88,21.32,22.07,7.97,39.01,65.53,0.606,246.9,0.0,IN_BANK_FLOW,5.6,0
REC_2021_LOC01_016,2021-06-16,LOC01,COMPOUND,27.604,88.646,85.0,80,18.38,73.89,0.63,3.15,5.66,0.373,28.0,0.0,IN_BANK_FLOW,3.0,0
REC_2021_LOC02_016,2021-06-16,LOC02,COMPOUND,27.399,88.524,95.0,78,18.6,74.22,7.86,29.36,75.75,0.573,56.6,0.0,IN_BANK_FLOW,3.0,0
REC_2021_LOC03_016,2021-06-16,LOC03,LANDSLIDE_ONLY,27.385,88.755,15.0,68,16.54,14.49,5.8,19.27,36.2,0.483,0.0,0.0,NO_RIVER_ZONE,0.0,0
REC_2021_LOC04_016,2021-06-16,LOC04,LANDSLIDE_ONLY,27.545,88.455,25.0,72,17.12,22.51,2.54,13.7,37.37,0.464,0.0,0.0,NO_RIVER_ZONE,0.0,0
REC_2021_LOC05_016,2021-06-16,LOC05,FLOOD_ONLY,27.2345,88.4972,180.0,86,21.03,22.1,4.2,13.55,36.21,0.456,80.0,0.0,IN_BANK_FLOW,3.0,0
REC_2021_LOC06_016,2021-06-16,LOC06,FLOOD_ONLY,27.1739,88.518,210.0,88,21.32,22.07,0.15,0.48,1.21,0.354,95.0,0.0,IN_BANK_FLOW,3.0,0
REC_2021_LOC01_017,2021-06-17,LOC01,COMPOUND,27.604,88.646,85.0,80,18.38,73.89,4.36,22.34,41.89,0.518,33.1,0.0,IN_BANK_FLOW,3.0,0
REC_2021_LOC02_017,2021-06-17,LOC02,COMPOUND,27.399,88.524,95.0,78,18.6,74.22,2.47,10.95,22.06,0.427,45.0,0.0,IN_BANK_FLOW,3.0,0
REC_2021_LOC03_017,2021-06-17,LOC03,LANDSLIDE_ONLY,27.385,88.755,15.0,68,16.54,14.49,3.77,8.68,15.49,0.405,0.0,0.0,NO_RIVER_ZONE,0.0,0
REC_2021_LOC04_017,2021-06-17,LOC04,LANDSLIDE_ONLY,27.545,88.455,25.0,72,17.12,22.51,12.37,28.79,65.59,0.621,0.0,0.0,NO_RIVER_ZONE,0.0,0
REC_2021_LOC05_017,2021-06-17,LOC05,FLOOD_ONLY,27.2345,88.4972,180.0,86,21.03,22.1,3.99,12.02,25.35,0.458,77.6,0.0,IN_BANK_FLOW,3.0,0
REC_2021_LOC06_017,2021-06-17,LOC06,FLOOD_ONLY,27.1739,88.518,210.0,88,21.32,22.07,23.56,58.65,102.61,0.82,399.9,0.0,IN_BANK_FLOW,9.1,0
REC_2021_LOC01_018,2021-06-18,LOC01,COMPOUND,27.604,88.646,85.0,80,18.38,73.89,0.2,0.79,2.03,0.355,28.0,0.0,IN_BANK_FLOW,3.0,0
REC_2021_LOC02_018,2021-06-18,LOC02,COMPOUND,27.399,88.524,95.0,78,18.6,74.22,8.97,35.33,71.24,0.603,66.2,0.0,IN_BANK_FLOW,3.0,0
REC_2021_LOC03_018,2021-06-18,LOC03,LANDSLIDE_ONLY,27.385,88.755,15.0,68,16.54,14.49,0.43,2.13,4.68,0.368,0.0,0.0,NO_RIVER_ZONE,0.0,0
REC_2021_LOC04_018,2021-06-18,LOC04,LANDSLIDE_ONLY,27.545,88.455,25.0,72,17.12,22.51,2.16,14.01,33.57,0.465,0.0,0.0,NO_RIVER_ZONE,0.0,0
REC_2021_LOC05_018,2021-06-18,LOC05,FLOOD_ONLY,27.2345,88.4972,180.0,86,21.03,22.1,0.56,1.25,2.75,0.358,75.0,0.0,IN_BANK_FLOW,3.0,0
REC_2021_LOC06_018,2021-06-18,LOC06,FLOOD_ONLY,27.1739,88.518,210.0,88,21.32,22.07,0.67,3.21,5.28,0.369,95.0,0.0,IN_BANK_FLOW,3.0,0
REC_2021_LOC01_019,2021-06-19,LOC01,COMPOUND,27.604,88.646,85.0,80,18.38,73.89,2.94,10.4,21.64,0.413,28.0,0.0,IN_BANK_FLOW,3.0,0
REC_2021_LOC02_019,2021-06-19,LOC02,COMPOUND,27.399,88.524,95.0,78,18.6,74.22,10.71,40.89,78.71,0.619,77.0,0.0,IN_BANK_FLOW,3.0,0
REC_2021_LOC03_019,2021-06-19,LOC03,LANDSLIDE_ONLY,27.385,88.755,15.0,68,16.54,14.49,0.08,0.38,0.71,0.352,0.0,0.0,NO_RIVER_ZONE,0.0,0
REC_2021_LOC04_019,2021-06-19,LOC04,LANDSLIDE_ONLY,27.545,88.455,25.0,72,17.12,22.51,0.95,2.75,5.19,0.364,0.0,0.0,NO_RIVER_ZONE,0.0,0
REC_2021_LOC05_019,2021-06-19,LOC05,FLOOD_ONLY,27.2345,88.4972,180.0,86,21.03,22.1,6.68,24.83,59.63,0.507,115.0,0.0,IN_BANK_FLOW,3.4,0
REC_2021_LOC06_019,2021-06-19,LOC06,FLOOD_ONLY,27.1739,88.518,210.0,88,21.32,22.07,3.2,7.66,19.77,0.403,95.1,0.0,IN_BANK_FLOW,3.0,0
REC_2021_LOC01_020,2021-06-20,LOC01,COMPOUND,27.604,88.646,85.0,80,18.38,73.89,3.74,13.7,31.0,0.44,28.1,0.0,IN_BANK_FLOW,3.0,0
REC_2021_LOC02_020,2021-06-20,LOC02,COMPOUND,27.399,88.524,95.0,78,18.6,74.22,6.25,22.52,36.64,0.473,48.7,0.0,IN_BANK_FLOW,3.0,0
REC_2021_LOC03_020,2021-06-20,LOC03,LANDSLIDE_ONLY,27.385,88.755,15.0,68,16.54,14.49,0.84,2.1,5.84,0.366,0.0,0.0,NO_RIVER_ZONE,0.0,0
REC_2021_LOC04_020,2021-06-20,LOC04,LANDSLIDE_ONLY,27.545,88.455,25.0,72,17.12,22.51,3.91,11.31,29.36,0.416,0.0,0.0,NO_RIVER_ZONE,0.0,0
REC_2021_LOC05_020,2021-06-20,LOC05,FLOOD_ONLY,27.2345,88.4972,180.0,86,21.03,22.1,4.49,12.85,23.26,0.438,78.9,0.0,IN_BANK_FLOW,3.0,0
REC_2021_LOC06_020,2021-06-20,LOC06,FLOOD_ONLY,27.1739,88.518,210.0,88,21.32,22.07,0.95,2.55,4.33,0.364,95.0,0.0,IN_BANK_FLOW,3.0,0
REC_2021_LOC01_021,2021-06-21,LOC01,COMPOUND,27.604,88.646,85.0,80,18.38,73.89,4.25,17.77,40.51,0.49,29.5,0.0,IN_BANK_FLOW,3.0,0
REC_2021_LOC02_021,2021-06-21,LOC02,COMPOUND,27.399,88.524,95.0,78,18.6,74.22,0.54,3.39,6.49,0.368,45.0,0.0,IN_BANK_FLOW,3.0,0
REC_2021_LOC03_021,2021-06-21,LOC03,LANDSLIDE_ONLY,27.385,88.755,15.0,68,16.54,14.49,2.17,5.7,9.85,0.382,0.0,0.0,NO_RIVER_ZONE,0.0,0
REC_2021_LOC04_021,2021-06-21,LOC04,LANDSLIDE_ONLY,27.545,88.455,25.0,72,17.12,22.51,1.79,7.99,20.64,0.429,0.0,0.0,NO_RIVER_ZONE,0.0,0
REC_2021_LOC05_021,2021-06-21,LOC05,FLOOD_ONLY,27.2345,88.4972,180.0,86,21.03,22.1,1.11,6.27,16.93,0.405,75.0,0.0,IN_BANK_FLOW,3.0,0
REC_2021_LOC06_021,2021-06-21,LOC06,FLOOD_ONLY,27.1739,88.518,210.0,88,21.32,22.07,10.68,28.88,74.16,0.621,178.8,0.0,IN_BANK_FLOW,4.1,0
REC_2021_LOC01_022,2021-06-22,LOC01,COMPOUND,27.604,88.646,85.0,80,18.38,73.89,1.56,3.5,9.57,0.377,28.0,0.0,IN_BANK_FLOW,3.0,0
REC_2021_LOC02_022,2021-06-22,LOC02,COMPOUND,27.399,88.524,95.0,78,18.6,74.22,0.17,0.48,0.94,0.354,45.0,0.0,IN_BANK_FLOW,3.0,0
REC_2021_LOC03_022,2021-06-22,LOC03,LANDSLIDE_ONLY,27.385,88.755,15.0,68,16.54,14.49,11.19,27.73,54.99,0.514,0.0,0.0,NO_RIVER_ZONE,0.0,0
REC_2021_LOC04_022,2021-06-22,LOC04,LANDSLIDE_ONLY,27.545,88.455,25.0,72,17.12,22.51,0.31,1.8,4.38,0.365,0.0,0.0,NO_RIVER_ZONE,0.0,0
REC_2021_LOC05_022,2021-06-22,LOC05,FLOOD_ONLY,27.2345,88.4972,180.0,86,21.03,22.1,4.21,10.86,21.53,0.438,76.3,0.0,IN_BANK_FLOW,3.0,0
REC_2021_LOC06_022,2021-06-22,LOC06,FLOOD_ONLY,27.1739,88.518,210.0,88,21.32,22.07,15.26,39.17,109.58,0.713,248.0,0.0,IN_BANK_FLOW,5.6,0
REC_2021_LOC01_023,2021-06-23,LOC01,COMPOUND,27.604,88.646,85.0,80,18.38,73.89,12.89,28.96,73.04,0.569,41.2,0.0,IN_BANK_FLOW,3.0,0
REC_2021_LOC02_023,2021-06-23,LOC02,COMPOUND,27.399,88.524,95.0,78,18.6,74.22,0.42,1.64,3.19,0.359,45.0,0.0,IN_BANK_FLOW,3.0,0
REC_2021_LOC03_023,2021-06-23,LOC03,LANDSLIDE_ONLY,27.385,88.755,15.0,68,16.54,14.49,2.4,6.79,12.64,0.406,0.0,0.0,NO_RIVER_ZONE,0.0,0
REC_2021_LOC04_023,2021-06-23,LOC04,LANDSLIDE_ONLY,27.545,88.455,25.0,72,17.12,22.51,12.82,29.58,63.92,0.538,0.0,0.0,NO_RIVER_ZONE,0.0,0
REC_2021_LOC05_023,2021-06-23,LOC05,FLOOD_ONLY,27.2345,88.4972,180.0,86,21.03,22.1,3.98,13.1,24.59,0.417,79.3,0.0,IN_BANK_FLOW,3.0,0
REC_2021_LOC06_023,2021-06-23,LOC06,FLOOD_ONLY,27.1739,88.518,210.0,88,21.32,22.07,0.37,0.83,2.21,0.36,95.0,0.0,IN_BANK_FLOW,3.0,0
REC_2021_LOC01_024,2021-06-24,LOC01,COMPOUND,27.604,88.646,85.0,80,18.38,73.89,3.27,16.67,42.99,0.459,28.9,0.0,IN_BANK_FLOW,3.0,0
REC_2021_LOC02_024,2021-06-24,LOC02,COMPOUND,27.399,88.524,95.0,78,18.6,74.22,2.16,12.15,32.23,0.428,45.0,0.0,IN_BANK_FLOW,3.0,0
REC_2021_LOC03_024,2021-06-24,LOC03,LANDSLIDE_ONLY,27.385,88.755,15.0,68,16.54,14.49,4.7,14.91,25.41,0.432,0.0,0.0,NO_RIVER_ZONE,0.0,0
REC_2021_LOC04_024,2021-06-24,LOC04,LANDSLIDE_ONLY,27.545,88.455,25.0,72,17.12,22.51,1.67,9.59,17.88,0.403,0.0,0.0,NO_RIVER_ZONE,0.0,0
REC_2021_LOC05_024,2021-06-24,LOC05,FLOOD_ONLY,27.2345,88.4972,180.0,86,21.03,22.1,3.01,9.17,23.75,0.427,75.2,0.0,IN_BANK_FLOW,3.0,0
REC_2021_LOC06_024,2021-06-24,LOC06,FLOOD_ONLY,27.1739,88.518,210.0,88,21.32,22.07,7.77,22.35,58.57,0.58,141.8,0.0,IN_BANK_FLOW,3.2,0
REC_2021_LOC01_025,2021-06-25,LOC01,COMPOUND,27.604,88.646,85.0,80,18.38,73.89,5.07,13.5,24.17,0.459,28.0,0.0,IN_BANK_FLOW,3.0,0
REC_2021_LOC02_025,2021-06-25,LOC02,COMPOUND,27.399,88.524,95.0,78,18.6,74.22,3.78,19.05,49.18,0.525,46.3,0.0,IN_BANK_FLOW,3.0,0
REC_2021_LOC03_025,2021-06-25,LOC03,LANDSLIDE_ONLY,27.385,88.755,15.0,68,16.54,14.49,3.19,13.99,33.03,0.472,0.0,0.0,NO_RIVER_ZONE,0.0,0
REC_2021_LOC04_025,2021-06-25,LOC04,LANDSLIDE_ONLY,27.545,88.455,25.0,72,17.12,22.51,4.79,10.91,21.93,0.441,0.0,0.0,NO_RIVER_ZONE,0.0,0
REC_2021_LOC05_025,2021-06-25,LOC05,FLOOD_ONLY,27.2345,88.4972,180.0,86,21.03,22.1,1.82,5.01,8.42,0.379,75.0,0.0,IN_BANK_FLOW,3.0,0
REC_2021_LOC06_025,2021-06-25,LOC06,FLOOD_ONLY,27.1739,88.518,210.0,88,21.32,22.07,3.13,19.88,32.34,0.458,129.7,0.0,IN_BANK_FLOW,3.0,0
REC_2021_LOC01_026,2021-06-26,LOC01,COMPOUND,27.604,88.646,85.0,80,18.38,73.89,2.01,4.48,9.46,0.376,28.0,0.0,IN_BANK_FLOW,3.0,0
REC_2021_LOC02_026,2021-06-26,LOC02,COMPOUND,27.399,88.524,95.0,78,18.6,74.22,0.61,3.49,8.43,0.376,45.0,0.0,IN_BANK_FLOW,3.0,0
REC_2021_LOC03_026,2021-06-26,LOC03,LANDSLIDE_ONLY,27.385,88.755,15.0,68,16.54,14.49,2.6,7.62,15.83,0.409,0.0,0.0,NO_RIVER_ZONE,0.0,0
REC_2021_LOC04_026,2021-06-26,LOC04,LANDSLIDE_ONLY,27.545,88.455,25.0,72,17.12,22.51,0.78,3.66,5.99,0.371,0.0,0.0,NO_RIVER_ZONE,0.0,0
REC_2021_LOC05_026,2021-06-26,LOC05,FLOOD_ONLY,27.2345,88.4972,180.0,86,21.03,22.1,9.93,48.27,127.55,0.848,241.0,0.0,IN_BANK_FLOW,7.1,0
REC_2021_LOC06_026,2021-06-26,LOC06,FLOOD_ONLY,27.1739,88.518,210.0,88,21.32,22.07,0.31,1.97,5.33,0.37,95.0,0.0,IN_BANK_FLOW,3.0,0
REC_2021_LOC01_027,2021-06-27,LOC01,COMPOUND,27.604,88.646,85.0,80,18.38,73.89,0.93,3.13,5.25,0.367,28.0,0.0,IN_BANK_FLOW,3.0,0
REC_2021_LOC02_027,2021-06-27,LOC02,COMPOUND,27.399,88.524,95.0,78,18.6,74.22,1.3,8.5,14.34,0.398,45.0,0.0,IN_BANK_FLOW,3.0,0
REC_2021_LOC03_027,2021-06-27,LOC03,LANDSLIDE_ONLY,27.385,88.755,15.0,68,16.54,14.49,6.78,16.62,42.15,0.462,0.0,0.0,NO_RIVER_ZONE,0.0,0
REC_2021_LOC04_027,2021-06-27,LOC04,LANDSLIDE_ONLY,27.545,88.455,25.0,72,17.12,22.51,11.65,60.44,132.89,0.845,0.0,0.0,NO_RIVER_ZONE,0.0,0
REC_2021_LOC05_027,2021-06-27,LOC05,FLOOD_ONLY,27.2345,88.4972,180.0,86,21.03,22.1,1.69,5.53,9.43,0.376,75.0,0.0,IN_BANK_FLOW,3.0,0
REC_2021_LOC06_027,2021-06-27,LOC06,FLOOD_ONLY,27.1739,88.518,210.0,88,21.32,22.07,4.19,11.74,30.06,0.423,100.8,0.0,IN_BANK_FLOW,3.0,0
REC_2021_LOC01_028,2021-06-28,LOC01,COMPOUND,27.604,88.646,85.0,80,18.38,73.89,0.19,0.45,0.75,0.353,28.0,0.0,IN_BANK_FLOW,3.0,0
REC_2021_LOC02_028,2021-06-28,LOC02,COMPOUND,27.399,88.524,95.0,78,18.6,74.22,5.7,22.65,58.39,0.535,48.9,0.0,IN_BANK_FLOW,3.0,0
REC_2021_LOC03_028,2021-06-28,LOC03,LANDSLIDE_ONLY,27.385,88.755,15.0,68,16.54,14.49,2.89,8.43,18.81,0.404,0.0,0.0,NO_RIVER_ZONE,0.0,0
REC_2021_LOC04_028,2021-06-28,LOC04,LANDSLIDE_ONLY,27.545,88.455,25.0,72,17.12,22.51,7.59,21.83,47.98,0.526,0.0,0.0,NO_RIVER_ZONE,0.0,0
REC_2021_LOC05_028,2021-06-28,LOC05,FLOOD_ONLY,27.2345,88.4972,180.0,86,21.03,22.1,1.1,3.12,5.26,0.364,75.0,0.0,IN_BANK_FLOW,3.0,0
REC_2021_LOC06_028,2021-06-28,LOC06,FLOOD_ONLY,27.1739,88.518,210.0,88,21.32,22.07,5.28,19.01,38.31,0.498,125.8,0.0,IN_BANK_FLOW,3.0,0
REC_2021_LOC01_029,2021-06-29,LOC01,COMPOUND,27.604,88.646,85.0,80,18.38,73.89,2.97,8.08,17.65,0.427,28.0,0.0,IN_BANK_FLOW,3.0,0
REC_2021_LOC02_029,2021-06-29,LOC02,COMPOUND,27.399,88.524,95.0,78,18.6,74.22,5.32,12.56,23.27,0.438,45.0,0.0,IN_BANK_FLOW,3.0,0
REC_2021_LOC03_029,2021-06-29,LOC03,LANDSLIDE_ONLY,27.385,88.755,15.0,68,16.54,14.49,7.44,17.61,31.97,0.47,0.0,0.0,NO_RIVER_ZONE,0.0,0
REC_2021_LOC04_029,2021-06-29,LOC04,LANDSLIDE_ONLY,27.545,88.455,25.0,72,17.12,22.51,2.13,9.49,25.1,0.428,0.0,0.0,NO_RIVER_ZONE,0.0,0
REC_2021_LOC05_029,2021-06-29,LOC05,FLOOD_ONLY,27.2345,88.4972,180.0,86,21.03,22.1,0.67,2.5,6.91,0.371,75.0,0.0,IN_BANK_FLOW,3.0,0
REC_2021_LOC06_029,2021-06-29,LOC06,FLOOD_ONLY,27.1739,88.518,210.0,88,21.32,22.07,14.02,49.01,92.3,0.586,322.2,0.0,IN_BANK_FLOW,7.3,0
REC_2021_LOC01_030,2021-06-30,LOC01,COMPOUND,27.604,88.646,85.0,80,18.38,73.89,1.77,7.89,18.47,0.405,28.0,0.0,IN_BANK_FLOW,3.0,0
REC_2021_LOC02_030,2021-06-30,LOC02,COMPOUND,27.399,88.524,95.0,78,18.6,74.22,3.63,9.01,23.13,0.438,45.0,0.0,IN_BANK_FLOW,3.0,0
REC_2021_LOC03_030,2021-06-30,LOC03,LANDSLIDE_ONLY,27.385,88.755,15.0,68,16.54,14.49,0.74,4.4,9.84,0.379,0.0,0.0,NO_RIVER_ZONE,0.0,0
REC_2021_LOC04_030,2021-06-30,LOC04,LANDSLIDE_ONLY,27.545,88.455,25.0,72,17.12,22.51,9.31,38.03,84.0,0.549,0.0,0.0,NO_RIVER_ZONE,0.0,0
REC_2021_LOC05_030,2021-06-30,LOC05,FLOOD_ONLY,27.2345,88.4972,180.0,86,21.03,22.1,2.59,8.49,18.56,0.404,75.0,0.0,IN_BANK_FLOW,3.0,0
REC_2021_LOC06_030,2021-06-30,LOC06,FLOOD_ONLY,27.1739,88.518,210.0,88,21.32,22.07,1.11,3.16,8.73,0.375,95.0,0.0,IN_BANK_FLOW,3.0,0
REC_2021_LOC01_031,2021-07-01,LOC01,COMPOUND,27.604,88.646,85.0,80,18.38,73.89,10.61,26.43,72.25,0.592,37.7,0.0,IN_BANK_FLOW,3.0,0
REC_2021_LOC02_031,2021-07-01,LOC02,COMPOUND,27.399,88.524,95.0,78,18.6,74.22,3.01,18.94,51.46,0.537,46.2,0.0,IN_BANK_FLOW,3.0,0
REC_2021_LOC03_031,2021-07-01,LOC03,LANDSLIDE_ONLY,27.385,88.755,15.0,68,16.54,14.49,3.87,11.21,19.37,0.436,0.0,0.0,NO_RIVER_ZONE,0.0,0
REC_2021_LOC04_031,2021-07-01,LOC04,LANDSLIDE_ONLY,27.545,88.455,25.0,72,17.12,22.51,10.93,34.16,84.93,0.645,0.0,0.0,NO_RIVER_ZONE,0.0,0
REC_2021_LOC05_031,2021-07-01,LOC05,FLOOD_ONLY,27.2345,88.4972,180.0,86,21.03,22.1,13.99,36.95,94.5,0.685,174.1,0.0,IN_BANK_FLOW,5.1,0
REC_2021_LOC06_031,2021-07-01,LOC06,FLOOD_ONLY,27.1739,88.518,210.0,88,21.32,22.07,2.28,8.79,18.24,0.412,95.9,0.0,IN_BANK_FLOW,3.0,0
REC_2021_LOC01_032,2021-07-02,LOC01,COMPOUND,27.604,88.646,85.0,80,18.38,73.89,0.99,5.78,13.43,0.399,28.0,0.0,IN_BANK_FLOW,3.0,0
REC_2021_LOC02_032,2021-07-02,LOC02,COMPOUND,27.399,88.524,95.0,78,18.6,74.22,13.63,44.58,96.96,0.601,85.0,0.0,IN_BANK_FLOW,3.3,0
REC_2021_LOC03_032,2021-07-02,LOC03,LANDSLIDE_ONLY,27.385,88.755,15.0,68,16.54,14.49,6.03,19.44,45.29,0.533,0.0,0.0,NO_RIVER_ZONE,0.0,0
REC_2021_LOC04_032,2021-07-02,LOC04,LANDSLIDE_ONLY,27.545,88.455,25.0,72,17.12,22.51,9.86,58.64,159.58,0.741,0.0,0.0,NO_RIVER_ZONE,0.0,0
REC_2021_LOC05_032,2021-07-02,LOC05,FLOOD_ONLY,27.2345,88.4972,180.0,86,21.03,22.1,1.82,7.51,19.25,0.407,75.0,0.0,IN_BANK_FLOW,3.0,0
REC_2021_LOC06_032,2021-07-02,LOC06,FLOOD_ONLY,27.1739,88.518,210.0,88,21.32,22.07,2.23,11.95,21.72,0.419,101.3,0.0,IN_BANK_FLOW,3.0,0
REC_2021_LOC01_033,2021-07-03,LOC01,COMPOUND,27.604,88.646,85.0,80,18.38,73.89,4.26,18.77,51.72,0.534,30.1,0.0,IN_BANK_FLOW,3.0,0
REC_2021_LOC02_033,2021-07-03,LOC02,COMPOUND,27.399,88.524,95.0,78,18.6,74.22,9.78,22.46,52.15,0.571,48.7,0.0,IN_BANK_FLOW,3.0,0
REC_2021_LOC03_033,2021-07-03,LOC03,LANDSLIDE_ONLY,27.385,88.755,15.0,68,16.54,14.49,5.78,21.15,55.16,0.536,0.0,0.0,NO_RIVER_ZONE,0.0,0
REC_2021_LOC04_033,2021-07-03,LOC04,LANDSLIDE_ONLY,27.545,88.455,25.0,72,17.12,22.51,2.86,7.2,15.18,0.394,0.0,0.0,NO_RIVER_ZONE,0.0,0
REC_2021_LOC05_033,2021-07-03,LOC05,FLOOD_ONLY,27.2345,88.4972,180.0,86,21.03,22.1,3.97,19.79,49.16,0.505,96.2,0.0,IN_BANK_FLOW,3.0,0
REC_2021_LOC06_033,2021-07-03,LOC06,FLOOD_ONLY,27.1739,88.518,210.0,88,21.32,22.07,6.57,20.93,39.31,0.485,134.7,0.0,IN_BANK_FLOW,3.1,0
REC_2021_LOC01_034,2021-07-04,LOC01,COMPOUND,27.604,88.646,85.0,80,18.38,73.89,4.57,12.52,30.44,0.445,28.0,0.0,IN_BANK_FLOW,3.0,0
REC_2021_LOC02_034,2021-07-04,LOC02,COMPOUND,27.399,88.524,95.0,78,18.6,74.22,4.49,19.35,32.8,0.465,46.5,0.0,IN_BANK_FLOW,3.0,0
REC_2021_LOC03_034,2021-07-04,LOC03,LANDSLIDE_ONLY,27.385,88.755,15.0,68,16.54,14.49,1.48,5.76,9.7,0.378,0.0,0.0,NO_RIVER_ZONE,0.0,0
REC_2021_LOC04_034,2021-07-04,LOC04,LANDSLIDE_ONLY,27.545,88.455,25.0,72,17.12,22.51,7.2,17.39,41.41,0.475,0.0,0.0,NO_RIVER_ZONE,0.0,0
REC_2021_LOC05_034,2021-07-04,LOC05,FLOOD_ONLY,27.2345,88.4972,180.0,86,21.03,22.1,40.13,115.12,261.25,0.98,725.0,0.2,BANKFULL_WARNING,52.1,0
REC_2021_LOC06_034,2021-07-04,LOC06,FLOOD_ONLY,27.1739,88.518,210.0,88,21.32,22.07,1.54,4.32,7.95,0.373,95.0,0.0,IN_BANK_FLOW,3.0,0
REC_2021_LOC01_035,2021-07-05,LOC01,COMPOUND,27.604,88.646,85.0,80,18.38,73.89,9.52,24.49,66.43,0.531,35.4,0.0,IN_BANK_FLOW,3.0,0
REC_2021_LOC02_035,2021-07-05,LOC02,COMPOUND,27.399,88.524,95.0,78,18.6,74.22,12.66,41.34,97.08,0.648,77.9,0.0,IN_BANK_FLOW,3.0,0
REC_2021_LOC03_035,2021-07-05,LOC03,LANDSLIDE_ONLY,27.385,88.755,15.0,68,16.54,14.49,12.37,34.12,56.07,0.519,0.0,0.0,NO_RIVER_ZONE,0.0,0
REC_2021_LOC04_035,2021-07-05,LOC04,LANDSLIDE_ONLY,27.545,88.455,25.0,72,17.12,22.51,19.57,61.91,121.75,0.739,0.0,0.0,NO_RIVER_ZONE,0.0,0
REC_2021_LOC05_035,2021-07-05,LOC05,FLOOD_ONLY,27.2345,88.4972,180.0,86,21.03,22.1,16.87,56.41,157.42,0.83,293.5,0.0,IN_BANK_FLOW,8.6,0
REC_2021_LOC06_035,2021-07-05,LOC06,FLOOD_ONLY,27.1739,88.518,210.0,88,21.32,22.07,4.44,10.73,28.35,0.463,98.7,0.0,IN_BANK_FLOW,3.0,0
REC_2021_LOC01_036,2021-07-06,LOC01,COMPOUND,27.604,88.646,85.0,80,18.38,73.89,1.53,4.27,8.61,0.386,28.0,0.0,IN_BANK_FLOW,3.0,0
REC_2021_LOC02_036,2021-07-06,LOC02,COMPOUND,27.399,88.524,95.0,78,18.6,74.22,18.94,44.37,96.93,0.719,84.5,0.0,IN_BANK_FLOW,3.2,0
REC_2021_LOC03_036,2021-07-06,LOC03,LANDSLIDE_ONLY,27.385,88.755,15.0,68,16.54,14.49,2.21,11.39,23.25,0.404,0.0,0.0,NO_RIVER_ZONE,0.0,0
REC_2021_LOC04_036,2021-07-06,LOC04,LANDSLIDE_ONLY,27.545,88.455,25.0,72,17.12,22.51,3.09,12.69,28.01,0.425,0.0,0.0,NO_RIVER_ZONE,0.0,0
REC_2021_LOC05_036,2021-07-06,LOC05,FLOOD_ONLY,27.2345,88.4972,180.0,86,21.03,22.1,7.47,21.65,38.59,0.477,102.6,0.0,IN_BANK_FLOW,3.0,0
REC_2021_LOC06_036,2021-07-06,LOC06,FLOOD_ONLY,27.1739,88.518,210.0,88,21.32,22.07,20.44,92.18,163.22,0.809,691.8,0.0,IN_BANK_FLOW,15.7,0
REC_2021_LOC01_037,2021-07-07,LOC01,COMPOUND,27.604,88.646,85.0,80,18.38,73.89,7.16,15.95,41.1,0.474,28.6,0.0,IN_BANK_FLOW,3.0,0
REC_2021_LOC02_037,2021-07-07,LOC02,COMPOUND,27.399,88.524,95.0,78,18.6,74.22,2.35,12.44,33.14,0.439,45.0,0.0,IN_BANK_FLOW,3.0,0
REC_2021_LOC03_037,2021-07-07,LOC03,LANDSLIDE_ONLY,27.385,88.755,15.0,68,16.54,14.49,14.57,39.37,99.34,0.603,0.0,0.0,NO_RIVER_ZONE,0.0,0
REC_2021_LOC04_037,2021-07-07,LOC04,LANDSLIDE_ONLY,27.545,88.455,25.0,72,17.12,22.51,2.55,6.74,11.89,0.387,0.0,0.0,NO_RIVER_ZONE,0.0,0
REC_2021_LOC05_037,2021-07-07,LOC05,FLOOD_ONLY,27.2345,88.4972,180.0,86,21.03,22.1,0.82,2.6,5.58,0.367,75.0,0.0,IN_BANK_FLOW,3.0,0
REC_2021_LOC06_037,2021-07-07,LOC06,FLOOD_ONLY,27.1739,88.518,210.0,88,21.32,22.07,8.77,29.95,61.43,0.545,185.5,0.0,IN_BANK_FLOW,4.2,0
REC_2021_LOC01_038,2021-07-08,LOC01,COMPOUND,27.604,88.646,85.0,80,18.38,73.89,7.34,26.1,49.74,0.501,37.3,0.0,IN_BANK_FLOW,3.0,0
REC_2021_LOC02_038,2021-07-08,LOC02,COMPOUND,27.399,88.524,95.0,78,18.6,74.22,7.9,22.71,60.73,0.561,48.9,0.0,IN_BANK_FLOW,3.0,0
REC_2021_LOC03_038,2021-07-08,LOC03,LANDSLIDE_ONLY,27.385,88.755,15.0,68,16.54,14.49,1.35,3.64,8.06,0.372,0.0,0.0,NO_RIVER_ZONE,0.0,0
REC_2021_LOC04_038,2021-07-08,LOC04,LANDSLIDE_ONLY,27.545,88.455,25.0,72,17.12,22.51,0.29,1.68,2.71,0.362,0.0,0.0,NO_RIVER_ZONE,0.0,0
REC_2021_LOC05_038,2021-07-08,LOC05,FLOOD_ONLY,27.2345,88.4972,180.0,86,21.03,22.1,3.69,9.64,23.07,0.407,75.4,0.0,IN_BANK_FLOW,3.0,0
REC_2021_LOC06_038,2021-07-08,LOC06,FLOOD_ONLY,27.1739,88.518,210.0,88,21.32,22.07,1.08,6.9,11.72,0.393,95.0,0.0,IN_BANK_FLOW,3.0,0
REC_2021_LOC01_039,2021-07-09,LOC01,COMPOUND,27.604,88.646,85.0,80,18.38,73.89,0.96,5.16,12.06,0.396,28.0,0.0,IN_BANK_FLOW,3.0,0
REC_2021_LOC02_039,2021-07-09,LOC02,COMPOUND,27.399,88.524,95.0,78,18.6,74.22,30.18,77.45,151.13,0.97,176.7,0.0,IN_BANK_FLOW,6.8,0
REC_2021_LOC03_039,2021-07-09,LOC03,LANDSLIDE_ONLY,27.385,88.755,15.0,68,16.54,14.49,12.98,37.41,65.61,0.603,0.0,0.0,NO_RIVER_ZONE,0.0,0
REC_2021_LOC04_039,2021-07-09,LOC04,LANDSLIDE_ONLY,27.545,88.455,25.0,72,17.12,22.51,3.57,12.67,29.59,0.448,0.0,0.0,NO_RIVER_ZONE,0.0,0
REC_2021_LOC05_039,2021-07-09,LOC05,FLOOD_ONLY,27.2345,88.4972,180.0,86,21.03,22.1,16.78,48.83,94.88,0.761,244.5,0.0,IN_BANK_FLOW,7.2,0
REC_2021_LOC06_039,2021-07-09,LOC06,FLOOD_ONLY,27.1739,88.518,210.0,88,21.32,22.07,9.08,31.51,82.25,0.667,195.5,0.0,IN_BANK_FLOW,4.4,0
REC_2021_LOC01_040,2021-07-10,LOC01,COMPOUND,27.604,88.646,85.0,80,18.38,73.89,40.36,93.59,154.59,0.77,208.6,0.0,IN_BANK_FLOW,12.4,0
REC_2021_LOC02_040,2021-07-10,LOC02,COMPOUND,27.399,88.524,95.0,78,18.6,74.22,1.62,5.38,14.04,0.399,45.0,0.0,IN_BANK_FLOW,3.0,0
REC_2021_LOC03_040,2021-07-10,LOC03,LANDSLIDE_ONLY,27.385,88.755,15.0,68,16.54,14.49,2.53,7.91,19.19,0.424,0.0,0.0,NO_RIVER_ZONE,0.0,0
REC_2021_LOC04_040,2021-07-10,LOC04,LANDSLIDE_ONLY,27.545,88.455,25.0,72,17.12,22.51,2.12,13.87,26.3,0.467,0.0,0.0,NO_RIVER_ZONE,0.0,0
REC_2021_LOC05_040,2021-07-10,LOC05,FLOOD_ONLY,27.2345,88.4972,180.0,86,21.03,22.1,7.62,36.06,81.72,0.653,169.2,0.0,IN_BANK_FLOW,5.0,0
REC_2021_LOC06_040,2021-07-10,LOC06,FLOOD_ONLY,27.1739,88.518,210.0,88,21.32,22.07,2.74,18.1,45.49,0.484,121.8,0.0,IN_BANK_FLOW,3.0,0
REC_2021_LOC01_041,2021-07-11,LOC01,COMPOUND,27.604,88.646,85.0,80,18.38,73.89,1.73,8.87,17.44,0.431,28.0,0.0,IN_BANK_FLOW,3.0,0
REC_2021_LOC02_041,2021-07-11,LOC02,COMPOUND,27.399,88.524,95.0,78,18.6,74.22,11.93,28.68,66.3,0.55,55.7,0.0,IN_BANK_FLOW,3.0,0
REC_2021_LOC03_041,2021-07-11,LOC03,LANDSLIDE_ONLY,27.385,88.755,15.0,68,16.54,14.49,6.3,35.41,81.65,0.63,0.0,0.0,NO_RIVER_ZONE,0.0,0
REC_2021_LOC04_041,2021-07-11,LOC04,LANDSLIDE_ONLY,27.545,88.455,25.0,72,17.12,22.51,5.88,18.47,42.93,0.518,0.0,0.0,NO_RIVER_ZONE,0.0,0
REC_2021_LOC05_041,2021-07-11,LOC05,FLOOD_ONLY,27.2345,88.4972,180.0,86,21.03,22.1,2.67,15.45,25.81,0.446,84.0,0.0,IN_BANK_FLOW,3.0,0
REC_2021_LOC06_041,2021-07-11,LOC06,FLOOD_ONLY,27.1739,88.518,210.0,88,21.32,22.07,2.53,13.0,25.92,0.421,103.9,0.0,IN_BANK_FLOW,3.0,0
REC_2021_LOC01_042,2021-07-12,LOC01,COMPOUND,27.604,88.646,85.0,80,18.38,73.89,61.69,143.48,340.2,0.98,378.8,0.2,BANKFULL_WARNING,53.0,0
REC_2021_LOC02_042,2021-07-12,LOC02,COMPOUND,27.399,88.524,95.0,78,18.6,74.22,4.75,11.82,24.36,0.436,45.0,0.0,IN_BANK_FLOW,3.0,0
REC_2021_LOC03_042,2021-07-12,LOC03,LANDSLIDE_ONLY,27.385,88.755,15.0,68,16.54,14.49,1.44,9.12,14.86,0.403,0.0,0.0,NO_RIVER_ZONE,0.0,0
REC_2021_LOC04_042,2021-07-12,LOC04,LANDSLIDE_ONLY,27.545,88.455,25.0,72,17.12,22.51,14.41,63.28,133.87,0.926,0.0,0.0,NO_RIVER_ZONE,0.0,0
REC_2021_LOC05_042,2021-07-12,LOC05,FLOOD_ONLY,27.2345,88.4972,180.0,86,21.03,22.1,4.05,13.73,24.17,0.429,80.4,0.0,IN_BANK_FLOW,3.0,0
REC_2021_LOC06_042,2021-07-12,LOC06,FLOOD_ONLY,27.1739,88.518,210.0,88,21.32,22.07,6.42,32.49,75.78,0.588,201.9,0.0,IN_BANK_FLOW,4.6,0
REC_2021_LOC01_043,2021-07-13,LOC01,COMPOUND,27.604,88.646,85.0,80,18.38,73.89,1.52,6.8,18.28,0.397,28.0,0.0,IN_BANK_FLOW,3.0,0
REC_2021_LOC02_043,2021-07-13,LOC02,COMPOUND,27.399,88.524,95.0,78,18.6,74.22,5.7,33.58,73.38,0.517,63.2,0.0,IN_BANK_FLOW,3.0,0
REC_2021_LOC03_043,2021-07-13,LOC03,LANDSLIDE_ONLY,27.385,88.755,15.0,68,16.54,14.49,4.01,9.56,15.55,0.419,0.0,0.0,NO_RIVER_ZONE,0.0,0
REC_2021_LOC04_043,2021-07-13,LOC04,LANDSLIDE_ONLY,27.545,88.455,25.0,72,17.12,22.51,0.33,1.2,2.29,0.36,0.0,0.0,NO_RIVER_ZONE,0.0,0
REC_2021_LOC05_043,2021-07-13,LOC05,FLOOD_ONLY,27.2345,88.4972,180.0,86,21.03,22.1,1.58,4.95,10.68,0.393,75.0,0.0,IN_BANK_FLOW,3.0,0
REC_2021_LOC06_043,2021-07-13,LOC06,FLOOD_ONLY,27.1739,88.518,210.0,88,21.32,22.07,13.56,42.59,94.89,0.66,273.1,0.0,IN_BANK_FLOW,6.2,0
REC_2021_LOC01_044,2021-07-14,LOC01,COMPOUND,27.604,88.646,85.0,80,18.38,73.89,3.07,17.57,37.77,0.456,29.4,0.0,IN_BANK_FLOW,3.0,0
REC_2021_LOC02_044,2021-07-14,LOC02,COMPOUND,27.399,88.524,95.0,78,18.6,74.22,4.11,11.89,26.81,0.425,45.0,0.0,IN_BANK_FLOW,3.0,0
REC_2021_LOC03_044,2021-07-14,LOC03,LANDSLIDE_ONLY,27.385,88.755,15.0,68,16.54,14.49,0.46,1.2,2.21,0.356,0.0,0.0,NO_RIVER_ZONE,0.0,0
REC_2021_LOC04_044,2021-07-14,LOC04,LANDSLIDE_ONLY,27.545,88.455,25.0,72,17.12,22.51,3.47,16.41,43.54,0.533,0.0,0.0,NO_RIVER_ZONE,0.0,0
REC_2021_LOC05_044,2021-07-14,LOC05,FLOOD_ONLY,27.2345,88.4972,180.0,86,21.03,22.1,35.89,94.06,153.56,0.814,563.4,0.0,IN_BANK_FLOW,16.6,0
REC_2021_LOC06_044,2021-07-14,LOC06,FLOOD_ONLY,27.1739,88.518,210.0,88,21.32,22.07,0.87,2.5,6.47,0.372,95.0,0.0,IN_BANK_FLOW,3.0,0
REC_2021_LOC01_045,2021-07-15,LOC01,COMPOUND,27.604,88.646,85.0,80,18.38,73.89,2.94,7.58,17.38,0.417,28.0,0.0,IN_BANK_FLOW,3.0,0
REC_2021_LOC02_045,2021-07-15,LOC02,COMPOUND,27.399,88.524,95.0,78,18.6,74.22,3.37,17.06,41.54,0.485,45.4,0.0,IN_BANK_FLOW,3.0,0
REC_2021_LOC03_045,2021-07-15,LOC03,LANDSLIDE_ONLY,27.385,88.755,15.0,68,16.54,14.49,1.91,4.56,10.88,0.38,0.0,0.0,NO_RIVER_ZONE,0.0,0
REC_2021_LOC04_045,2021-07-15,LOC04,LANDSLIDE_ONLY,27.545,88.455,25.0,72,17.12,22.51,18.75,47.95,105.79,0.738,0.0,0.0,NO_RIVER_ZONE,0.0,0
REC_2021_LOC05_045,2021-07-15,LOC05,FLOOD_ONLY,27.2345,88.4972,180.0,86,21.03,22.1,13.32,47.86,85.89,0.606,238.4,0.0,IN_BANK_FLOW,7.0,0
REC_2021_LOC06_045,2021-07-15,LOC06,FLOOD_ONLY,27.1739,88.518,210.0,88,21.32,22.07,0.68,1.85,3.38,0.365,95.0,0.0,IN_BANK_FLOW,3.0,0
REC_2021_LOC01_046,2021-07-16,LOC01,COMPOUND,27.604,88.646,85.0,80,18.38,73.89,5.66,14.27,30.7,0.446,28.2,0.0,IN_BANK_FLOW,3.0,0
REC_2021_LOC02_046,2021-07-16,LOC02,COMPOUND,27.399,88.524,95.0,78,18.6,74.22,1.56,4.28,11.09,0.377,45.0,0.0,IN_BANK_FLOW,3.0,0
REC_2021_LOC03_046,2021-07-16,LOC03,LANDSLIDE_ONLY,27.385,88.755,15.0,68,16.54,14.49,5.02,13.41,31.93,0.45,0.0,0.0,NO_RIVER_ZONE,0.0,0
REC_2021_LOC04_046,2021-07-16,LOC04,LANDSLIDE_ONLY,27.545,88.455,25.0,72,17.12,22.51,29.48,86.65,151.77,0.868,0.0,0.0,NO_RIVER_ZONE,0.0,0
REC_2021_LOC05_046,2021-07-16,LOC05,FLOOD_ONLY,27.2345,88.4972,180.0,86,21.03,22.1,1.75,4.31,8.07,0.378,75.0,0.0,IN_BANK_FLOW,3.0,0
REC_2021_LOC06_046,2021-07-16,LOC06,FLOOD_ONLY,27.1739,88.518,210.0,88,21.32,22.07,1.74,8.16,13.38,0.397,95.4,0.0,IN_BANK_FLOW,3.0,0
REC_2021_LOC01_047,2021-07-17,LOC01,COMPOUND,27.604,88.646,85.0,80,18.38,73.89,12.16,34.79,66.53,0.626,50.7,0.0,IN_BANK_FLOW,3.0,0
REC_2021_LOC02_047,2021-07-17,LOC02,COMPOUND,27.399,88.524,95.0,78,18.6,74.22,3.82,13.27,35.0,0.456,45.0,0.0,IN_BANK_FLOW,3.0,0
REC_2021_LOC03_047,2021-07-17,LOC03,LANDSLIDE_ONLY,27.385,88.755,15.0,68,16.54,14.49,12.84,30.17,58.41,0.552,0.0,0.0,NO_RIVER_ZONE,0.0,0
REC_2021_LOC04_047,2021-07-17,LOC04,LANDSLIDE_ONLY,27.545,88.455,25.0,72,17.12,22.51,5.69,36.61,100.87,0.661,0.0,0.0,NO_RIVER_ZONE,0.0,0
REC_2021_LOC05_047,2021-07-17,LOC05,FLOOD_ONLY,27.2345,88.4972,180.0,86,21.03,22.1,8.49,46.18,112.88,0.652,228.0,0.0,IN_BANK_FLOW,6.7,0
REC_2021_LOC06_047,2021-07-17,LOC06,FLOOD_ONLY,27.1739,88.518,210.0,88,21.32,22.07,2.65,8.03,15.71,0.405,95.3,0.0,IN_BANK_FLOW,3.0,0
REC_2021_LOC01_048,2021-07-18,LOC01,COMPOUND,27.604,88.646,85.0,80,18.38,73.89,10.26,49.92,84.6,0.654,82.8,0.0,IN_BANK_FLOW,4.9,0
REC_2021_LOC02_048,2021-07-18,LOC02,COMPOUND,27.399,88.524,95.0,78,18.6,74.22,49.1,120.73,268.71,0.98,328.2,0.0,IN_BANK_FLOW,12.6,0
REC_2021_LOC03_048,2021-07-18,LOC03,LANDSLIDE_ONLY,27.385,88.755,15.0,68,16.54,14.49,0.93,2.21,5.31,0.372,0.0,0.0,NO_RIVER_ZONE,0.0,0
REC_2021_LOC04_048,2021-07-18,LOC04,LANDSLIDE_ONLY,27.545,88.455,25.0,72,17.12,22.51,3.09,12.61,26.75,0.451,0.0,0.0,NO_RIVER_ZONE,0.0,0
REC_2021_LOC05_048,2021-07-18,LOC05,FLOOD_ONLY,27.2345,88.4972,180.0,86,21.03,22.1,7.1,20.93,48.35,0.499,100.0,0.0,IN_BANK_FLOW,3.0,0
REC_2021_LOC06_048,2021-07-18,LOC06,FLOOD_ONLY,27.1739,88.518,210.0,88,21.32,22.07,5.18,14.98,41.05,0.498,110.0,0.0,IN_BANK_FLOW,3.0,0
REC_2021_LOC01_049,2021-07-19,LOC01,COMPOUND,27.604,88.646,85.0,80,18.38,73.89,1.7,6.58,14.26,0.384,28.0,0.0,IN_BANK_FLOW,3.0,0
REC_2021_LOC02_049,2021-07-19,LOC02,COMPOUND,27.399,88.524,95.0,78,18.6,74.22,1.63,4.89,9.47,0.379,45.0,0.0,IN_BANK_FLOW,3.0,0
REC_2021_LOC03_049,2021-07-19,LOC03,LANDSLIDE_ONLY,27.385,88.755,15.0,68,16.54,14.49,11.69,36.34,80.5,0.64,0.0,0.0,NO_RIVER_ZONE,0.0,0
REC_2021_LOC04_049,2021-07-19,LOC04,LANDSLIDE_ONLY,27.545,88.455,25.0,72,17.12,22.51,3.96,21.5,43.31,0.519,0.0,0.0,NO_RIVER_ZONE,0.0,0
REC_2021_LOC05_049,2021-07-19,LOC05,FLOOD_ONLY,27.2345,88.4972,180.0,86,21.03,22.1,20.95,110.57,213.36,0.98,689.7,0.2,BANKFULL_WARNING,51.2,0
REC_2021_LOC06_049,2021-07-19,LOC06,FLOOD_ONLY,27.1739,88.518,210.0,88,21.32,22.07,5.09,20.97,54.28,0.58,134.9,0.0,IN_BANK_FLOW,3.1,0
REC_2021_LOC01_050,2021-07-20,LOC01,COMPOUND,27.604,88.646,85.0,80,18.38,73.89,1.12,6.67,15.5,0.394,28.0,0.0,IN_BANK_FLOW,3.0,0
REC_2021_LOC02_050,2021-07-20,LOC02,COMPOUND,27.399,88.524,95.0,78,18.6,74.22,1.92,10.32,21.7,0.414,45.0,0.0,IN_BANK_FLOW,3.0,0
REC_2021_LOC03_050,2021-07-20,LOC03,LANDSLIDE_ONLY,27.385,88.755,15.0,68,16.54,14.49,22.32,63.67,153.73,0.841,0.0,0.0,NO_RIVER_ZONE,0.0,0
REC_2021_LOC04_050,2021-07-20,LOC04,LANDSLIDE_ONLY,27.545,88.455,25.0,72,17.12,22.51,17.02,46.35,80.87,0.61,0.0,0.0,NO_RIVER_ZONE,0.0,0
REC_2021_LOC05_050,2021-07-20,LOC05,FLOOD_ONLY,27.2345,88.4972,180.0,86,21.03,22.1,0.07,0.26,0.51,0.352,75.0,0.0,IN_BANK_FLOW,3.0,0
REC_2021_LOC06_050,2021-07-20,LOC06,FLOOD_ONLY,27.1739,88.518,210.0,88,21.32,22.07,3.47,9.42,22.45,0.438,96.6,0.0,IN_BANK_FLOW,3.0,0
REC_2021_LOC01_051,2021-07-21,LOC01,COMPOUND,27.604,88.646,85.0,80,18.38,73.89,3.17,8.19,17.49,0.423,28.0,0.0,IN_BANK_FLOW,3.0,0
REC_2021_LOC02_051,2021-07-21,LOC02,COMPOUND,27.399,88.524,95.0,78,18.6,74.22,5.11,19.55,45.38,0.521,46.6,0.0,IN_BANK_FLOW,3.0,0
REC_2021_LOC03_051,2021-07-21,LOC03,LANDSLIDE_ONLY,27.385,88.755,15.0,68,16.54,14.49,2.43,12.61,33.64,0.435,0.0,0.0,NO_RIVER_ZONE,0.0,0
REC_2021_LOC04_051,2021-07-21,LOC04,LANDSLIDE_ONLY,27.545,88.455,25.0,72,17.12,22.51,5.72,22.69,38.26,0.471,0.0,0.0,NO_RIVER_ZONE,0.0,0
REC_2021_LOC05_051,2021-07-21,LOC05,FLOOD_ONLY,27.2345,88.4972,180.0,86,21.03,22.1,2.19,10.16,28.3,0.445,75.7,0.0,IN_BANK_FLOW,3.0,0
REC_2021_LOC06_051,2021-07-21,LOC06,FLOOD_ONLY,27.1739,88.518,210.0,88,21.32,22.07,6.93,15.77,32.5,0.425,112.7,0.0,IN_BANK_FLOW,3.0,0
REC_2021_LOC01_052,2021-07-22,LOC01,COMPOUND,27.604,88.646,85.0,80,18.38,73.89,3.21,7.65,13.31,0.399,28.0,0.0,IN_BANK_FLOW,3.0,0
REC_2021_LOC02_052,2021-07-22,LOC02,COMPOUND,27.399,88.524,95.0,78,18.6,74.22,17.48,39.26,76.4,0.634,73.7,0.0,IN_BANK_FLOW,3.0,0
REC_2021_LOC03_052,2021-07-22,LOC03,LANDSLIDE_ONLY,27.385,88.755,15.0,68,16.54,14.49,3.43,17.46,39.54,0.496,0.0,0.0,NO_RIVER_ZONE,0.0,0
REC_2021_LOC04_052,2021-07-22,LOC04,LANDSLIDE_ONLY,27.545,88.455,25.0,72,17.12,22.51,1.84,8.06,14.78,0.391,0.0,0.0,NO_RIVER_ZONE,0.0,0
REC_2021_LOC05_052,2021-07-22,LOC05,FLOOD_ONLY,27.2345,88.4972,180.0,86,21.03,22.1,3.73,19.46,41.51,0.493,95.1,0.0,IN_BANK_FLOW,3.0,0
REC_2021_LOC06_052,2021-07-22,LOC06,FLOOD_ONLY,27.1739,88.518,210.0,88,21.32,22.07,4.57,21.71,45.03,0.476,138.5,0.0,IN_BANK_FLOW,3.1,0
REC_2021_LOC01_053,2021-07-23,LOC01,COMPOUND,27.604,88.646,85.0,80,18.38,73.89,7.02,17.07,29.99,0.446,29.1,0.0,IN_BANK_FLOW,3.0,0
REC_2021_LOC02_053,2021-07-23,LOC02,COMPOUND,27.399,88.524,95.0,78,18.6,74.22,20.34,46.96,83.52,0.692,90.5,0.0,IN_BANK_FLOW,3.5,0
REC_2021_LOC03_053,2021-07-23,LOC03,LANDSLIDE_ONLY,27.385,88.755,15.0,68,16.54,14.49,5.23,19.9,38.66,0.481,0.0,0.0,NO_RIVER_ZONE,0.0,0
REC_2021_LOC04_053,2021-07-23,LOC04,LANDSLIDE_ONLY,27.545,88.455,25.0,72,17.12,22.51,4.91,15.19,40.08,0.492,0.0,0.0,NO_RIVER_ZONE,0.0,0
REC_2021_LOC05_053,2021-07-23,LOC05,FLOOD_ONLY,27.2345,88.4972,180.0,86,21.03,22.1,8.34,19.09,35.14,0.47,93.9,0.0,IN_BANK_FLOW,3.0,0
REC_2021_LOC06_053,2021-07-23,LOC06,FLOOD_ONLY,27.1739,88.518,210.0,88,21.32,22.07,9.44,22.07,35.82,0.486,140.3,0.0,IN_BANK_FLOW,3.2,0
REC_2021_LOC01_054,2021-07-24,LOC01,COMPOUND,27.604,88.646,85.0,80,18.38,73.89,2.05,7.97,20.45,0.402,28.0,0.0,IN_BANK_FLOW,3.0,0
REC_2021_LOC02_054,2021-07-24,LOC02,COMPOUND,27.399,88.524,95.0,78,18.6,74.22,0.12,0.32,0.83,0.352,45.0,0.0,IN_BANK_FLOW,3.0,0
REC_2021_LOC03_054,2021-07-24,LOC03,LANDSLIDE_ONLY,27.385,88.755,15.0,68,16.54,14.49,9.14,24.07,62.95,0.519,0.0,0.0,NO_RIVER_ZONE,0.0,0
REC_2021_LOC04_054,2021-07-24,LOC04,LANDSLIDE_ONLY,27.545,88.455,25.0,72,17.12,22.51,3.19,11.73,19.7,0.406,0.0,0.0,NO_RIVER_ZONE,0.0,0
REC_2021_LOC05_054,2021-07-24,LOC05,FLOOD_ONLY,27.2345,88.4972,180.0,86,21.03,22.1,0.54,1.79,4.57,0.362,75.0,0.0,IN_BANK_FLOW,3.0,0
REC_2021_LOC06_054,2021-07-24,LOC06,FLOOD_ONLY,27.1739,88.518,210.0,88,21.32,22.07,1.39,5.92,15.18,0.403,95.0,0.0,IN_BANK_FLOW,3.0,0
REC_2021_LOC01_055,2021-07-25,LOC01,COMPOUND,27.604,88.646,85.0,80,18.38,73.89,1.96,5.74,15.93,0.398,28.0,0.0,IN_BANK_FLOW,3.0,0
REC_2021_LOC02_055,2021-07-25,LOC02,COMPOUND,27.399,88.524,95.0,78,18.6,74.22,14.8,49.17,105.19,0.728,95.8,0.0,IN_BANK_FLOW,3.7,0
REC_2021_LOC03_055,2021-07-25,LOC03,LANDSLIDE_ONLY,27.385,88.755,15.0,68,16.54,14.49,2.26,6.2,16.04,0.408,0.0,0.0,NO_RIVER_ZONE,0.0,0
REC_2021_LOC04_055,2021-07-25,LOC04,LANDSLIDE_ONLY,27.545,88.455,25.0,72,17.12,22.51,7.74,33.45,73.46,0.539,0.0,0.0,NO_RIVER_ZONE,0.0,0
REC_2021_LOC05_055,2021-07-25,LOC05,FLOOD_ONLY,27.2345,88.4972,180.0,86,21.03,22.1,7.59,30.93,49.49,0.495,142.7,0.0,IN_BANK_FLOW,4.2,0
REC_2021_LOC06_055,2021-07-25,LOC06,FLOOD_ONLY,27.1739,88.518,210.0,88,21.32,22.07,6.19,40.96,77.67,0.614,261.0,0.0,IN_BANK_FLOW,5.9,0
REC_2021_LOC01_056,2021-07-26,LOC01,COMPOUND,27.604,88.646,85.0,80,18.38,73.89,10.11,41.43,105.51,0.721,63.7,0.0,IN_BANK_FLOW,3.8,0
REC_2021_LOC02_056,2021-07-26,LOC02,COMPOUND,27.399,88.524,95.0,78,18.6,74.22,13.17,74.51,180.64,0.901,167.4,0.0,IN_BANK_FLOW,6.4,0
REC_2021_LOC03_056,2021-07-26,LOC03,LANDSLIDE_ONLY,27.385,88.755,15.0,68,16.54,14.49,0.02,0.1,0.25,0.351,0.0,0.0,NO_RIVER_ZONE,0.0,0
REC_2021_LOC04_056,2021-07-26,LOC04,LANDSLIDE_ONLY,27.545,88.455,25.0,72,17.12,22.51,0.96,2.49,5.91,0.365,0.0,0.0,NO_RIVER_ZONE,0.0,0
REC_2021_LOC05_056,2021-07-26,LOC05,FLOOD_ONLY,27.2345,88.4972,180.0,86,21.03,22.1,3.65,12.7,23.5,0.423,78.6,0.0,IN_BANK_FLOW,3.0,0
REC_2021_LOC06_056,2021-07-26,LOC06,FLOOD_ONLY,27.1739,88.518,210.0,88,21.32,22.07,15.67,38.68,71.73,0.606,244.5,0.0,IN_BANK_FLOW,5.6,0
REC_2021_LOC01_057,2021-07-27,LOC01,COMPOUND,27.604,88.646,85.0,80,18.38,73.89,5.0,20.96,36.97,0.498,31.8,0.0,IN_BANK_FLOW,3.0,0
REC_2021_LOC02_057,2021-07-27,LOC02,COMPOUND,27.399,88.524,95.0,78,18.6,74.22,4.1,11.26,20.71,0.423,45.0,0.0,IN_BANK_FLOW,3.0,0
REC_2021_LOC03_057,2021-07-27,LOC03,LANDSLIDE_ONLY,27.385,88.755,15.0,68,16.54,14.49,0.81,2.65,5.09,0.365,0.0,0.0,NO_RIVER_ZONE,0.0,0
REC_2021_LOC04_057,2021-07-27,LOC04,LANDSLIDE_ONLY,27.545,88.455,25.0,72,17.12,22.51,0.08,0.44,0.92,0.353,0.0,0.0,NO_RIVER_ZONE,0.0,0
REC_2021_LOC05_057,2021-07-27,LOC05,FLOOD_ONLY,27.2345,88.4972,180.0,86,21.03,22.1,0.06,0.22,0.61,0.352,75.0,0.0,IN_BANK_FLOW,3.0,0
REC_2021_LOC06_057,2021-07-27,LOC06,FLOOD_ONLY,27.1739,88.518,210.0,88,21.32,22.07,7.31,16.5,28.89,0.444,115.4,0.0,IN_BANK_FLOW,3.0,0
REC_2021_LOC01_058,2021-07-28,LOC01,COMPOUND,27.604,88.646,85.0,80,18.38,73.89,0.1,0.4,1.01,0.353,28.0,0.0,IN_BANK_FLOW,3.0,0
REC_2021_LOC02_058,2021-07-28,LOC02,COMPOUND,27.399,88.524,95.0,78,18.6,74.22,33.11,81.92,133.39,0.947,191.1,0.0,IN_BANK_FLOW,7.3,0
REC_2021_LOC03_058,2021-07-28,LOC03,LANDSLIDE_ONLY,27.385,88.755,15.0,68,16.54,14.49,2.74,11.37,19.09,0.405,0.0,0.0,NO_RIVER_ZONE,0.0,0
REC_2021_LOC04_058,2021-07-28,LOC04,LANDSLIDE_ONLY,27.545,88.455,25.0,72,17.12,22.51,2.41,14.38,39.54,0.513,0.0,0.0,NO_RIVER_ZONE,0.0,0
REC_2021_LOC05_058,2021-07-28,LOC05,FLOOD_ONLY,27.2345,88.4972,180.0,86,21.03,22.1,12.73,73.71,150.28,0.75,413.4,0.0,IN_BANK_FLOW,12.2,0
REC_2021_LOC06_058,2021-07-28,LOC06,FLOOD_ONLY,27.1739,88.518,210.0,88,21.32,22.07,3.75,19.34,49.77,0.507,127.2,0.0,IN_BANK_FLOW,3.0,0
REC_2021_LOC01_059,2021-07-29,LOC01,COMPOUND,27.604,88.646,85.0,80,18.38,73.89,13.25,55.88,120.92,0.844,97.6,0.0,IN_BANK_FLOW,5.8,0
REC_2021_LOC02_059,2021-07-29,LOC02,COMPOUND,27.399,88.524,95.0,78,18.6,74.22,21.92,70.97,134.15,0.842,156.4,0.0,IN_BANK_FLOW,6.0,0
REC_2021_LOC03_059,2021-07-29,LOC03,LANDSLIDE_ONLY,27.385,88.755,15.0,68,16.54,14.49,10.61,36.85,83.13,0.563,0.0,0.0,NO_RIVER_ZONE,0.0,0
REC_2021_LOC04_059,2021-07-29,LOC04,LANDSLIDE_ONLY,27.545,88.455,25.0,72,17.12,22.51,0.87,5.26,13.74,0.408,0.0,0.0,NO_RIVER_ZONE,0.0,0
REC_2021_LOC05_059,2021-07-29,LOC05,FLOOD_ONLY,27.2345,88.4972,180.0,86,21.03,22.1,15.15,72.46,198.66,0.98,404.4,0.0,IN_BANK_FLOW,11.9,0
REC_2021_LOC06_059,2021-07-29,LOC06,FLOOD_ONLY,27.1739,88.518,210.0,88,21.32,22.07,4.22,12.87,21.72,0.445,103.6,0.0,IN_BANK_FLOW,3.0,0
REC_2021_LOC01_060,2021-07-30,LOC01,COMPOUND,27.604,88.646,85.0,80,18.38,73.89,6.3,31.72,68.9,0.567,45.5,0.0,IN_BANK_FLOW,3.0,0
REC_2021_LOC02_060,2021-07-30,LOC02,COMPOUND,27.399,88.524,95.0,78,18.6,74.22,1.27,3.98,10.05,0.375,45.0,0.0,IN_BANK_FLOW,3.0,0
REC_2021_LOC03_060,2021-07-30,LOC03,LANDSLIDE_ONLY,27.385,88.755,15.0,68,16.54,14.49,3.51,8.69,21.5,0.407,0.0,0.0,NO_RIVER_ZONE,0.0,0
REC_2021_LOC04_060,2021-07-30,LOC04,LANDSLIDE_ONLY,27.545,88.455,25.0,72,17.12,22.51,4.51,24.33,47.36,0.532,0.0,0.0,NO_RIVER_ZONE,0.0,0
REC_2021_LOC05_060,2021-07-30,LOC05,FLOOD_ONLY,27.2345,88.4972,180.0,86,21.03,22.1,4.2,11.16,30.16,0.464,76.6,0.0,IN_BANK_FLOW,3.0,0
REC_2021_LOC06_060,2021-07-30,LOC06,FLOOD_ONLY,27.1739,88.518,210.0,88,21.32,22.07,4.79,18.6,44.42,0.463,124.0,0.0,IN_BANK_FLOW,3.0,0
REC_2021_LOC01_061,2021-07-31,LOC01,COMPOUND,27.604,88.646,85.0,80,18.38,73.89,0.9,5.59,9.19,0.383,28.0,0.0,IN_BANK_FLOW,3.0,0
REC_2021_LOC02_061,2021-07-31,LOC02,COMPOUND,27.399,88.524,95.0,78,18.6,74.22,5.93,19.44,48.8,0.485,46.5,0.0,IN_BANK_FLOW,3.0,0
REC_2021_LOC03_061,2021-07-31,LOC03,LANDSLIDE_ONLY,27.385,88.755,15.0,68,16.54,14.49,9.94,33.95,74.59,0.579,0.0,0.0,NO_RIVER_ZONE,0.0,0
REC_2021_LOC04_061,2021-07-31,LOC04,LANDSLIDE_ONLY,27.545,88.455,25.0,72,17.12,22.51,9.18,43.26,72.91,0.608,0.0,0.0,NO_RIVER_ZONE,0.0,0
REC_2021_LOC05_061,2021-07-31,LOC05,FLOOD_ONLY,27.2345,88.4972,180.0,86,21.03,22.1,14.95,37.3,74.55,0.648,176.0,0.0,IN_BANK_FLOW,5.2,0
REC_2021_LOC06_061,2021-07-31,LOC06,FLOOD_ONLY,27.1739,88.518,210.0,88,21.32,22.07,2.0,12.4,21.74,0.415,102.4,0.0,IN_BANK_FLOW,3.0,0
REC_2021_LOC01_062,2021-08-01,LOC01,COMPOUND,27.604,88.646,85.0,80,18.38,73.89,17.64,80.97,159.11,0.797,168.9,0.0,IN_BANK_FLOW,10.1,0
REC_2021_LOC02_062,2021-08-01,LOC02,COMPOUND,27.399,88.524,95.0,78,18.6,74.22,11.7,42.26,82.98,0.637,79.9,0.0,IN_BANK_FLOW,3.1,0
REC_2021_LOC03_062,2021-08-01,LOC03,LANDSLIDE_ONLY,27.385,88.755,15.0,68,16.54,14.49,4.37,10.38,26.66,0.461,0.0,0.0,NO_RIVER_ZONE,0.0,0
REC_2021_LOC04_062,2021-08-01,LOC04,LANDSLIDE_ONLY,27.545,88.455,25.0,72,17.12,22.51,4.2,24.23,54.6,0.513,0.0,0.0,NO_RIVER_ZONE,0.0,0
REC_2021_LOC05_062,2021-08-01,LOC05,FLOOD_ONLY,27.2345,88.4972,180.0,86,21.03,22.1,11.08,68.12,130.68,0.77,373.7,0.0,IN_BANK_FLOW,11.0,0
REC_2021_LOC06_062,2021-08-01,LOC06,FLOOD_ONLY,27.1739,88.518,210.0,88,21.32,22.07,4.89,16.16,33.02,0.495,114.1,0.0,IN_BANK_FLOW,3.0,0
REC_2021_LOC01_063,2021-08-02,LOC01,COMPOUND,27.604,88.646,85.0,80,18.38,73.89,20.38,56.86,140.72,0.806,100.2,0.0,IN_BANK_FLOW,6.0,0
REC_2021_LOC02_063,2021-08-02,LOC02,COMPOUND,27.399,88.524,95.0,78,18.6,74.22,2.38,9.49,26.33,0.452,45.0,0.0,IN_BANK_FLOW,3.0,0
REC_2021_LOC03_063,2021-08-02,LOC03,LANDSLIDE_ONLY,27.385,88.755,15.0,68,16.54,14.49,19.68,65.84,135.41,0.798,0.0,0.0,NO_RIVER_ZONE,0.0,0
REC_2021_LOC04_063,2021-08-02,LOC04,LANDSLIDE_ONLY,27.545,88.455,25.0,72,17.12,22.51,0.23,0.57,0.92,0.354,0.0,0.0,NO_RIVER_ZONE,0.0,0
REC_2021_LOC05_063,2021-08-02,LOC05,FLOOD_ONLY,27.2345,88.4972,180.0,86,21.03,22.1,10.8,27.34,61.67,0.537,125.8,0.0,IN_BANK_FLOW,3.7,0
REC_2021_LOC06_063,2021-08-02,LOC06,FLOOD_ONLY,27.1739,88.518,210.0,88,21.32,22.07,1.72,4.42,10.0,0.377,95.0,0.0,IN_BANK_FLOW,3.0,0
REC_2021_LOC01_064,2021-08-03,LOC01,COMPOUND,27.604,88.646,85.0,80,18.38,73.89,3.16,7.67,18.46,0.408,28.0,0.0,IN_BANK_FLOW,3.0,0
REC_2021_LOC02_064,2021-08-03,LOC02,COMPOUND,27.399,88.524,95.0,78,18.6,74.22,16.9,40.07,64.7,0.549,75.3,0.0,IN_BANK_FLOW,3.0,0
REC_2021_LOC03_064,2021-08-03,LOC03,LANDSLIDE_ONLY,27.385,88.755,15.0,68,16.54,14.49,2.1,8.21,19.26,0.415,0.0,0.0,NO_RIVER_ZONE,0.0,0
REC_2021_LOC04_064,2021-08-03,LOC04,LANDSLIDE_ONLY,27.545,88.455,25.0,72,17.12,22.51,8.09,34.3,72.69,0.588,0.0,0.0,NO_RIVER_ZONE,0.0,0
REC_2021_LOC05_064,2021-08-03,LOC05,FLOOD_ONLY,27.2345,88.4972,180.0,86,21.03,22.1,22.18,64.75,155.77,0.805,350.1,0.0,IN_BANK_FLOW,10.3,0
REC_2021_LOC06_064,2021-08-03,LOC06,FLOOD_ONLY,27.1739,88.518,210.0,88,21.32,22.07,1.7,7.29,15.44,0.398,95.0,0.0,IN_BANK_FLOW,3.0,0
REC_2021_LOC01_065,2021-08-04,LOC01,COMPOUND,27.604,88.646,85.0,80,18.38,73.89,10.84,29.99,63.2,0.541,42.7,0.0,IN_BANK_FLOW,3.0,0
REC_2021_LOC02_065,2021-08-04,LOC02,COMPOUND,27.399,88.524,95.0,78,18.6,74.22,3.41,14.78,28.75,0.473,45.0,0.0,IN_BANK_FLOW,3.0,0
REC_2021_LOC03_065,2021-08-04,LOC03,LANDSLIDE_ONLY,27.385,88.755,15.0,68,16.54,14.49,0.77,1.76,3.44,0.36,0.0,0.0,NO_RIVER_ZONE,0.0,0
REC_2021_LOC04_065,2021-08-04,LOC04,LANDSLIDE_ONLY,27.545,88.455,25.0,72,17.12,22.51,1.08,6.97,19.22,0.409,0.0,0.0,NO_RIVER_ZONE,0.0,0
REC_2021_LOC05_065,2021-08-04,LOC05,FLOOD_ONLY,27.2345,88.4972,180.0,86,21.03,22.1,1.95,8.41,19.49,0.436,75.0,0.0,IN_BANK_FLOW,3.0,0
REC_2021_LOC06_065,2021-08-04,LOC06,FLOOD_ONLY,27.1739,88.518,210.0,88,21.32,22.07,1.65,5.07,12.38,0.391,95.0,0.0,IN_BANK_FLOW,3.0,0
REC_2021_LOC01_066,2021-08-05,LOC01,COMPOUND,27.604,88.646,85.0,80,18.38,73.89,5.86,13.4,27.86,0.439,28.0,0.0,IN_BANK_FLOW,3.0,0
REC_2021_LOC02_066,2021-08-05,LOC02,COMPOUND,27.399,88.524,95.0,78,18.6,74.22,13.12,30.91,65.55,0.544,58.9,0.0,IN_BANK_FLOW,3.0,0
REC_2021_LOC03_066,2021-08-05,LOC03,LANDSLIDE_ONLY,27.385,88.755,15.0,68,16.54,14.49,5.06,22.74,55.87,0.484,0.0,0.0,NO_RIVER_ZONE,0.0,0
REC_2021_LOC04_066,2021-08-05,LOC04,LANDSLIDE_ONLY,27.545,88.455,25.0,72,17.12,22.51,0.07,0.31,0.58,0.352,0.0,0.0,NO_RIVER_ZONE,0.0,0
REC_2021_LOC05_066,2021-08-05,LOC05,FLOOD_ONLY,27.2345,88.4972,180.0,86,21.03,22.1,9.81,29.56,71.16,0.583,136.1,0.0,IN_BANK_FLOW,4.0,0
REC_2021_LOC06_066,2021-08-05,LOC06,FLOOD_ONLY,27.1739,88.518,210.0,88,21.32,22.07,18.94,60.45,111.25,0.787,414.9,0.0,IN_BANK_FLOW,9.4,0
REC_2021_LOC01_067,2021-08-06,LOC01,COMPOUND,27.604,88.646,85.0,80,18.38,73.89,4.43,10.39,23.91,0.421,28.0,0.0,IN_BANK_FLOW,3.0,0
REC_2021_LOC02_067,2021-08-06,LOC02,COMPOUND,27.399,88.524,95.0,78,18.6,74.22,9.5,24.6,52.77,0.512,50.7,0.0,IN_BANK_FLOW,3.0,0
REC_2021_LOC03_067,2021-08-06,LOC03,LANDSLIDE_ONLY,27.385,88.755,15.0,68,16.54,14.49,4.51,13.09,35.65,0.458,0.0,0.0,NO_RIVER_ZONE,0.0,0
REC_2021_LOC04_067,2021-08-06,LOC04,LANDSLIDE_ONLY,27.545,88.455,25.0,72,17.12,22.51,0.12,0.5,1.1,0.353,0.0,0.0,NO_RIVER_ZONE,0.0,0
REC_2021_LOC05_067,2021-08-06,LOC05,FLOOD_ONLY,27.2345,88.4972,180.0,86,21.03,22.1,5.44,23.85,42.72,0.459,111.0,0.0,IN_BANK_FLOW,3.3,0
REC_2021_LOC06_067,2021-08-06,LOC06,FLOOD_ONLY,27.1739,88.518,210.0,88,21.32,22.07,13.4,37.69,65.3,0.547,237.4,0.0,IN_BANK_FLOW,5.4,0
REC_2021_LOC01_068,2021-08-07,LOC01,COMPOUND,27.604,88.646,85.0,80,18.38,73.89,2.53,9.89,25.66,0.432,28.0,0.0,IN_BANK_FLOW,3.0,0
REC_2021_LOC02_068,2021-08-07,LOC02,COMPOUND,27.399,88.524,95.0,78,18.6,74.22,6.82,15.78,41.84,0.458,45.1,0.0,IN_BANK_FLOW,3.0,0
REC_2021_LOC03_068,2021-08-07,LOC03,LANDSLIDE_ONLY,27.385,88.755,15.0,68,16.54,14.49,1.97,4.83,11.65,0.399,0.0,0.0,NO_RIVER_ZONE,0.0,0
REC_2021_LOC04_068,2021-08-07,LOC04,LANDSLIDE_ONLY,27.545,88.455,25.0,72,17.12,22.51,4.18,21.12,50.86,0.508,0.0,0.0,NO_RIVER_ZONE,0.0,0
REC_2021_LOC05_068,2021-08-07,LOC05,FLOOD_ONLY,27.2345,88.4972,180.0,86,21.03,22.1,0.61,4.05,9.97,0.385,75.0,0.0,IN_BANK_FLOW,3.0,0
REC_2021_LOC06_068,2021-08-07,LOC06,FLOOD_ONLY,27.1739,88.518,210.0,88,21.32,22.07,0.54,2.49,5.54,0.367,95.0,0.0,IN_BANK_FLOW,3.0,0
REC_2021_LOC01_069,2021-08-08,LOC01,COMPOUND,27.604,88.646,85.0,80,18.38,73.89,2.43,5.55,12.98,0.391,28.0,0.0,IN_BANK_FLOW,3.0,0
REC_2021_LOC02_069,2021-08-08,LOC02,COMPOUND,27.399,88.524,95.0,78,18.6,74.22,9.63,26.7,48.22,0.511,53.1,0.0,IN_BANK_FLOW,3.0,0
REC_2021_LOC03_069,2021-08-08,LOC03,LANDSLIDE_ONLY,27.385,88.755,15.0,68,16.54,14.49,3.14,17.03,39.62,0.454,0.0,0.0,NO_RIVER_ZONE,0.0,0
REC_2021_LOC04_069,2021-08-08,LOC04,LANDSLIDE_ONLY,27.545,88.455,25.0,72,17.12,22.51,1.38,5.17,13.83,0.389,0.0,0.0,NO_RIVER_ZONE,0.0,0
REC_2021_LOC05_069,2021-08-08,LOC05,FLOOD_ONLY,27.2345,88.4972,180.0,86,21.03,22.1,6.02,35.25,76.46,0.622,164.9,0.0,IN_BANK_FLOW,4.9,0
REC_2021_LOC06_069,2021-08-08,LOC06,FLOOD_ONLY,27.1739,88.518,210.0,88,21.32,22.07,16.06,40.51,105.81,0.659,257.7,0.0,IN_BANK_FLOW,5.9,0
REC_2021_LOC01_070,2021-08-09,LOC01,COMPOUND,27.604,88.646,85.0,80,18.38,73.89,17.94,43.25,93.4,0.602,67.5,0.0,IN_BANK_FLOW,4.0,0
REC_2021_LOC02_070,2021-08-09,LOC02,COMPOUND,27.399,88.524,95.0,78,18.6,74.22,7.7,17.48,29.36,0.439,45.6,0.0,IN_BANK_FLOW,3.0,0
REC_2021_LOC03_070,2021-08-09,LOC03,LANDSLIDE_ONLY,27.385,88.755,15.0,68,16.54,14.49,5.72,12.73,28.91,0.428,0.0,0.0,NO_RIVER_ZONE,0.0,0
REC_2021_LOC04_070,2021-08-09,LOC04,LANDSLIDE_ONLY,27.545,88.455,25.0,72,17.12,22.51,0.41,1.59,3.43,0.363,0.0,0.0,NO_RIVER_ZONE,0.0,0
REC_2021_LOC05_070,2021-08-09,LOC05,FLOOD_ONLY,27.2345,88.4972,180.0,86,21.03,22.1,2.25,14.82,38.02,0.486,82.6,0.0,IN_BANK_FLOW,3.0,0
REC_2021_LOC06_070,2021-08-09,LOC06,FLOOD_ONLY,27.1739,88.518,210.0,88,21.32,22.07,12.81,34.12,87.47,0.585,212.7,0.0,IN_BANK_FLOW,4.8,0
REC_2021_LOC01_071,2021-08-10,LOC01,COMPOUND,27.604,88.646,85.0,80,18.38,73.89,0.87,4.17,11.13,0.395,28.0,0.0,IN_BANK_FLOW,3.0,0
REC_2021_LOC02_071,2021-08-10,LOC02,COMPOUND,27.399,88.524,95.0,78,18.6,74.22,9.91,23.78,54.56,0.508,49.9,0.0,IN_BANK_FLOW,3.0,0
REC_2021_LOC03_071,2021-08-10,LOC03,LANDSLIDE_ONLY,27.385,88.755,15.0,68,16.54,14.49,1.49,7.08,13.99,0.388,0.0,0.0,NO_RIVER_ZONE,0.0,0
REC_2021_LOC04_071,2021-08-10,LOC04,LANDSLIDE_ONLY,27.545,88.455,25.0,72,17.12,22.51,3.27,15.85,26.82,0.445,0.0,0.0,NO_RIVER_ZONE,0.0,0
REC_2021_LOC05_071,2021-08-10,LOC05,FLOOD_ONLY,27.2345,88.4972,180.0,86,21.03,22.1,8.25,35.63,86.61,0.654,166.9,0.0,IN_BANK_FLOW,4.9,0
REC_2021_LOC06_071,2021-08-10,LOC06,FLOOD_ONLY,27.1739,88.518,210.0,88,21.32,22.07,1.7,4.75,8.85,0.378,95.0,0.0,IN_BANK_FLOW,3.0,0
REC_2021_LOC01_072,2021-08-11,LOC01,COMPOUND,27.604,88.646,85.0,80,18.38,73.89,14.34,81.26,198.17,0.94,169.8,0.0,IN_BANK_FLOW,10.1,0
REC_2021_LOC02_072,2021-08-11,LOC02,COMPOUND,27.399,88.524,95.0,78,18.6,74.22,27.16,110.01,294.55,0.98,288.7,0.0,IN_BANK_FLOW,11.1,0
REC_2021_LOC03_072,2021-08-11,LOC03,LANDSLIDE_ONLY,27.385,88.755,15.0,68,16.54,14.49,17.8,104.6,179.27,0.98,0.0,0.0,NO_RIVER_ZONE,0.0,0
REC_2021_LOC04_072,2021-08-11,LOC04,LANDSLIDE_ONLY,27.545,88.455,25.0,72,17.12,22.51,28.89,129.86,214.06,0.979,0.0,0.0,NO_RIVER_ZONE,0.0,0
REC_2021_LOC05_072,2021-08-11,LOC05,FLOOD_ONLY,27.2345,88.4972,180.0,86,21.03,22.1,25.35,103.97,247.99,0.926,638.9,0.0,IN_BANK_FLOW,18.8,0
REC_2021_LOC06_072,2021-08-11,LOC06,FLOOD_ONLY,27.1739,88.518,210.0,88,21.32,22.07,40.38,120.23,273.65,0.98,949.2,0.2,BANKFULL_WARNING,52.3,0
REC_2021_LOC01_073,2021-08-12,LOC01,COMPOUND,27.604,88.646,85.0,80,18.38,73.89,34.97,96.54,199.56,0.979,218.1,0.0,IN_BANK_FLOW,13.0,0
REC_2021_LOC02_073,2021-08-12,LOC02,COMPOUND,27.399,88.524,95.0,78,18.6,74.22,57.65,129.74,308.7,0.98,362.1,0.0,IN_BANK_FLOW,13.9,0
REC_2021_LOC03_073,2021-08-12,LOC03,LANDSLIDE_ONLY,27.385,88.755,15.0,68,16.54,14.49,39.03,110.49,226.26,0.98,0.0,0.0,NO_RIVER_ZONE,0.0,0
REC_2021_LOC04_073,2021-08-12,LOC04,LANDSLIDE_ONLY,27.545,88.455,25.0,72,17.12,22.51,25.33,108.92,194.69,0.98,0.0,0.0,NO_RIVER_ZONE,0.0,0
REC_2021_LOC05_073,2021-08-12,LOC05,FLOOD_ONLY,27.2345,88.4972,180.0,86,21.03,22.1,44.16,110.07,198.53,0.98,685.8,0.2,BANKFULL_WARNING,51.1,0
REC_2021_LOC06_073,2021-08-12,LOC06,FLOOD_ONLY,27.1739,88.518,210.0,88,21.32,22.07,39.67,127.66,279.09,0.98,1018.5,0.2,BANKFULL_WARNING,53.5,0
REC_2021_LOC01_074,2021-08-13,LOC01,COMPOUND,27.604,88.646,85.0,80,18.38,73.89,27.08,105.57,175.5,0.863,247.8,0.0,IN_BANK_FLOW,14.8,0
REC_2021_LOC02_074,2021-08-13,LOC02,COMPOUND,27.399,88.524,95.0,78,18.6,74.22,42.76,122.97,227.92,0.98,336.5,0.0,IN_BANK_FLOW,12.9,0
REC_2021_LOC03_074,2021-08-13,LOC03,LANDSLIDE_ONLY,27.385,88.755,15.0,68,16.54,14.49,53.07,118.16,193.31,0.98,0.0,0.0,NO_RIVER_ZONE,0.0,0
REC_2021_LOC04_074,2021-08-13,LOC04,LANDSLIDE_ONLY,27.545,88.455,25.0,72,17.12,22.51,18.48,73.74,123.91,0.92,0.0,0.0,NO_RIVER_ZONE,0.0,0
REC_2021_LOC05_074,2021-08-13,LOC05,FLOOD_ONLY,27.2345,88.4972,180.0,86,21.03,22.1,18.08,82.65,178.77,0.803,478.4,0.0,IN_BANK_FLOW,14.1,0
REC_2021_LOC06_074,2021-08-13,LOC06,FLOOD_ONLY,27.1739,88.518,210.0,88,21.32,22.07,21.48,89.58,168.32,0.807,668.3,0.0,IN_BANK_FLOW,15.2,0
REC_2021_LOC01_075,2021-08-14,LOC01,COMPOUND,27.604,88.646,85.0,80,18.38,73.89,2.08,5.29,9.4,0.385,28.0,0.0,IN_BANK_FLOW,3.0,0
REC_2021_LOC02_075,2021-08-14,LOC02,COMPOUND,27.399,88.524,95.0,78,18.6,74.22,7.26,18.56,32.75,0.467,46.1,0.0,IN_BANK_FLOW,3.0,0
REC_2021_LOC03_075,2021-08-14,LOC03,LANDSLIDE_ONLY,27.385,88.755,15.0,68,16.54,14.49,2.12,7.16,12.16,0.389,0.0,0.0,NO_RIVER_ZONE,0.0,0
REC_2021_LOC04_075,2021-08-14,LOC04,LANDSLIDE_ONLY,27.545,88.455,25.0,72,17.12,22.51,9.32,28.92,69.43,0.636,0.0,0.0,NO_RIVER_ZONE,0.0,0
REC_2021_LOC05_075,2021-08-14,LOC05,FLOOD_ONLY,27.2345,88.4972,180.0,86,21.03,22.1,18.35,41.06,109.52,0.635,197.4,0.0,IN_BANK_FLOW,5.8,0
REC_2021_LOC06_075,2021-08-14,LOC06,FLOOD_ONLY,27.1739,88.518,210.0,88,21.32,22.07,5.94,14.79,30.08,0.458,109.3,0.0,IN_BANK_FLOW,3.0,0
REC_2021_LOC01_076,2021-08-15,LOC01,COMPOUND,27.604,88.646,85.0,80,18.38,73.89,0.63,3.02,8.28,0.374,28.0,0.0,IN_BANK_FLOW,3.0,0
REC_2021_LOC02_076,2021-08-15,LOC02,COMPOUND,27.399,88.524,95.0,78,18.6,74.22,5.08,23.18,52.46,0.525,49.3,0.0,IN_BANK_FLOW,3.0,0
REC_2021_LOC03_076,2021-08-15,LOC03,LANDSLIDE_ONLY,27.385,88.755,15.0,68,16.54,14.49,1.07,4.59,8.55,0.38,0.0,0.0,NO_RIVER_ZONE,0.0,0
REC_2021_LOC04_076,2021-08-15,LOC04,LANDSLIDE_ONLY,27.545,88.455,25.0,72,17.12,22.51,25.22,78.49,139.05,0.869,0.0,0.0,NO_RIVER_ZONE,0.0,0
REC_2021_LOC05_076,2021-08-15,LOC05,FLOOD_ONLY,27.2345,88.4972,180.0,86,21.03,22.1,7.36,18.23,46.58,0.491,91.3,0.0,IN_BANK_FLOW,3.0,0
REC_2021_LOC06_076,2021-08-15,LOC06,FLOOD_ONLY,27.1739,88.518,210.0,88,21.32,22.07,1.47,6.43,10.29,0.396,95.0,0.0,IN_BANK_FLOW,3.0,0
REC_2021_LOC01_077,2021-08-16,LOC01,COMPOUND,27.604,88.646,85.0,80,18.38,73.89,3.51,13.73,23.51,0.446,28.1,0.0,IN_BANK_FLOW,3.0,0
REC_2021_LOC02_077,2021-08-16,LOC02,COMPOUND,27.399,88.524,95.0,78,18.6,74.22,15.55,53.55,115.64,0.703,106.8,0.0,IN_BANK_FLOW,4.1,0
REC_2021_LOC03_077,2021-08-16,LOC03,LANDSLIDE_ONLY,27.385,88.755,15.0,68,16.54,14.49,9.15,20.35,51.35,0.531,0.0,0.0,NO_RIVER_ZONE,0.0,0
REC_2021_LOC04_077,2021-08-16,LOC04,LANDSLIDE_ONLY,27.545,88.455,25.0,72,17.12,22.51,5.36,16.01,43.11,0.486,0.0,0.0,NO_RIVER_ZONE,0.0,0
REC_2021_LOC05_077,2021-08-16,LOC05,FLOOD_ONLY,27.2345,88.4972,180.0,86,21.03,22.1,8.11,40.94,66.73,0.559,196.7,0.0,IN_BANK_FLOW,5.8,0
REC_2021_LOC06_077,2021-08-16,LOC06,FLOOD_ONLY,27.1739,88.518,210.0,88,21.32,22.07,4.92,21.0,37.97,0.491,135.0,0.0,IN_BANK_FLOW,3.1,0
REC_2021_LOC01_078,2021-08-17,LOC01,COMPOUND,27.604,88.646,85.0,80,18.38,73.89,7.34,33.19,80.08,0.664,47.9,0.0,IN_BANK_FLOW,3.0,0
REC_2021_LOC02_078,2021-08-17,LOC02,COMPOUND,27.399,88.524,95.0,78,18.6,74.22,0.17,0.43,0.96,0.353,45.0,0.0,IN_BANK_FLOW,3.0,0
REC_2021_LOC03_078,2021-08-17,LOC03,LANDSLIDE_ONLY,27.385,88.755,15.0,68,16.54,14.49,25.56,72.95,198.41,0.95,0.0,0.0,NO_RIVER_ZONE,0.0,0
REC_2021_LOC04_078,2021-08-17,LOC04,LANDSLIDE_ONLY,27.545,88.455,25.0,72,17.12,22.51,18.33,42.21,112.36,0.696,0.0,0.0,NO_RIVER_ZONE,0.0,0
REC_2021_LOC05_078,2021-08-17,LOC05,FLOOD_ONLY,27.2345,88.4972,180.0,86,21.03,22.1,25.18,103.4,207.62,0.936,634.5,0.0,IN_BANK_FLOW,18.7,0
REC_2021_LOC06_078,2021-08-17,LOC06,FLOOD_ONLY,27.1739,88.518,210.0,88,21.32,22.07,12.63,61.4,125.69,0.738,422.8,0.0,IN_BANK_FLOW,9.6,0
REC_2021_LOC01_079,2021-08-18,LOC01,COMPOUND,27.604,88.646,85.0,80,18.38,73.89,1.61,3.65,7.8,0.373,28.0,0.0,IN_BANK_FLOW,3.0,0
REC_2021_LOC02_079,2021-08-18,LOC02,COMPOUND,27.399,88.524,95.0,78,18.6,74.22,11.72,31.16,71.46,0.653,59.3,0.0,IN_BANK_FLOW,3.0,0
REC_2021_LOC03_079,2021-08-18,LOC03,LANDSLIDE_ONLY,27.385,88.755,15.0,68,16.54,14.49,4.79,11.53,30.84,0.452,0.0,0.0,NO_RIVER_ZONE,0.0,0
REC_2021_LOC04_079,2021-08-18,LOC04,LANDSLIDE_ONLY,27.545,88.455,25.0,72,17.12,22.51,0.97,4.74,9.53,0.386,0.0,0.0,NO_RIVER_ZONE,0.0,0
REC_2021_LOC05_079,2021-08-18,LOC05,FLOOD_ONLY,27.2345,88.4972,180.0,86,21.03,22.1,4.01,16.98,37.21,0.469,87.8,0.0,IN_BANK_FLOW,3.0,0
REC_2021_LOC06_079,2021-08-18,LOC06,FLOOD_ONLY,27.1739,88.518,210.0,88,21.32,22.07,3.49,9.44,22.57,0.446,96.7,0.0,IN_BANK_FLOW,3.0,0
REC_2021_LOC01_080,2021-08-19,LOC01,COMPOUND,27.604,88.646,85.0,80,18.38,73.89,2.83,11.42,18.42,0.431,28.0,0.0,IN_BANK_FLOW,3.0,0
REC_2021_LOC02_080,2021-08-19,LOC02,COMPOUND,27.399,88.524,95.0,78,18.6,74.22,2.59,13.97,38.79,0.438,45.0,0.0,IN_BANK_FLOW,3.0,0
REC_2021_LOC03_080,2021-08-19,LOC03,LANDSLIDE_ONLY,27.385,88.755,15.0,68,16.54,14.49,0.26,0.74,1.66,0.354,0.0,0.0,NO_RIVER_ZONE,0.0,0
REC_2021_LOC04_080,2021-08-19,LOC04,LANDSLIDE_ONLY,27.545,88.455,25.0,72,17.12,22.51,24.69,62.4,173.49,0.949,0.0,0.0,NO_RIVER_ZONE,0.0,0
REC_2021_LOC05_080,2021-08-19,LOC05,FLOOD_ONLY,27.2345,88.4972,180.0,86,21.03,22.1,0.19,1.16,2.82,0.358,75.0,0.0,IN_BANK_FLOW,3.0,0
REC_2021_LOC06_080,2021-08-19,LOC06,FLOOD_ONLY,27.1739,88.518,210.0,88,21.32,22.07,3.96,9.97,25.77,0.426,97.4,0.0,IN_BANK_FLOW,3.0,0
REC_2021_LOC01_081,2021-08-20,LOC01,COMPOUND,27.604,88.646,85.0,80,18.38,73.89,0.92,5.25,11.34,0.393,28.0,0.0,IN_BANK_FLOW,3.0,0
REC_2021_LOC02_081,2021-08-20,LOC02,COMPOUND,27.399,88.524,95.0,78,18.6,74.22,14.7,37.01,76.3,0.58,69.3,0.0,IN_BANK_FLOW,3.0,0
REC_2021_LOC03_081,2021-08-20,LOC03,LANDSLIDE_ONLY,27.385,88.755,15.0,68,16.54,14.49,2.71,16.99,36.88,0.451,0.0,0.0,NO_RIVER_ZONE,0.0,0
REC_2021_LOC04_081,2021-08-20,LOC04,LANDSLIDE_ONLY,27.545,88.455,25.0,72,17.12,22.51,6.74,18.5,31.12,0.44,0.0,0.0,NO_RIVER_ZONE,0.0,0
REC_2021_LOC05_081,2021-08-20,LOC05,FLOOD_ONLY,27.2345,88.4972,180.0,86,21.03,22.1,4.2,24.28,49.18,0.511,112.7,0.0,IN_BANK_FLOW,3.3,0
REC_2021_LOC06_081,2021-08-20,LOC06,FLOOD_ONLY,27.1739,88.518,210.0,88,21.32,22.07,2.37,10.47,18.08,0.408,98.2,0.0,IN_BANK_FLOW,3.0,0
REC_2021_LOC01_082,2021-08-21,LOC01,COMPOUND,27.604,88.646,85.0,80,18.38,73.89,2.31,11.27,20.15,0.412,28.0,0.0,IN_BANK_FLOW,3.0,0
REC_2021_LOC02_082,2021-08-21,LOC02,COMPOUND,27.399,88.524,95.0,78,18.6,74.22,15.02,47.37,88.94,0.684,91.4,0.0,IN_BANK_FLOW,3.5,0
REC_2021_LOC03_082,2021-08-21,LOC03,LANDSLIDE_ONLY,27.385,88.755,15.0,68,16.54,14.49,6.03,22.26,55.71,0.544,0.0,0.0,NO_RIVER_ZONE,0.0,0
REC_2021_LOC04_082,2021-08-21,LOC04,LANDSLIDE_ONLY,27.545,88.455,25.0,72,17.12,22.51,7.56,38.97,101.3,0.726,0.0,0.0,NO_RIVER_ZONE,0.0,0
REC_2021_LOC05_082,2021-08-21,LOC05,FLOOD_ONLY,27.2345,88.4972,180.0,86,21.03,22.1,12.45,55.23,144.32,0.808,285.7,0.0,IN_BANK_FLOW,8.4,0
REC_2021_LOC06_082,2021-08-21,LOC06,FLOOD_ONLY,27.1739,88.518,210.0,88,21.32,22.07,0.21,0.9,1.45,0.357,95.0,0.0,IN_BANK_FLOW,3.0,0
REC_2021_LOC01_083,2021-08-22,LOC01,COMPOUND,27.604,88.646,85.0,80,18.38,73.89,9.76,24.91,68.16,0.583,35.8,0.0,IN_BANK_FLOW,3.0,0
REC_2021_LOC02_083,2021-08-22,LOC02,COMPOUND,27.399,88.524,95.0,78,18.6,74.22,8.6,24.13,42.09,0.495,50.3,0.0,IN_BANK_FLOW,3.0,0
REC_2021_LOC03_083,2021-08-22,LOC03,LANDSLIDE_ONLY,27.385,88.755,15.0,68,16.54,14.49,2.58,8.22,17.27,0.394,0.0,0.0,NO_RIVER_ZONE,0.0,0
REC_2021_LOC04_083,2021-08-22,LOC04,LANDSLIDE_ONLY,27.545,88.455,25.0,72,17.12,22.51,8.96,51.13,105.93,0.596,0.0,0.0,NO_RIVER_ZONE,0.0,0
REC_2021_LOC05_083,2021-08-22,LOC05,FLOOD_ONLY,27.2345,88.4972,180.0,86,21.03,22.1,0.88,3.99,6.5,0.381,75.0,0.0,IN_BANK_FLOW,3.0,0
REC_2021_LOC06_083,2021-08-22,LOC06,FLOOD_ONLY,27.1739,88.518,210.0,88,21.32,22.07,16.13,58.46,97.09,0.651,398.4,0.0,IN_BANK_FLOW,9.1,0
REC_2021_LOC01_084,2021-08-23,LOC01,COMPOUND,27.604,88.646,85.0,80,18.38,73.89,0.1,0.25,0.49,0.351,28.0,0.0,IN_BANK_FLOW,3.0,0
REC_2021_LOC02_084,2021-08-23,LOC02,COMPOUND,27.399,88.524,95.0,78,18.6,74.22,4.09,17.6,43.14,0.5,45.6,0.0,IN_BANK_FLOW,3.0,0
REC_2021_LOC03_084,2021-08-23,LOC03,LANDSLIDE_ONLY,27.385,88.755,15.0,68,16.54,14.49,0.32,1.16,3.01,0.359,0.0,0.0,NO_RIVER_ZONE,0.0,0
REC_2021_LOC04_084,2021-08-23,LOC04,LANDSLIDE_ONLY,27.545,88.455,25.0,72,17.12,22.51,10.66,59.7,127.76,0.812,0.0,0.0,NO_RIVER_ZONE,0.0,0
REC_2021_LOC05_084,2021-08-23,LOC05,FLOOD_ONLY,27.2345,88.4972,180.0,86,21.03,22.1,2.45,9.12,20.39,0.411,75.1,0.0,IN_BANK_FLOW,3.0,0
REC_2021_LOC06_084,2021-08-23,LOC06,FLOOD_ONLY,27.1739,88.518,210.0,88,21.32,22.07,0.83,3.62,7.36,0.376,95.0,0.0,IN_BANK_FLOW,3.0,0
REC_2021_LOC01_085,2021-08-24,LOC01,COMPOUND,27.604,88.646,85.0,80,18.38,73.89,5.57,26.76,63.42,0.569,38.2,0.0,IN_BANK_FLOW,3.0,0
REC_2021_LOC02_085,2021-08-24,LOC02,COMPOUND,27.399,88.524,95.0,78,18.6,74.22,1.6,5.85,11.05,0.395,45.0,0.0,IN_BANK_FLOW,3.0,0
REC_2021_LOC03_085,2021-08-24,LOC03,LANDSLIDE_ONLY,27.385,88.755,15.0,68,16.54,14.49,2.23,11.33,28.16,0.442,0.0,0.0,NO_RIVER_ZONE,0.0,0
REC_2021_LOC04_085,2021-08-24,LOC04,LANDSLIDE_ONLY,27.545,88.455,25.0,72,17.12,22.51,21.63,109.85,306.05,0.98,0.0,0.0,NO_RIVER_ZONE,0.0,0
REC_2021_LOC05_085,2021-08-24,LOC05,FLOOD_ONLY,27.2345,88.4972,180.0,86,21.03,22.1,10.67,45.04,97.34,0.672,221.0,0.0,IN_BANK_FLOW,6.5,0
REC_2021_LOC06_085,2021-08-24,LOC06,FLOOD_ONLY,27.1739,88.518,210.0,88,21.32,22.07,8.96,42.58,115.87,0.796,273.0,0.0,IN_BANK_FLOW,6.2,0
REC_2021_LOC01_086,2021-08-25,LOC01,COMPOUND,27.604,88.646,85.0,80,18.38,73.89,7.34,32.47,85.68,0.545,46.7,0.0,IN_BANK_FLOW,3.0,0
REC_2021_LOC02_086,2021-08-25,LOC02,COMPOUND,27.399,88.524,95.0,78,18.6,74.22,8.3,25.28,58.75,0.56,51.5,0.0,IN_BANK_FLOW,3.0,0
REC_2021_LOC03_086,2021-08-25,LOC03,LANDSLIDE_ONLY,27.385,88.755,15.0,68,16.54,14.49,7.14,32.78,79.68,0.595,0.0,0.0,NO_RIVER_ZONE,0.0,0
REC_2021_LOC04_086,2021-08-25,LOC04,LANDSLIDE_ONLY,27.545,88.455,25.0,72,17.12,22.51,0.26,1.38,3.21,0.359,0.0,0.0,NO_RIVER_ZONE,0.0,0
REC_2021_LOC05_086,2021-08-25,LOC05,FLOOD_ONLY,27.2345,88.4972,180.0,86,21.03,22.1,6.25,14.58,29.14,0.427,82.0,0.0,IN_BANK_FLOW,3.0,0
REC_2021_LOC06_086,2021-08-25,LOC06,FLOOD_ONLY,27.1739,88.518,210.0,88,21.32,22.07,3.6,17.79,34.78,0.499,120.5,0.0,IN_BANK_FLOW,3.0,0
REC_2021_LOC01_087,2021-08-26,LOC01,COMPOUND,27.604,88.646,85.0,80,18.38,73.89,5.58,18.59,31.29,0.449,30.0,0.0,IN_BANK_FLOW,3.0,0
REC_2021_LOC02_087,2021-08-26,LOC02,COMPOUND,27.399,88.524,95.0,78,18.6,74.22,2.26,11.69,28.73,0.436,45.0,0.0,IN_BANK_FLOW,3.0,0
REC_2021_LOC03_087,2021-08-26,LOC03,LANDSLIDE_ONLY,27.385,88.755,15.0,68,16.54,14.49,12.42,35.19,85.0,0.637,0.0,0.0,NO_RIVER_ZONE,0.0,0
REC_2021_LOC04_087,2021-08-26,LOC04,LANDSLIDE_ONLY,27.545,88.455,25.0,72,17.12,22.51,7.38,22.5,36.44,0.479,0.0,0.0,NO_RIVER_ZONE,0.0,0
REC_2021_LOC05_087,2021-08-26,LOC05,FLOOD_ONLY,27.2345,88.4972,180.0,86,21.03,22.1,1.79,9.4,16.11,0.423,75.3,0.0,IN_BANK_FLOW,3.0,0
REC_2021_LOC06_087,2021-08-26,LOC06,FLOOD_ONLY,27.1739,88.518,210.0,88,21.32,22.07,11.23,29.24,50.93,0.511,181.1,0.0,IN_BANK_FLOW,4.1,0
REC_2021_LOC01_088,2021-08-27,LOC01,COMPOUND,27.604,88.646,85.0,80,18.38,73.89,22.64,70.81,157.01,0.801,138.6,0.0,IN_BANK_FLOW,8.2,0
REC_2021_LOC02_088,2021-08-27,LOC02,COMPOUND,27.399,88.524,95.0,78,18.6,74.22,2.45,11.03,18.9,0.402,45.0,0.0,IN_BANK_FLOW,3.0,0
REC_2021_LOC03_088,2021-08-27,LOC03,LANDSLIDE_ONLY,27.385,88.755,15.0,68,16.54,14.49,20.79,46.33,106.52,0.705,0.0,0.0,NO_RIVER_ZONE,0.0,0
REC_2021_LOC04_088,2021-08-27,LOC04,LANDSLIDE_ONLY,27.545,88.455,25.0,72,17.12,22.51,8.87,25.0,49.46,0.504,0.0,0.0,NO_RIVER_ZONE,0.0,0
REC_2021_LOC05_088,2021-08-27,LOC05,FLOOD_ONLY,27.2345,88.4972,180.0,86,21.03,22.1,9.54,26.48,66.31,0.59,122.0,0.0,IN_BANK_FLOW,3.6,0
REC_2021_LOC06_088,2021-08-27,LOC06,FLOOD_ONLY,27.1739,88.518,210.0,88,21.32,22.07,0.14,0.58,1.24,0.355,95.0,0.0,IN_BANK_FLOW,3.0,0
REC_2021_LOC01_089,2021-08-28,LOC01,COMPOUND,27.604,88.646,85.0,80,18.38,73.89,6.16,19.73,33.6,0.436,30.8,0.0,IN_BANK_FLOW,3.0,0
REC_2021_LOC02_089,2021-08-28,LOC02,COMPOUND,27.399,88.524,95.0,78,18.6,74.22,2.03,5.96,15.4,0.391,45.0,0.0,IN_BANK_FLOW,3.0,0
REC_2021_LOC03_089,2021-08-28,LOC03,LANDSLIDE_ONLY,27.385,88.755,15.0,68,16.54,14.49,2.75,8.24,22.06,0.43,0.0,0.0,NO_RIVER_ZONE,0.0,0
REC_2021_LOC04_089,2021-08-28,LOC04,LANDSLIDE_ONLY,27.545,88.455,25.0,72,17.12,22.51,6.65,22.95,41.95,0.508,0.0,0.0,NO_RIVER_ZONE,0.0,0
REC_2021_LOC05_089,2021-08-28,LOC05,FLOOD_ONLY,27.2345,88.4972,180.0,86,21.03,22.1,0.12,0.47,0.78,0.353,75.0,0.0,IN_BANK_FLOW,3.0,0
REC_2021_LOC06_089,2021-08-28,LOC06,FLOOD_ONLY,27.1739,88.518,210.0,88,21.32,22.07,9.05,31.62,66.24,0.575,196.2,0.0,IN_BANK_FLOW,4.5,0
REC_2021_LOC01_090,2021-08-29,LOC01,COMPOUND,27.604,88.646,85.0,80,18.38,73.89,1.79,10.63,21.34,0.412,28.0,0.0,IN_BANK_FLOW,3.0,0
REC_2021_LOC02_090,2021-08-29,LOC02,COMPOUND,27.399,88.524,95.0,78,18.6,74.22,2.12,11.47,30.51,0.439,45.0,0.0,IN_BANK_FLOW,3.0,0
REC_2021_LOC03_090,2021-08-29,LOC03,LANDSLIDE_ONLY,27.385,88.755,15.0,68,16.54,14.49,3.94,23.4,60.29,0.587,0.0,0.0,NO_RIVER_ZONE,0.0,0
REC_2021_LOC04_090,2021-08-29,LOC04,LANDSLIDE_ONLY,27.545,88.455,25.0,72,17.12,22.51,5.28,19.52,39.15,0.46,0.0,0.0,NO_RIVER_ZONE,0.0,0
REC_2021_LOC05_090,2021-08-29,LOC05,FLOOD_ONLY,27.2345,88.4972,180.0,86,21.03,22.1,0.88,5.25,11.88,0.397,75.0,0.0,IN_BANK_FLOW,3.0,0
REC_2021_LOC06_090,2021-08-29,LOC06,FLOOD_ONLY,27.1739,88.518,210.0,88,21.32,22.07,3.03,17.41,39.68,0.491,119.0,0.0,IN_BANK_FLOW,3.0,0
REC_2021_LOC01_091,2021-08-30,LOC01,COMPOUND,27.604,88.646,85.0,80,18.38,73.89,4.17,12.7,21.55,0.446,28.0,0.0,IN_BANK_FLOW,3.0,0
REC_2021_LOC02_091,2021-08-30,LOC02,COMPOUND,27.399,88.524,95.0,78,18.6,74.22,0.55,1.87,4.41,0.368,45.0,0.0,IN_BANK_FLOW,3.0,0
REC_2021_LOC03_091,2021-08-30,LOC03,LANDSLIDE_ONLY,27.385,88.755,15.0,68,16.54,14.49,1.23,2.97,8.21,0.375,0.0,0.0,NO_RIVER_ZONE,0.0,0
REC_2021_LOC04_091,2021-08-30,LOC04,LANDSLIDE_ONLY,27.545,88.455,25.0,72,17.12,22.51,5.27,16.27,44.31,0.497,0.0,0.0,NO_RIVER_ZONE,0.0,0
REC_2021_LOC05_091,2021-08-30,LOC05,FLOOD_ONLY,27.2345,88.4972,180.0,86,21.03,22.1,4.45,12.98,26.7,0.429,79.1,0.0,IN_BANK_FLOW,3.0,0
REC_2021_LOC06_091,2021-08-30,LOC06,FLOOD_ONLY,27.1739,88.518,210.0,88,21.32,22.07,2.15,13.09,33.83,0.475,104.2,0.0,IN_BANK_FLOW,3.0,0
REC_2021_LOC01_092,2021-08-31,LOC01,COMPOUND,27.604,88.646,85.0,80,18.38,73.89,13.29,39.16,99.52,0.666,59.0,0.0,IN_BANK_FLOW,3.5,0
REC_2021_LOC02_092,2021-08-31,LOC02,COMPOUND,27.399,88.524,95.0,78,18.6,74.22,4.5,20.81,48.92,0.49,47.4,0.0,IN_BANK_FLOW,3.0,0
REC_2021_LOC03_092,2021-08-31,LOC03,LANDSLIDE_ONLY,27.385,88.755,15.0,68,16.54,14.49,9.92,32.31,60.49,0.53,0.0,0.0,NO_RIVER_ZONE,0.0,0
REC_2021_LOC04_092,2021-08-31,LOC04,LANDSLIDE_ONLY,27.545,88.455,25.0,72,17.12,22.51,0.96,4.57,9.43,0.376,0.0,0.0,NO_RIVER_ZONE,0.0,0
REC_2021_LOC05_092,2021-08-31,LOC05,FLOOD_ONLY,27.2345,88.4972,180.0,86,21.03,22.1,4.34,10.81,19.18,0.405,76.2,0.0,IN_BANK_FLOW,3.0,0
REC_2021_LOC06_092,2021-08-31,LOC06,FLOOD_ONLY,27.1739,88.518,210.0,88,21.32,22.07,14.96,47.13,129.69,0.632,307.6,0.0,IN_BANK_FLOW,7.0,0
REC_2021_LOC01_093,2021-09-01,LOC01,COMPOUND,27.604,88.646,85.0,80,18.38,73.89,2.85,17.43,47.67,0.502,29.3,0.0,IN_BANK_FLOW,3.0,0
REC_2021_LOC02_093,2021-09-01,LOC02,COMPOUND,27.399,88.524,95.0,78,18.6,74.22,3.33,7.45,18.04,0.406,45.0,0.0,IN_BANK_FLOW,3.0,0
REC_2021_LOC03_093,2021-09-01,LOC03,LANDSLIDE_ONLY,27.385,88.755,15.0,68,16.54,14.49,0.2,1.34,3.22,0.36,0.0,0.0,NO_RIVER_ZONE,0.0,0
REC_2021_LOC04_093,2021-09-01,LOC04,LANDSLIDE_ONLY,27.545,88.455,25.0,72,17.12,22.51,0.1,0.41,0.74,0.353,0.0,0.0,NO_RIVER_ZONE,0.0,0
REC_2021_LOC05_093,2021-09-01,LOC05,FLOOD_ONLY,27.2345,88.4972,180.0,86,21.03,22.1,1.7,6.36,11.98,0.381,75.0,0.0,IN_BANK_FLOW,3.0,0
REC_2021_LOC06_093,2021-09-01,LOC06,FLOOD_ONLY,27.1739,88.518,210.0,88,21.32,22.07,4.62,10.83,18.27,0.406,98.9,0.0,IN_BANK_FLOW,3.0,0
REC_2021_LOC01_094,2021-09-02,LOC01,COMPOUND,27.604,88.646,85.0,80,18.38,73.89,1.15,4.27,8.93,0.38,28.0,0.0,IN_BANK_FLOW,3.0,0
REC_2021_LOC02_094,2021-09-02,LOC02,COMPOUND,27.399,88.524,95.0,78,18.6,74.22,6.09,22.05,50.58,0.559,48.3,0.0,IN_BANK_FLOW,3.0,0
REC_2021_LOC03_094,2021-09-02,LOC03,LANDSLIDE_ONLY,27.385,88.755,15.0,68,16.54,14.49,2.84,9.03,18.81,0.426,0.0,0.0,NO_RIVER_ZONE,0.0,0
REC_2021_LOC04_094,2021-09-02,LOC04,LANDSLIDE_ONLY,27.545,88.455,25.0,72,17.12,22.51,1.61,8.47,15.17,0.42,0.0,0.0,NO_RIVER_ZONE,0.0,0
REC_2021_LOC05_094,2021-09-02,LOC05,FLOOD_ONLY,27.2345,88.4972,180.0,86,21.03,22.1,5.49,18.59,39.08,0.479,92.4,0.0,IN_BANK_FLOW,3.0,0
REC_2021_LOC06_094,2021-09-02,LOC06,FLOOD_ONLY,27.1739,88.518,210.0,88,21.32,22.07,4.35,13.55,25.1,0.424,105.5,0.0,IN_BANK_FLOW,3.0,0
REC_2021_LOC01_095,2021-09-03,LOC01,COMPOUND,27.604,88.646,85.0,80,18.38,73.89,1.82,5.08,11.59,0.396,28.0,0.0,IN_BANK_FLOW,3.0,0
REC_2021_LOC02_095,2021-09-03,LOC02,COMPOUND,27.399,88.524,95.0,78,18.6,74.22,0.55,2.4,5.05,0.367,45.0,0.0,IN_BANK_FLOW,3.0,0
REC_2021_LOC03_095,2021-09-03,LOC03,LANDSLIDE_ONLY,27.385,88.755,15.0,68,16.54,14.49,3.5,22.29,51.31,0.514,0.0,0.0,NO_RIVER_ZONE,0.0,0
REC_2021_LOC04_095,2021-09-03,LOC04,LANDSLIDE_ONLY,27.545,88.455,25.0,72,17.12,22.51,5.2,16.51,34.49,0.485,0.0,0.0,NO_RIVER_ZONE,0.0,0
REC_2021_LOC05_095,2021-09-03,LOC05,FLOOD_ONLY,27.2345,88.4972,180.0,86,21.03,22.1,12.24,37.18,95.63,0.679,175.4,0.0,IN_BANK_FLOW,5.2,0
REC_2021_LOC06_095,2021-09-03,LOC06,FLOOD_ONLY,27.1739,88.518,210.0,88,21.32,22.07,1.1,5.26,9.97,0.383,95.0,0.0,IN_BANK_FLOW,3.0,0
REC_2021_LOC01_096,2021-09-04,LOC01,COMPOUND,27.604,88.646,85.0,80,18.38,73.89,0.25,1.43,2.58,0.358,28.0,0.0,IN_BANK_FLOW,3.0,0
REC_2021_LOC02_096,2021-09-04,LOC02,COMPOUND,27.399,88.524,95.0,78,18.6,74.22,4.33,28.07,66.79,0.609,54.8,0.0,IN_BANK_FLOW,3.0,0
REC_2021_LOC03_096,2021-09-04,LOC03,LANDSLIDE_ONLY,27.385,88.755,15.0,68,16.54,14.49,6.46,18.27,49.66,0.553,0.0,0.0,NO_RIVER_ZONE,0.0,0
REC_2021_LOC04_096,2021-09-04,LOC04,LANDSLIDE_ONLY,27.545,88.455,25.0,72,17.12,22.51,0.19,0.85,2.28,0.356,0.0,0.0,NO_RIVER_ZONE,0.0,0
REC_2021_LOC05_096,2021-09-04,LOC05,FLOOD_ONLY,27.2345,88.4972,180.0,86,21.03,22.1,1.73,4.59,11.53,0.383,75.0,0.0,IN_BANK_FLOW,3.0,0
REC_2021_LOC06_096,2021-09-04,LOC06,FLOOD_ONLY,27.1739,88.518,210.0,88,21.32,22.07,11.04,45.8,116.25,0.791,297.4,0.0,IN_BANK_FLOW,6.8,0
REC_2021_LOC01_097,2021-09-05,LOC01,COMPOUND,27.604,88.646,85.0,80,18.38,73.89,6.9,18.71,42.85,0.476,30.1,0.0,IN_BANK_FLOW,3.0,0
REC_2021_LOC02_097,2021-09-05,LOC02,COMPOUND,27.399,88.524,95.0,78,18.6,74.22,6.5,17.41,32.71,0.448,45.6,0.0,IN_BANK_FLOW,3.0,0
REC_2021_LOC03_097,2021-09-05,LOC03,LANDSLIDE_ONLY,27.385,88.755,15.0,68,16.54,14.49,10.52,40.31,100.84,0.776,0.0,0.0,NO_RIVER_ZONE,0.0,0
REC_2021_LOC04_097,2021-09-05,LOC04,LANDSLIDE_ONLY,27.545,88.455,25.0,72,17.12,22.51,0.32,1.08,1.87,0.356,0.0,0.0,NO_RIVER_ZONE,0.0,0
REC_2021_LOC05_097,2021-09-05,LOC05,FLOOD_ONLY,27.2345,88.4972,180.0,86,21.03,22.1,2.47,6.05,15.9,0.396,75.0,0.0,IN_BANK_FLOW,3.0,0
REC_2021_LOC06_097,2021-09-05,LOC06,FLOOD_ONLY,27.1739,88.518,210.0,88,21.32,22.07,2.03,6.77,16.08,0.393,95.0,0.0,IN_BANK_FLOW,3.0,0
REC_2021_LOC01_098,2021-09-06,LOC01,COMPOUND,27.604,88.646,85.0,80,18.38,73.89,1.08,2.48,4.95,0.369,28.0,0.0,IN_BANK_FLOW,3.0,0
REC_2021_LOC02_098,2021-09-06,LOC02,COMPOUND,27.399,88.524,95.0,78,18.6,74.22,0.86,2.37,5.9,0.368,45.0,0.0,IN_BANK_FLOW,3.0,0
REC_2021_LOC03_098,2021-09-06,LOC03,LANDSLIDE_ONLY,27.385,88.755,15.0,68,16.54,14.49,0.34,0.93,2.02,0.357,0.0,0.0,NO_RIVER_ZONE,0.0,0
REC_2021_LOC04_098,2021-09-06,LOC04,LANDSLIDE_ONLY,27.545,88.455,25.0,72,17.12,22.51,2.76,13.37,32.95,0.461,0.0,0.0,NO_RIVER_ZONE,0.0,0
REC_2021_LOC05_098,2021-09-06,LOC05,FLOOD_ONLY,27.2345,88.4972,180.0,86,21.03,22.1,10.79,29.73,51.33,0.563,136.9,0.0,IN_BANK_FLOW,4.0,0
REC_2021_LOC06_098,2021-09-06,LOC06,FLOOD_ONLY,27.1739,88.518,210.0,88,21.32,22.07,3.99,21.71,45.36,0.487,138.5,0.0,IN_BANK_FLOW,3.1,0
REC_2021_LOC01_099,2021-09-07,LOC01,COMPOUND,27.604,88.646,85.0,80,18.38,73.89,1.19,5.3,14.47,0.397,28.0,0.0,IN_BANK_FLOW,3.0,0
REC_2021_LOC02_099,2021-09-07,LOC02,COMPOUND,27.399,88.524,95.0,78,18.6,74.22,0.06,0.18,0.5,0.351,45.0,0.0,IN_BANK_FLOW,3.0,0
REC_2021_LOC03_099,2021-09-07,LOC03,LANDSLIDE_ONLY,27.385,88.755,15.0,68,16.54,14.49,4.04,9.76,21.54,0.41,0.0,0.0,NO_RIVER_ZONE,0.0,0
REC_2021_LOC04_099,2021-09-07,LOC04,LANDSLIDE_ONLY,27.545,88.455,25.0,72,17.12,22.51,4.17,15.2,32.02,0.451,0.0,0.0,NO_RIVER_ZONE,0.0,0
REC_2021_LOC05_099,2021-09-07,LOC05,FLOOD_ONLY,27.2345,88.4972,180.0,86,21.03,22.1,2.62,9.12,17.4,0.415,75.1,0.0,IN_BANK_FLOW,3.0,0
REC_2021_LOC06_099,2021-09-07,LOC06,FLOOD_ONLY,27.1739,88.518,210.0,88,21.32,22.07,1.18,7.11,13.12,0.389,95.0,0.0,IN_BANK_FLOW,3.0,0
REC_2021_LOC01_100,2021-09-08,LOC01,COMPOUND,27.604,88.646,85.0,80,18.38,73.89,0.37,2.15,5.31,0.369,28.0,0.0,IN_BANK_FLOW,3.0,0
REC_2021_LOC02_100,2021-09-08,LOC02,COMPOUND,27.399,88.524,95.0,78,18.6,74.22,1.89,7.21,16.91,0.399,45.0,0.0,IN_BANK_FLOW,3.0,0
REC_2021_LOC03_100,2021-09-08,LOC03,LANDSLIDE_ONLY,27.385,88.755,15.0,68,16.54,14.49,1.99,7.01,16.9,0.413,0.0,0.0,NO_RIVER_ZONE,0.0,0
REC_2021_LOC04_100,2021-09-08,LOC04,LANDSLIDE_ONLY,27.545,88.455,25.0,72,17.12,22.51,22.28,75.52,210.27,0.98,0.0,0.0,NO_RIVER_ZONE,0.0,0
REC_2021_LOC05_100,2021-09-08,LOC05,FLOOD_ONLY,27.2345,88.4972,180.0,86,21.03,22.1,5.87,32.74,80.14,0.541,151.8,0.0,IN_BANK_FLOW,4.5,0
REC_2021_LOC06_100,2021-09-08,LOC06,FLOOD_ONLY,27.1739,88.518,210.0,88,21.32,22.07,2.75,6.91,11.06,0.383,95.0,0.0,IN_BANK_FLOW,3.0,0
REC_2021_LOC01_101,2021-09-09,LOC01,COMPOUND,27.604,88.646,85.0,80,18.38,73.89,2.39,9.08,24.07,0.437,28.0,0.0,IN_BANK_FLOW,3.0,0
REC_2021_LOC02_101,2021-09-09,LOC02,COMPOUND,27.399,88.524,95.0,78,18.6,74.22,8.66,51.51,100.81,0.645,101.6,0.0,IN_BANK_FLOW,3.9,0
REC_2021_LOC03_101,2021-09-09,LOC03,LANDSLIDE_ONLY,27.385,88.755,15.0,68,16.54,14.49,0.75,2.2,3.85,0.363,0.0,0.0,NO_RIVER_ZONE,0.0,0
REC_2021_LOC04_101,2021-09-09,LOC04,LANDSLIDE_ONLY,27.545,88.455,25.0,72,17.12,22.51,2.29,13.22,36.31,0.47,0.0,0.0,NO_RIVER_ZONE,0.0,0
REC_2021_LOC05_101,2021-09-09,LOC05,FLOOD_ONLY,27.2345,88.4972,180.0,86,21.03,22.1,0.07,0.22,0.56,0.352,75.0,0.0,IN_BANK_FLOW,3.0,0
REC_2021_LOC06_101,2021-09-09,LOC06,FLOOD_ONLY,27.1739,88.518,210.0,88,21.32,22.07,1.33,5.62,11.53,0.388,95.0,0.0,IN_BANK_FLOW,3.0,0
REC_2021_LOC01_102,2021-09-10,LOC01,COMPOUND,27.604,88.646,85.0,80,18.38,73.89,1.88,6.24,15.95,0.409,28.0,0.0,IN_BANK_FLOW,3.0,0
REC_2021_LOC02_102,2021-09-10,LOC02,COMPOUND,27.399,88.524,95.0,78,18.6,74.22,0.41,1.54,3.23,0.358,45.0,0.0,IN_BANK_FLOW,3.0,0
REC_2021_LOC03_102,2021-09-10,LOC03,LANDSLIDE_ONLY,27.385,88.755,15.0,68,16.54,14.49,0.89,3.32,9.09,0.378,0.0,0.0,NO_RIVER_ZONE,0.0,0
REC_2021_LOC04_102,2021-09-10,LOC04,LANDSLIDE_ONLY,27.545,88.455,25.0,72,17.12,22.51,2.39,7.05,12.9,0.396,0.0,0.0,NO_RIVER_ZONE,0.0,0
REC_2021_LOC05_102,2021-09-10,LOC05,FLOOD_ONLY,27.2345,88.4972,180.0,86,21.03,22.1,0.3,1.2,2.37,0.358,75.0,0.0,IN_BANK_FLOW,3.0,0
REC_2021_LOC06_102,2021-09-10,LOC06,FLOOD_ONLY,27.1739,88.518,210.0,88,21.32,22.07,1.53,8.09,14.85,0.393,95.4,0.0,IN_BANK_FLOW,3.0,0
REC_2021_LOC01_103,2021-09-11,LOC01,COMPOUND,27.604,88.646,85.0,80,18.38,73.89,3.0,7.56,13.95,0.403,28.0,0.0,IN_BANK_FLOW,3.0,0
REC_2021_LOC02_103,2021-09-11,LOC02,COMPOUND,27.399,88.524,95.0,78,18.6,74.22,3.05,19.35,46.98,0.464,46.5,0.0,IN_BANK_FLOW,3.0,0
REC_2021_LOC03_103,2021-09-11,LOC03,LANDSLIDE_ONLY,27.385,88.755,15.0,68,16.54,14.49,1.43,8.22,14.6,0.39,0.0,0.0,NO_RIVER_ZONE,0.0,0
REC_2021_LOC04_103,2021-09-11,LOC04,LANDSLIDE_ONLY,27.545,88.455,25.0,72,17.12,22.51,2.64,6.18,11.09,0.389,0.0,0.0,NO_RIVER_ZONE,0.0,0
REC_2021_LOC05_103,2021-09-11,LOC05,FLOOD_ONLY,27.2345,88.4972,180.0,86,21.03,22.1,11.47,36.26,81.28,0.555,170.3,0.0,IN_BANK_FLOW,5.0,0
REC_2021_LOC06_103,2021-09-11,LOC06,FLOOD_ONLY,27.1739,88.518,210.0,88,21.32,22.07,6.03,23.96,65.71,0.584,150.3,0.0,IN_BANK_FLOW,3.4,0
REC_2021_LOC01_104,2021-09-12,LOC01,COMPOUND,27.604,88.646,85.0,80,18.38,73.89,9.75,22.89,48.26,0.531,33.6,0.0,IN_BANK_FLOW,3.0,0
REC_2021_LOC02_104,2021-09-12,LOC02,COMPOUND,27.399,88.524,95.0,78,18.6,74.22,3.08,7.28,16.62,0.417,45.0,0.0,IN_BANK_FLOW,3.0,0
REC_2021_LOC03_104,2021-09-12,LOC03,LANDSLIDE_ONLY,27.385,88.755,15.0,68,16.54,14.49,8.21,31.7,80.92,0.665,0.0,0.0,NO_RIVER_ZONE,0.0,0
REC_2021_LOC04_104,2021-09-12,LOC04,LANDSLIDE_ONLY,27.545,88.455,25.0,72,17.12,22.51,8.41,31.33,52.06,0.541,0.0,0.0,NO_RIVER_ZONE,0.0,0
REC_2021_LOC05_104,2021-09-12,LOC05,FLOOD_ONLY,27.2345,88.4972,180.0,86,21.03,22.1,2.53,7.42,13.53,0.401,75.0,0.0,IN_BANK_FLOW,3.0,0
REC_2021_LOC06_104,2021-09-12,LOC06,FLOOD_ONLY,27.1739,88.518,210.0,88,21.32,22.07,2.38,11.07,30.56,0.475,99.4,0.0,IN_BANK_FLOW,3.0,0
REC_2021_LOC01_105,2021-09-13,LOC01,COMPOUND,27.604,88.646,85.0,80,18.38,73.89,4.53,12.51,23.8,0.417,28.0,0.0,IN_BANK_FLOW,3.0,0
REC_2021_LOC02_105,2021-09-13,LOC02,COMPOUND,27.399,88.524,95.0,78,18.6,74.22,9.67,30.69,54.74,0.562,58.5,0.0,IN_BANK_FLOW,3.0,0
REC_2021_LOC03_105,2021-09-13,LOC03,LANDSLIDE_ONLY,27.385,88.755,15.0,68,16.54,14.49,20.05,62.25,125.12,0.71,0.0,0.0,NO_RIVER_ZONE,0.0,0
REC_2021_LOC04_105,2021-09-13,LOC04,LANDSLIDE_ONLY,27.545,88.455,25.0,72,17.12,22.51,4.1,15.28,33.13,0.464,0.0,0.0,NO_RIVER_ZONE,0.0,0
REC_2021_LOC05_105,2021-09-13,LOC05,FLOOD_ONLY,27.2345,88.4972,180.0,86,21.03,22.1,0.94,3.37,6.06,0.373,75.0,0.0,IN_BANK_FLOW,3.0,0
REC_2021_LOC06_105,2021-09-13,LOC06,FLOOD_ONLY,27.1739,88.518,210.0,88,21.32,22.07,0.18,0.71,1.61,0.356,95.0,0.0,IN_BANK_FLOW,3.0,0
REC_2021_LOC01_106,2021-09-14,LOC01,COMPOUND,27.604,88.646,85.0,80,18.38,73.89,0.83,5.03,12.43,0.382,28.0,0.0,IN_BANK_FLOW,3.0,0
REC_2021_LOC02_106,2021-09-14,LOC02,COMPOUND,27.399,88.524,95.0,78,18.6,74.22,3.08,15.42,31.7,0.482,45.1,0.0,IN_BANK_FLOW,3.0,0
REC_2021_LOC03_106,2021-09-14,LOC03,LANDSLIDE_ONLY,27.385,88.755,15.0,68,16.54,14.49,7.9,24.13,44.17,0.519,0.0,0.0,NO_RIVER_ZONE,0.0,0
REC_2021_LOC04_106,2021-09-14,LOC04,LANDSLIDE_ONLY,27.545,88.455,25.0,72,17.12,22.51,3.16,12.64,28.1,0.443,0.0,0.0,NO_RIVER_ZONE,0.0,0
REC_2021_LOC05_106,2021-09-14,LOC05,FLOOD_ONLY,27.2345,88.4972,180.0,86,21.03,22.1,2.25,9.67,21.95,0.43,75.4,0.0,IN_BANK_FLOW,3.0,0
REC_2021_LOC06_106,2021-09-14,LOC06,FLOOD_ONLY,27.1739,88.518,210.0,88,21.32,22.07,3.61,22.45,48.71,0.529,142.3,0.0,IN_BANK_FLOW,3.2,0
REC_2021_LOC01_107,2021-09-15,LOC01,COMPOUND,27.604,88.646,85.0,80,18.38,73.89,1.96,11.15,30.85,0.452,28.0,0.0,IN_BANK_FLOW,3.0,0
REC_2021_LOC02_107,2021-09-15,LOC02,COMPOUND,27.399,88.524,95.0,78,18.6,74.22,1.62,9.42,16.27,0.406,45.0,0.0,IN_BANK_FLOW,3.0,0
REC_2021_LOC03_107,2021-09-15,LOC03,LANDSLIDE_ONLY,27.385,88.755,15.0,68,16.54,14.49,4.15,24.6,56.39,0.479,0.0,0.0,NO_RIVER_ZONE,0.0,0
REC_2021_LOC04_107,2021-09-15,LOC04,LANDSLIDE_ONLY,27.545,88.455,25.0,72,17.12,22.51,1.41,5.11,8.42,0.38,0.0,0.0,NO_RIVER_ZONE,0.0,0
REC_2021_LOC05_107,2021-09-15,LOC05,FLOOD_ONLY,27.2345,88.4972,180.0,86,21.03,22.1,1.16,6.37,13.0,0.392,75.0,0.0,IN_BANK_FLOW,3.0,0
REC_2021_LOC06_107,2021-09-15,LOC06,FLOOD_ONLY,27.1739,88.518,210.0,88,21.32,22.07,1.91,5.64,12.11,0.394,95.0,0.0,IN_BANK_FLOW,3.0,0
REC_2021_LOC01_108,2021-09-16,LOC01,COMPOUND,27.604,88.646,85.0,80,18.38,73.89,0.29,0.97,2.61,0.359,28.0,0.0,IN_BANK_FLOW,3.0,0
REC_2021_LOC02_108,2021-09-16,LOC02,COMPOUND,27.399,88.524,95.0,78,18.6,74.22,10.2,32.1,71.19,0.511,60.7,0.0,IN_BANK_FLOW,3.0,0
REC_2021_LOC03_108,2021-09-16,LOC03,LANDSLIDE_ONLY,27.385,88.755,15.0,68,16.54,14.49,2.7,15.53,37.58,0.494,0.0,0.0,NO_RIVER_ZONE,0.0,0
REC_2021_LOC04_108,2021-09-16,LOC04,LANDSLIDE_ONLY,27.545,88.455,25.0,72,17.12,22.51,6.64,24.43,64.88,0.605,0.0,0.0,NO_RIVER_ZONE,0.0,0
REC_2021_LOC05_108,2021-09-16,LOC05,FLOOD_ONLY,27.2345,88.4972,180.0,86,21.03,22.1,1.31,6.23,16.76,0.412,75.0,0.0,IN_BANK_FLOW,3.0,0
REC_2021_LOC06_108,2021-09-16,LOC06,FLOOD_ONLY,27.1739,88.518,210.0,88,21.32,22.07,2.35,10.8,25.27,0.414,98.8,0.0,IN_BANK_FLOW,3.0,0
REC_2021_LOC01_109,2021-09-17,LOC01,COMPOUND,27.604,88.646,85.0,80,18.38,73.89,1.45,3.82,8.06,0.372,28.0,0.0,IN_BANK_FLOW,3.0,0
REC_2021_LOC02_109,2021-09-17,LOC02,COMPOUND,27.399,88.524,95.0,78,18.6,74.22,11.84,28.5,48.57,0.551,55.4,0.0,IN_BANK_FLOW,3.0,0
REC_2021_LOC03_109,2021-09-17,LOC03,LANDSLIDE_ONLY,27.385,88.755,15.0,68,16.54,14.49,1.04,2.41,6.03,0.374,0.0,0.0,NO_RIVER_ZONE,0.0,0
REC_2021_LOC04_109,2021-09-17,LOC04,LANDSLIDE_ONLY,27.545,88.455,25.0,72,17.12,22.51,1.35,5.42,13.23,0.405,0.0,0.0,NO_RIVER_ZONE,0.0,0
REC_2021_LOC05_109,2021-09-17,LOC05,FLOOD_ONLY,27.2345,88.4972,180.0,86,21.03,22.1,3.81,22.54,46.54,0.482,105.9,0.0,IN_BANK_FLOW,3.1,0
REC_2021_LOC06_109,2021-09-17,LOC06,FLOOD_ONLY,27.1739,88.518,210.0,88,21.32,22.07,16.61,63.1,161.68,0.935,437.0,0.0,IN_BANK_FLOW,9.9,0
REC_2021_LOC01_110,2021-09-18,LOC01,COMPOUND,27.604,88.646,85.0,80,18.38,73.89,2.8,8.41,17.94,0.407,28.0,0.0,IN_BANK_FLOW,3.0,0
REC_2021_LOC02_110,2021-09-18,LOC02,COMPOUND,27.399,88.524,95.0,78,18.6,74.22,2.16,10.8,21.88,0.408,45.0,0.0,IN_BANK_FLOW,3.0,0
REC_2021_LOC03_110,2021-09-18,LOC03,LANDSLIDE_ONLY,27.385,88.755,15.0,68,16.54,14.49,0.91,2.76,6.62,0.373,0.0,0.0,NO_RIVER_ZONE,0.0,0
REC_2021_LOC04_110,2021-09-18,LOC04,LANDSLIDE_ONLY,27.545,88.455,25.0,72,17.12,22.51,0.04,0.12,0.29,0.351,0.0,0.0,NO_RIVER_ZONE,0.0,0
REC_2021_LOC05_110,2021-09-18,LOC05,FLOOD_ONLY,27.2345,88.4972,180.0,86,21.03,22.1,4.95,11.71,28.81,0.458,77.2,0.0,IN_BANK_FLOW,3.0,0
REC_2021_LOC06_110,2021-09-18,LOC06,FLOOD_ONLY,27.1739,88.518,210.0,88,21.32,22.07,3.61,8.2,19.98,0.413,95.4,0.0,IN_BANK_FLOW,3.0,0
REC_2021_LOC01_111,2021-09-19,LOC01,COMPOUND,27.604,88.646,85.0,80,18.38,73.89,3.75,9.07,16.73,0.415,28.0,0.0,IN_BANK_FLOW,3.0,0
REC_2021_LOC02_111,2021-09-19,LOC02,COMPOUND,27.399,88.524,95.0,78,18.6,74.22,4.34,10.65,20.94,0.404,45.0,0.0,IN_BANK_FLOW,3.0,0
REC_2021_LOC03_111,2021-09-19,LOC03,LANDSLIDE_ONLY,27.385,88.755,15.0,68,16.54,14.49,2.34,10.72,19.29,0.424,0.0,0.0,NO_RIVER_ZONE,0.0,0
REC_2021_LOC04_111,2021-09-19,LOC04,LANDSLIDE_ONLY,27.545,88.455,25.0,72,17.12,22.51,10.73,37.26,91.35,0.622,0.0,0.0,NO_RIVER_ZONE,0.0,0
REC_2021_LOC05_111,2021-09-19,LOC05,FLOOD_ONLY,27.2345,88.4972,180.0,86,21.03,22.1,1.14,5.56,9.16,0.38,75.0,0.0,IN_BANK_FLOW,3.0,0
REC_2021_LOC06_111,2021-09-19,LOC06,FLOOD_ONLY,27.1739,88.518,210.0,88,21.32,22.07,1.49,9.4,23.88,0.42,96.6,0.0,IN_BANK_FLOW,3.0,0
REC_2021_LOC01_112,2021-09-20,LOC01,COMPOUND,27.604,88.646,85.0,80,18.38,73.89,2.91,10.89,29.02,0.447,28.0,0.0,IN_BANK_FLOW,3.0,0
REC_2021_LOC02_112,2021-09-20,LOC02,COMPOUND,27.399,88.524,95.0,78,18.6,74.22,16.64,54.96,117.8,0.78,110.5,0.0,IN_BANK_FLOW,4.2,0
REC_2021_LOC03_112,2021-09-20,LOC03,LANDSLIDE_ONLY,27.385,88.755,15.0,68,16.54,14.49,1.3,5.58,11.64,0.386,0.0,0.0,NO_RIVER_ZONE,0.0,0
REC_2021_LOC04_112,2021-09-20,LOC04,LANDSLIDE_ONLY,27.545,88.455,25.0,72,17.12,22.51,0.79,2.82,6.24,0.367,0.0,0.0,NO_RIVER_ZONE,0.0,0
REC_2021_LOC05_112,2021-09-20,LOC05,FLOOD_ONLY,27.2345,88.4972,180.0,86,21.03,22.1,24.74,57.09,114.29,0.812,298.0,0.0,IN_BANK_FLOW,8.8,0
REC_2021_LOC06_112,2021-09-20,LOC06,FLOOD_ONLY,27.1739,88.518,210.0,88,21.32,22.07,0.05,0.24,0.51,0.352,95.0,0.0,IN_BANK_FLOW,3.0,0
REC_2021_LOC01_113,2021-09-21,LOC01,COMPOUND,27.604,88.646,85.0,80,18.38,73.89,3.48,12.8,23.08,0.456,28.0,0.0,IN_BANK_FLOW,3.0,0
REC_2021_LOC02_113,2021-09-21,LOC02,COMPOUND,27.399,88.524,95.0,78,18.6,74.22,1.36,4.33,10.54,0.391,45.0,0.0,IN_BANK_FLOW,3.0,0
REC_2021_LOC03_113,2021-09-21,LOC03,LANDSLIDE_ONLY,27.385,88.755,15.0,68,16.54,14.49,5.0,24.85,51.23,0.508,0.0,0.0,NO_RIVER_ZONE,0.0,0
REC_2021_LOC04_113,2021-09-21,LOC04,LANDSLIDE_ONLY,27.545,88.455,25.0,72,17.12,22.51,8.57,26.54,53.36,0.525,0.0,0.0,NO_RIVER_ZONE,0.0,0
REC_2021_LOC05_113,2021-09-21,LOC05,FLOOD_ONLY,27.2345,88.4972,180.0,86,21.03,22.1,0.78,5.08,12.08,0.388,75.0,0.0,IN_BANK_FLOW,3.0,0
REC_2021_LOC06_113,2021-09-21,LOC06,FLOOD_ONLY,27.1739,88.518,210.0,88,21.32,22.07,0.81,2.52,6.66,0.374,95.0,0.0,IN_BANK_FLOW,3.0,0
REC_2021_LOC01_114,2021-09-22,LOC01,COMPOUND,27.604,88.646,85.0,80,18.38,73.89,3.46,8.43,15.96,0.425,28.0,0.0,IN_BANK_FLOW,3.0,0
REC_2021_LOC02_114,2021-09-22,LOC02,COMPOUND,27.399,88.524,95.0,78,18.6,74.22,16.7,37.95,80.91,0.605,71.1,0.0,IN_BANK_FLOW,3.0,0
REC_2021_LOC03_114,2021-09-22,LOC03,LANDSLIDE_ONLY,27.385,88.755,15.0,68,16.54,14.49,3.71,22.4,37.17,0.469,0.0,0.0,NO_RIVER_ZONE,0.0,0
REC_2021_LOC04_114,2021-09-22,LOC04,LANDSLIDE_ONLY,27.545,88.455,25.0,72,17.12,22.51,1.35,6.5,12.81,0.398,0.0,0.0,NO_RIVER_ZONE,0.0,0
REC_2021_LOC05_114,2021-09-22,LOC05,FLOOD_ONLY,27.2345,88.4972,180.0,86,21.03,22.1,15.3,68.79,166.3,0.954,378.4,0.0,IN_BANK_FLOW,11.1,0
REC_2021_LOC06_114,2021-09-22,LOC06,FLOOD_ONLY,27.1739,88.518,210.0,88,21.32,22.07,5.66,15.23,28.22,0.436,110.8,0.0,IN_BANK_FLOW,3.0,0
REC_2021_LOC01_115,2021-09-23,LOC01,COMPOUND,27.604,88.646,85.0,80,18.38,73.89,1.05,2.41,4.07,0.362,28.0,0.0,IN_BANK_FLOW,3.0,0
REC_2021_LOC02_115,2021-09-23,LOC02,COMPOUND,27.399,88.524,95.0,78,18.6,74.22,0.54,2.26,4.26,0.363,45.0,0.0,IN_BANK_FLOW,3.0,0
REC_2021_LOC03_115,2021-09-23,LOC03,LANDSLIDE_ONLY,27.385,88.755,15.0,68,16.54,14.49,2.05,7.67,21.26,0.438,0.0,0.0,NO_RIVER_ZONE,0.0,0
REC_2021_LOC04_115,2021-09-23,LOC04,LANDSLIDE_ONLY,27.545,88.455,25.0,72,17.12,22.51,4.54,11.85,31.17,0.454,0.0,0.0,NO_RIVER_ZONE,0.0,0
REC_2021_LOC05_115,2021-09-23,LOC05,FLOOD_ONLY,27.2345,88.4972,180.0,86,21.03,22.1,0.38,1.06,1.71,0.356,75.0,0.0,IN_BANK_FLOW,3.0,0
REC_2021_LOC06_115,2021-09-23,LOC06,FLOOD_ONLY,27.1739,88.518,210.0,88,21.32,22.07,6.68,28.04,59.88,0.582,173.7,0.0,IN_BANK_FLOW,3.9,0
REC_2021_LOC01_116,2021-09-24,LOC01,COMPOUND,27.604,88.646,85.0,80,18.38,73.89,6.71,15.81,28.26,0.459,28.6,0.0,IN_BANK_FLOW,3.0,0
REC_2021_LOC02_116,2021-09-24,LOC02,COMPOUND,27.399,88.524,95.0,78,18.6,74.22,2.21,6.82,18.19,0.412,45.0,0.0,IN_BANK_FLOW,3.0,0
REC_2021_LOC03_116,2021-09-24,LOC03,LANDSLIDE_ONLY,27.385,88.755,15.0,68,16.54,14.49,1.32,4.45,8.78,0.377,0.0,0.0,NO_RIVER_ZONE,0.0,0
REC_2021_LOC04_116,2021-09-24,LOC04,LANDSLIDE_ONLY,27.545,88.455,25.0,72,17.12,22.51,1.99,10.48,28.44,0.461,0.0,0.0,NO_RIVER_ZONE,0.0,0
REC_2021_LOC05_116,2021-09-24,LOC05,FLOOD_ONLY,27.2345,88.4972,180.0,86,21.03,22.1,10.54,27.72,48.14,0.55,127.5,0.0,IN_BANK_FLOW,3.8,0
REC_2021_LOC06_116,2021-09-24,LOC06,FLOOD_ONLY,27.1739,88.518,210.0,88,21.32,22.07,2.03,12.64,29.92,0.43,103.0,0.0,IN_BANK_FLOW,3.0,0
REC_2021_LOC01_117,2021-09-25,LOC01,COMPOUND,27.604,88.646,85.0,80,18.38,73.89,7.68,19.77,35.51,0.442,30.8,0.0,IN_BANK_FLOW,3.0,0
REC_2021_LOC02_117,2021-09-25,LOC02,COMPOUND,27.399,88.524,95.0,78,18.6,74.22,1.93,10.58,25.17,0.455,45.0,0.0,IN_BANK_FLOW,3.0,0
REC_2021_LOC03_117,2021-09-25,LOC03,LANDSLIDE_ONLY,27.385,88.755,15.0,68,16.54,14.49,0.33,2.0,3.82,0.36,0.0,0.0,NO_RIVER_ZONE,0.0,0
REC_2021_LOC04_117,2021-09-25,LOC04,LANDSLIDE_ONLY,27.545,88.455,25.0,72,17.12,22.51,6.34,15.84,38.85,0.469,0.0,0.0,NO_RIVER_ZONE,0.0,0
REC_2021_LOC05_117,2021-09-25,LOC05,FLOOD_ONLY,27.2345,88.4972,180.0,86,21.03,22.1,3.15,7.01,13.43,0.4,75.0,0.0,IN_BANK_FLOW,3.0,0
REC_2021_LOC06_117,2021-09-25,LOC06,FLOOD_ONLY,27.1739,88.518,210.0,88,21.32,22.07,13.45,30.41,84.26,0.604,188.4,0.0,IN_BANK_FLOW,4.3,0
REC_2021_LOC01_118,2021-09-26,LOC01,COMPOUND,27.604,88.646,85.0,80,18.38,73.89,7.85,17.65,47.55,0.466,29.4,0.0,IN_BANK_FLOW,3.0,0
REC_2021_LOC02_118,2021-09-26,LOC02,COMPOUND,27.399,88.524,95.0,78,18.6,74.22,5.85,20.31,33.84,0.465,47.1,0.0,IN_BANK_FLOW,3.0,0
REC_2021_LOC03_118,2021-09-26,LOC03,LANDSLIDE_ONLY,27.385,88.755,15.0,68,16.54,14.49,1.93,6.27,10.53,0.39,0.0,0.0,NO_RIVER_ZONE,0.0,0
REC_2021_LOC04_118,2021-09-26,LOC04,LANDSLIDE_ONLY,27.545,88.455,25.0,72,17.12,22.51,6.72,19.27,47.37,0.479,0.0,0.0,NO_RIVER_ZONE,0.0,0
REC_2021_LOC05_118,2021-09-26,LOC05,FLOOD_ONLY,27.2345,88.4972,180.0,86,21.03,22.1,0.22,0.68,1.8,0.356,75.0,0.0,IN_BANK_FLOW,3.0,0
REC_2021_LOC06_118,2021-09-26,LOC06,FLOOD_ONLY,27.1739,88.518,210.0,88,21.32,22.07,6.46,28.93,60.91,0.613,179.1,0.0,IN_BANK_FLOW,4.1,0
REC_2021_LOC01_119,2021-09-27,LOC01,COMPOUND,27.604,88.646,85.0,80,18.38,73.89,0.77,1.81,4.68,0.363,28.0,0.0,IN_BANK_FLOW,3.0,0
REC_2021_LOC02_119,2021-09-27,LOC02,COMPOUND,27.399,88.524,95.0,78,18.6,74.22,2.21,7.04,12.04,0.397,45.0,0.0,IN_BANK_FLOW,3.0,0
REC_2021_LOC03_119,2021-09-27,LOC03,LANDSLIDE_ONLY,27.385,88.755,15.0,68,16.54,14.49,0.57,3.42,7.88,0.372,0.0,0.0,NO_RIVER_ZONE,0.0,0
REC_2021_LOC04_119,2021-09-27,LOC04,LANDSLIDE_ONLY,27.545,88.455,25.0,72,17.12,22.51,7.13,28.76,58.08,0.532,0.0,0.0,NO_RIVER_ZONE,0.0,0
REC_2021_LOC05_119,2021-09-27,LOC05,FLOOD_ONLY,27.2345,88.4972,180.0,86,21.03,22.1,8.02,22.74,42.0,0.466,106.7,0.0,IN_BANK_FLOW,3.1,0
REC_2021_LOC06_119,2021-09-27,LOC06,FLOOD_ONLY,27.1739,88.518,210.0,88,21.32,22.07,18.71,55.27,100.64,0.689,372.2,0.0,IN_BANK_FLOW,8.5,0
REC_2021_LOC01_120,2021-09-28,LOC01,COMPOUND,27.604,88.646,85.0,80,18.38,73.89,8.17,20.41,34.03,0.498,31.3,0.0,IN_BANK_FLOW,3.0,0
REC_2021_LOC02_120,2021-09-28,LOC02,COMPOUND,27.399,88.524,95.0,78,18.6,74.22,2.77,6.34,10.4,0.383,45.0,0.0,IN_BANK_FLOW,3.0,0
REC_2021_LOC03_120,2021-09-28,LOC03,LANDSLIDE_ONLY,27.385,88.755,15.0,68,16.54,14.49,1.35,4.51,12.17,0.379,0.0,0.0,NO_RIVER_ZONE,0.0,0
REC_2021_LOC04_120,2021-09-28,LOC04,LANDSLIDE_ONLY,27.545,88.455,25.0,72,17.12,22.51,7.91,40.79,96.88,0.593,0.0,0.0,NO_RIVER_ZONE,0.0,0
REC_2021_LOC05_120,2021-09-28,LOC05,FLOOD_ONLY,27.2345,88.4972,180.0,86,21.03,22.1,5.74,23.62,50.49,0.545,110.1,0.0,IN_BANK_FLOW,3.2,0
REC_2021_LOC06_120,2021-09-28,LOC06,FLOOD_ONLY,27.1739,88.518,210.0,88,21.32,22.07,3.15,13.97,37.7,0.478,106.7,0.0,IN_BANK_FLOW,3.0,0
REC_2021_LOC01_121,2021-09-29,LOC01,COMPOUND,27.604,88.646,85.0,80,18.38,73.89,1.37,3.11,6.67,0.377,28.0,0.0,IN_BANK_FLOW,3.0,0
REC_2021_LOC02_121,2021-09-29,LOC02,COMPOUND,27.399,88.524,95.0,78,18.6,74.22,1.08,6.08,10.78,0.382,45.0,0.0,IN_BANK_FLOW,3.0,0
REC_2021_LOC03_121,2021-09-29,LOC03,LANDSLIDE_ONLY,27.385,88.755,15.0,68,16.54,14.49,0.81,2.35,4.32,0.361,0.0,0.0,NO_RIVER_ZONE,0.0,0
REC_2021_LOC04_121,2021-09-29,LOC04,LANDSLIDE_ONLY,27.545,88.455,25.0,72,17.12,22.51,4.57,12.95,31.33,0.444,0.0,0.0,NO_RIVER_ZONE,0.0,0
REC_2021_LOC05_121,2021-09-29,LOC05,FLOOD_ONLY,27.2345,88.4972,180.0,86,21.03,22.1,11.95,37.23,96.76,0.654,175.6,0.0,IN_BANK_FLOW,5.2,0
REC_2021_LOC06_121,2021-09-29,LOC06,FLOOD_ONLY,27.1739,88.518,210.0,88,21.32,22.07,0.73,1.9,5.12,0.366,95.0,0.0,IN_BANK_FLOW,3.0,0
REC_2021_LOC01_122,2021-09-30,LOC01,COMPOUND,27.604,88.646,85.0,80,18.38,73.89,10.4,24.13,65.85,0.563,34.9,0.0,IN_BANK_FLOW,3.0,0
REC_2021_LOC02_122,2021-09-30,LOC02,COMPOUND,27.399,88.524,95.0,78,18.6,74.22,0.27,1.17,3.15,0.361,45.0,0.0,IN_BANK_FLOW,3.0,0
REC_2021_LOC03_122,2021-09-30,LOC03,LANDSLIDE_ONLY,27.385,88.755,15.0,68,16.54,14.49,0.13,0.48,1.13,0.354,0.0,0.0,NO_RIVER_ZONE,0.0,0
REC_2021_LOC04_122,2021-09-30,LOC04,LANDSLIDE_ONLY,27.545,88.455,25.0,72,17.12,22.51,2.87,8.73,15.09,0.401,0.0,0.0,NO_RIVER_ZONE,0.0,0
REC_2021_LOC05_122,2021-09-30,LOC05,FLOOD_ONLY,27.2345,88.4972,180.0,86,21.03,22.1,26.32,123.3,236.51,0.98,788.9,0.2,BANKFULL_WARNING,53.6,0
REC_2021_LOC06_122,2021-09-30,LOC06,FLOOD_ONLY,27.1739,88.518,210.0,88,21.32,22.07,1.09,2.45,6.76,0.367,95.0,0.0,IN_BANK_FLOW,3.0,0
REC_2021_LOC01_123,2021-10-01,LOC01,COMPOUND,27.604,88.646,85.0,80,18.38,73.89,0.59,3.33,6.7,0.378,28.0,0.0,IN_BANK_FLOW,3.0,0
REC_2021_LOC02_123,2021-10-01,LOC02,COMPOUND,27.399,88.524,95.0,78,18.6,74.22,11.88,29.97,58.08,0.489,57.5,0.0,IN_BANK_FLOW,3.0,0
REC_2021_LOC03_123,2021-10-01,LOC03,LANDSLIDE_ONLY,27.385,88.755,15.0,68,16.54,14.49,5.53,18.49,48.29,0.514,0.0,0.0,NO_RIVER_ZONE,0.0,0
REC_2021_LOC04_123,2021-10-01,LOC04,LANDSLIDE_ONLY,27.545,88.455,25.0,72,17.12,22.51,1.07,3.14,5.29,0.368,0.0,0.0,NO_RIVER_ZONE,0.0,0
REC_2021_LOC05_123,2021-10-01,LOC05,FLOOD_ONLY,27.2345,88.4972,180.0,86,21.03,22.1,3.31,11.85,30.28,0.467,77.4,0.0,IN_BANK_FLOW,3.0,0
REC_2021_LOC06_123,2021-10-01,LOC06,FLOOD_ONLY,27.1739,88.518,210.0,88,21.32,22.07,0.73,3.78,6.47,0.372,95.0,0.0,IN_BANK_FLOW,3.0,0
REC_2021_LOC01_124,2021-10-02,LOC01,COMPOUND,27.604,88.646,85.0,80,18.38,73.89,0.81,2.7,4.85,0.372,28.0,0.0,IN_BANK_FLOW,3.0,0
REC_2021_LOC02_124,2021-10-02,LOC02,COMPOUND,27.399,88.524,95.0,78,18.6,74.22,1.94,10.06,16.2,0.401,45.0,0.0,IN_BANK_FLOW,3.0,0
REC_2021_LOC03_124,2021-10-02,LOC03,LANDSLIDE_ONLY,27.385,88.755,15.0,68,16.54,14.49,0.01,0.05,0.12,0.35,0.0,0.0,NO_RIVER_ZONE,0.0,0
REC_2021_LOC04_124,2021-10-02,LOC04,LANDSLIDE_ONLY,27.545,88.455,25.0,72,17.12,22.51,1.32,6.21,11.7,0.397,0.0,0.0,NO_RIVER_ZONE,0.0,0
REC_2021_LOC05_124,2021-10-02,LOC05,FLOOD_ONLY,27.2345,88.4972,180.0,86,21.03,22.1,4.95,14.12,30.18,0.437,81.1,0.0,IN_BANK_FLOW,3.0,0
REC_2021_LOC06_124,2021-10-02,LOC06,FLOOD_ONLY,27.1739,88.518,210.0,88,21.32,22.07,2.48,5.84,14.96,0.401,95.0,0.0,IN_BANK_FLOW,3.0,0
REC_2021_LOC01_125,2021-10-03,LOC01,COMPOUND,27.604,88.646,85.0,80,18.38,73.89,0.98,4.36,11.76,0.392,28.0,0.0,IN_BANK_FLOW,3.0,0
REC_2021_LOC02_125,2021-10-03,LOC02,COMPOUND,27.399,88.524,95.0,78,18.6,74.22,1.03,5.48,11.24,0.384,45.0,0.0,IN_BANK_FLOW,3.0,0
REC_2021_LOC03_125,2021-10-03,LOC03,LANDSLIDE_ONLY,27.385,88.755,15.0,68,16.54,14.49,0.35,1.74,3.63,0.365,0.0,0.0,NO_RIVER_ZONE,0.0,0
REC_2021_LOC04_125,2021-10-03,LOC04,LANDSLIDE_ONLY,27.545,88.455,25.0,72,17.12,22.51,0.28,0.62,1.49,0.355,0.0,0.0,NO_RIVER_ZONE,0.0,0
REC_2021_LOC05_125,2021-10-03,LOC05,FLOOD_ONLY,27.2345,88.4972,180.0,86,21.03,22.1,0.72,1.97,4.99,0.368,75.0,0.0,IN_BANK_FLOW,3.0,0
REC_2021_LOC06_125,2021-10-03,LOC06,FLOOD_ONLY,27.1739,88.518,210.0,88,21.32,22.07,0.89,2.0,4.13,0.366,95.0,0.0,IN_BANK_FLOW,3.0,0
REC_2021_LOC01_126,2021-10-04,LOC01,COMPOUND,27.604,88.646,85.0,80,18.38,73.89,0.82,3.71,6.02,0.379,28.0,0.0,IN_BANK_FLOW,3.0,0
REC_2021_LOC02_126,2021-10-04,LOC02,COMPOUND,27.399,88.524,95.0,78,18.6,74.22,0.02,0.05,0.13,0.35,45.0,0.0,IN_BANK_FLOW,3.0,0
REC_2021_LOC03_126,2021-10-04,LOC03,LANDSLIDE_ONLY,27.385,88.755,15.0,68,16.54,14.49,0.11,0.32,0.63,0.352,0.0,0.0,NO_RIVER_ZONE,0.0,0
REC_2021_LOC04_126,2021-10-04,LOC04,LANDSLIDE_ONLY,27.545,88.455,25.0,72,17.12,22.51,5.6,20.58,51.99,0.544,0.0,0.0,NO_RIVER_ZONE,0.0,0
REC_2021_LOC05_126,2021-10-04,LOC05,FLOOD_ONLY,27.2345,88.4972,180.0,86,21.03,22.1,4.64,11.45,22.29,0.42,76.9,0.0,IN_BANK_FLOW,3.0,0
REC_2021_LOC06_126,2021-10-04,LOC06,FLOOD_ONLY,27.1739,88.518,210.0,88,21.32,22.07,1.12,7.25,19.96,0.394,95.0,0.0,IN_BANK_FLOW,3.0,0
REC_2021_LOC01_127,2021-10-05,LOC01,COMPOUND,27.604,88.646,85.0,80,18.38,73.89,3.05,7.68,12.41,0.394,28.0,0.0,IN_BANK_FLOW,3.0,0
REC_2021_LOC02_127,2021-10-05,LOC02,COMPOUND,27.399,88.524,95.0,78,18.6,74.22,2.43,8.07,20.32,0.405,45.0,0.0,IN_BANK_FLOW,3.0,0
REC_2021_LOC03_127,2021-10-05,LOC03,LANDSLIDE_ONLY,27.385,88.755,15.0,68,16.54,14.49,4.81,14.41,25.77,0.453,0.0,0.0,NO_RIVER_ZONE,0.0,0
REC_2021_LOC04_127,2021-10-05,LOC04,LANDSLIDE_ONLY,27.545,88.455,25.0,72,17.12,22.51,0.8,2.04,5.27,0.37,0.0,0.0,NO_RIVER_ZONE,0.0,0
REC_2021_LOC05_127,2021-10-05,LOC05,FLOOD_ONLY,27.2345,88.4972,180.0,86,21.03,22.1,0.31,0.99,2.23,0.356,75.0,0.0,IN_BANK_FLOW,3.0,0
REC_2021_LOC06_127,2021-10-05,LOC06,FLOOD_ONLY,27.1739,88.518,210.0,88,21.32,22.07,2.74,14.54,35.83,0.454,108.5,0.0,IN_BANK_FLOW,3.0,0
REC_2021_LOC01_128,2021-10-06,LOC01,COMPOUND,27.604,88.646,85.0,80,18.38,73.89,1.58,7.14,17.54,0.403,28.0,0.0,IN_BANK_FLOW,3.0,0
REC_2021_LOC02_128,2021-10-06,LOC02,COMPOUND,27.399,88.524,95.0,78,18.6,74.22,0.26,0.95,1.7,0.357,45.0,0.0,IN_BANK_FLOW,3.0,0
REC_2021_LOC03_128,2021-10-06,LOC03,LANDSLIDE_ONLY,27.385,88.755,15.0,68,16.54,14.49,5.08,11.8,26.15,0.451,0.0,0.0,NO_RIVER_ZONE,0.0,0
REC_2021_LOC04_128,2021-10-06,LOC04,LANDSLIDE_ONLY,27.545,88.455,25.0,72,17.12,22.51,1.38,4.75,10.39,0.394,0.0,0.0,NO_RIVER_ZONE,0.0,0
REC_2021_LOC05_128,2021-10-06,LOC05,FLOOD_ONLY,27.2345,88.4972,180.0,86,21.03,22.1,1.53,4.74,8.94,0.383,75.0,0.0,IN_BANK_FLOW,3.0,0
REC_2021_LOC06_128,2021-10-06,LOC06,FLOOD_ONLY,27.1739,88.518,210.0,88,21.32,22.07,5.04,20.87,37.62,0.468,134.4,0.0,IN_BANK_FLOW,3.1,0
REC_2021_LOC01_129,2021-10-07,LOC01,COMPOUND,27.604,88.646,85.0,80,18.38,73.89,1.44,5.62,12.01,0.394,28.0,0.0,IN_BANK_FLOW,3.0,0
REC_2021_LOC02_129,2021-10-07,LOC02,COMPOUND,27.399,88.524,95.0,78,18.6,74.22,1.62,4.28,7.91,0.373,45.0,0.0,IN_BANK_FLOW,3.0,0
REC_2021_LOC03_129,2021-10-07,LOC03,LANDSLIDE_ONLY,27.385,88.755,15.0,68,16.54,14.49,0.93,2.9,5.35,0.366,0.0,0.0,NO_RIVER_ZONE,0.0,0
REC_2021_LOC04_129,2021-10-07,LOC04,LANDSLIDE_ONLY,27.545,88.455,25.0,72,17.12,22.51,3.71,14.52,35.82,0.477,0.0,0.0,NO_RIVER_ZONE,0.0,0
REC_2021_LOC05_129,2021-10-07,LOC05,FLOOD_ONLY,27.2345,88.4972,180.0,86,21.03,22.1,0.83,4.76,8.74,0.391,75.0,0.0,IN_BANK_FLOW,3.0,0
REC_2021_LOC06_129,2021-10-07,LOC06,FLOOD_ONLY,27.1739,88.518,210.0,88,21.32,22.07,0.79,2.2,5.26,0.368,95.0,0.0,IN_BANK_FLOW,3.0,0
REC_2021_LOC01_130,2021-10-08,LOC01,COMPOUND,27.604,88.646,85.0,80,18.38,73.89,1.2,4.99,8.89,0.377,28.0,0.0,IN_BANK_FLOW,3.0,0
REC_2021_LOC02_130,2021-10-08,LOC02,COMPOUND,27.399,88.524,95.0,78,18.6,74.22,0.09,0.56,0.96,0.354,45.0,0.0,IN_BANK_FLOW,3.0,0
REC_2021_LOC03_130,2021-10-08,LOC03,LANDSLIDE_ONLY,27.385,88.755,15.0,68,16.54,14.49,1.14,4.4,7.61,0.383,0.0,0.0,NO_RIVER_ZONE,0.0,0
REC_2021_LOC04_130,2021-10-08,LOC04,LANDSLIDE_ONLY,27.545,88.455,25.0,72,17.12,22.51,1.58,4.68,12.8,0.392,0.0,0.0,NO_RIVER_ZONE,0.0,0
REC_2021_LOC05_130,2021-10-08,LOC05,FLOOD_ONLY,27.2345,88.4972,180.0,86,21.03,22.1,0.41,1.02,1.82,0.355,75.0,0.0,IN_BANK_FLOW,3.0,0
REC_2021_LOC06_130,2021-10-08,LOC06,FLOOD_ONLY,27.1739,88.518,210.0,88,21.32,22.07,1.63,3.66,6.1,0.366,95.0,0.0,IN_BANK_FLOW,3.0,0
REC_2021_LOC01_131,2021-10-09,LOC01,COMPOUND,27.604,88.646,85.0,80,18.38,73.89,1.16,5.77,10.6,0.386,28.0,0.0,IN_BANK_FLOW,3.0,0
REC_2021_LOC02_131,2021-10-09,LOC02,COMPOUND,27.399,88.524,95.0,78,18.6,74.22,3.85,24.57,62.98,0.55,50.7,0.0,IN_BANK_FLOW,3.0,0
REC_2021_LOC03_131,2021-10-09,LOC03,LANDSLIDE_ONLY,27.385,88.755,15.0,68,16.54,14.49,4.61,10.69,25.98,0.416,0.0,0.0,NO_RIVER_ZONE,0.0,0
REC_2021_LOC04_131,2021-10-09,LOC04,LANDSLIDE_ONLY,27.545,88.455,25.0,72,17.12,22.51,0.19,0.53,1.1,0.354,0.0,0.0,NO_RIVER_ZONE,0.0,0
REC_2021_LOC05_131,2021-10-09,LOC05,FLOOD_ONLY,27.2345,88.4972,180.0,86,21.03,22.1,0.6,3.6,7.9,0.372,75.0,0.0,IN_BANK_FLOW,3.0,0
REC_2021_LOC06_131,2021-10-09,LOC06,FLOOD_ONLY,27.1739,88.518,210.0,88,21.32,22.07,0.3,1.17,2.4,0.358,95.0,0.0,IN_BANK_FLOW,3.0,0
REC_2021_LOC01_132,2021-10-10,LOC01,COMPOUND,27.604,88.646,85.0,80,18.38,73.89,0.26,0.78,1.36,0.356,28.0,0.0,IN_BANK_FLOW,3.0,0
REC_2021_LOC02_132,2021-10-10,LOC02,COMPOUND,27.399,88.524,95.0,78,18.6,74.22,5.36,16.96,30.69,0.466,45.4,0.0,IN_BANK_FLOW,3.0,0
REC_2021_LOC03_132,2021-10-10,LOC03,LANDSLIDE_ONLY,27.385,88.755,15.0,68,16.54,14.49,5.9,14.11,38.15,0.455,0.0,0.0,NO_RIVER_ZONE,0.0,0
REC_2021_LOC04_132,2021-10-10,LOC04,LANDSLIDE_ONLY,27.545,88.455,25.0,72,17.12,22.51,1.31,6.53,16.7,0.397,0.0,0.0,NO_RIVER_ZONE,0.0,0
REC_2021_LOC05_132,2021-10-10,LOC05,FLOOD_ONLY,27.2345,88.4972,180.0,86,21.03,22.1,0.45,2.88,5.99,0.371,75.0,0.0,IN_BANK_FLOW,3.0,0
REC_2021_LOC06_132,2021-10-10,LOC06,FLOOD_ONLY,27.1739,88.518,210.0,88,21.32,22.07,0.36,0.9,1.61,0.357,95.0,0.0,IN_BANK_FLOW,3.0,0
REC_2021_LOC01_133,2021-10-11,LOC01,COMPOUND,27.604,88.646,85.0,80,18.38,73.89,1.29,3.02,5.07,0.369,28.0,0.0,IN_BANK_FLOW,3.0,0
REC_2021_LOC02_133,2021-10-11,LOC02,COMPOUND,27.399,88.524,95.0,78,18.6,74.22,1.28,3.17,5.81,0.373,45.0,0.0,IN_BANK_FLOW,3.0,0
REC_2021_LOC03_133,2021-10-11,LOC03,LANDSLIDE_ONLY,27.385,88.755,15.0,68,16.54,14.49,0.52,1.63,4.31,0.366,0.0,0.0,NO_RIVER_ZONE,0.0,0
REC_2021_LOC04_133,2021-10-11,LOC04,LANDSLIDE_ONLY,27.545,88.455,25.0,72,17.12,22.51,1.5,3.45,6.84,0.38,0.0,0.0,NO_RIVER_ZONE,0.0,0
REC_2021_LOC05_133,2021-10-11,LOC05,FLOOD_ONLY,27.2345,88.4972,180.0,86,21.03,22.1,2.2,9.03,22.93,0.421,75.1,0.0,IN_BANK_FLOW,3.0,0
REC_2021_LOC06_133,2021-10-11,LOC06,FLOOD_ONLY,27.1739,88.518,210.0,88,21.32,22.07,0.86,3.3,7.36,0.375,95.0,0.0,IN_BANK_FLOW,3.0,0
REC_2021_LOC01_134,2021-10-12,LOC01,COMPOUND,27.604,88.646,85.0,80,18.38,73.89,0.98,2.28,5.63,0.37,28.0,0.0,IN_BANK_FLOW,3.0,0
REC_2021_LOC02_134,2021-10-12,LOC02,COMPOUND,27.399,88.524,95.0,78,18.6,74.22,1.57,4.99,10.14,0.376,45.0,0.0,IN_BANK_FLOW,3.0,0
REC_2021_LOC03_134,2021-10-12,LOC03,LANDSLIDE_ONLY,27.385,88.755,15.0,68,16.54,14.49,0.73,4.4,7.24,0.378,0.0,0.0,NO_RIVER_ZONE,0.0,0
REC_2021_LOC04_134,2021-10-12,LOC04,LANDSLIDE_ONLY,27.545,88.455,25.0,72,17.12,22.51,1.92,9.56,17.47,0.404,0.0,0.0,NO_RIVER_ZONE,0.0,0
REC_2021_LOC05_134,2021-10-12,LOC05,FLOOD_ONLY,27.2345,88.4972,180.0,86,21.03,22.1,2.93,7.37,15.49,0.39,75.0,0.0,IN_BANK_FLOW,3.0,0
REC_2021_LOC06_134,2021-10-12,LOC06,FLOOD_ONLY,27.1739,88.518,210.0,88,21.32,22.07,0.02,0.05,0.08,0.35,95.0,0.0,IN_BANK_FLOW,3.0,0
REC_2021_LOC01_135,2021-10-13,LOC01,COMPOUND,27.604,88.646,85.0,80,18.38,73.89,7.15,20.31,34.08,0.456,31.2,0.0,IN_BANK_FLOW,3.0,0
REC_2021_LOC02_135,2021-10-13,LOC02,COMPOUND,27.399,88.524,95.0,78,18.6,74.22,1.57,6.11,10.98,0.393,45.0,0.0,IN_BANK_FLOW,3.0,0
REC_2021_LOC03_135,2021-10-13,LOC03,LANDSLIDE_ONLY,27.385,88.755,15.0,68,16.54,14.49,8.13,19.19,35.52,0.463,0.0,0.0,NO_RIVER_ZONE,0.0,0
REC_2021_LOC04_135,2021-10-13,LOC04,LANDSLIDE_ONLY,27.545,88.455,25.0,72,17.12,22.51,0.84,5.29,10.03,0.386,0.0,0.0,NO_RIVER_ZONE,0.0,0
REC_2021_LOC05_135,2021-10-13,LOC05,FLOOD_ONLY,27.2345,88.4972,180.0,86,21.03,22.1,0.73,2.3,3.92,0.365,75.0,0.0,IN_BANK_FLOW,3.0,0
REC_2021_LOC06_135,2021-10-13,LOC06,FLOOD_ONLY,27.1739,88.518,210.0,88,21.32,22.07,1.66,4.07,9.85,0.381,95.0,0.0,IN_BANK_FLOW,3.0,0
REC_2021_LOC01_136,2021-10-14,LOC01,COMPOUND,27.604,88.646,85.0,80,18.38,73.89,2.17,5.02,8.32,0.382,28.0,0.0,IN_BANK_FLOW,3.0,0
REC_2021_LOC02_136,2021-10-14,LOC02,COMPOUND,27.399,88.524,95.0,78,18.6,74.22,1.03,3.87,10.44,0.386,45.0,0.0,IN_BANK_FLOW,3.0,0
REC_2021_LOC03_136,2021-10-14,LOC03,LANDSLIDE_ONLY,27.385,88.755,15.0,68,16.54,14.49,0.1,0.42,0.89,0.353,0.0,0.0,NO_RIVER_ZONE,0.0,0
REC_2021_LOC04_136,2021-10-14,LOC04,LANDSLIDE_ONLY,27.545,88.455,25.0,72,17.12,22.51,2.29,6.25,17.06,0.411,0.0,0.0,NO_RIVER_ZONE,0.0,0
REC_2021_LOC05_136,2021-10-14,LOC05,FLOOD_ONLY,27.2345,88.4972,180.0,86,21.03,22.1,1.04,5.63,9.86,0.381,75.0,0.0,IN_BANK_FLOW,3.0,0
REC_2021_LOC06_136,2021-10-14,LOC06,FLOOD_ONLY,27.1739,88.518,210.0,88,21.32,22.07,7.17,24.27,40.68,0.516,152.0,0.0,IN_BANK_FLOW,3.5,0
REC_2021_LOC01_137,2021-10-15,LOC01,COMPOUND,27.604,88.646,85.0,80,18.38,73.89,3.44,16.6,38.82,0.448,28.9,0.0,IN_BANK_FLOW,3.0,0
REC_2021_LOC02_137,2021-10-15,LOC02,COMPOUND,27.399,88.524,95.0,78,18.6,74.22,3.52,8.11,15.58,0.397,45.0,0.0,IN_BANK_FLOW,3.0,0
REC_2021_LOC03_137,2021-10-15,LOC03,LANDSLIDE_ONLY,27.385,88.755,15.0,68,16.54,14.49,7.23,19.03,45.47,0.524,0.0,0.0,NO_RIVER_ZONE,0.0,0
REC_2021_LOC04_137,2021-10-15,LOC04,LANDSLIDE_ONLY,27.545,88.455,25.0,72,17.12,22.51,0.27,0.87,1.52,0.355,0.0,0.0,NO_RIVER_ZONE,0.0,0
REC_2021_LOC05_137,2021-10-15,LOC05,FLOOD_ONLY,27.2345,88.4972,180.0,86,21.03,22.1,5.58,21.04,44.38,0.515,100.4,0.0,IN_BANK_FLOW,3.0,0
REC_2021_LOC06_137,2021-10-15,LOC06,FLOOD_ONLY,27.1739,88.518,210.0,88,21.32,22.07,4.48,23.67,48.43,0.471,148.7,0.0,IN_BANK_FLOW,3.4,0
REC_2021_LOC01_138,2021-10-16,LOC01,COMPOUND,27.604,88.646,85.0,80,18.38,73.89,0.24,0.62,1.57,0.357,28.0,0.0,IN_BANK_FLOW,3.0,0
REC_2021_LOC02_138,2021-10-16,LOC02,COMPOUND,27.399,88.524,95.0,78,18.6,74.22,4.32,10.69,27.35,0.427,45.0,0.0,IN_BANK_FLOW,3.0,0
REC_2021_LOC03_138,2021-10-16,LOC03,LANDSLIDE_ONLY,27.385,88.755,15.0,68,16.54,14.49,5.44,27.66,51.75,0.529,0.0,0.0,NO_RIVER_ZONE,0.0,0
REC_2021_LOC04_138,2021-10-16,LOC04,LANDSLIDE_ONLY,27.545,88.455,25.0,72,17.12,22.51,4.08,12.9,34.6,0.447,0.0,0.0,NO_RIVER_ZONE,0.0,0
REC_2021_LOC05_138,2021-10-16,LOC05,FLOOD_ONLY,27.2345,88.4972,180.0,86,21.03,22.1,3.23,7.75,16.68,0.399,75.0,0.0,IN_BANK_FLOW,3.0,0
REC_2021_LOC06_138,2021-10-16,LOC06,FLOOD_ONLY,27.1739,88.518,210.0,88,21.32,22.07,1.72,5.73,10.16,0.382,95.0,0.0,IN_BANK_FLOW,3.0,0
REC_2021_LOC01_139,2021-10-17,LOC01,COMPOUND,27.604,88.646,85.0,80,18.38,73.89,3.65,10.02,20.44,0.414,28.0,0.0,IN_BANK_FLOW,3.0,0
REC_2021_LOC02_139,2021-10-17,LOC02,COMPOUND,27.399,88.524,95.0,78,18.6,74.22,1.18,6.02,12.21,0.395,45.0,0.0,IN_BANK_FLOW,3.0,0
REC_2021_LOC03_139,2021-10-17,LOC03,LANDSLIDE_ONLY,27.385,88.755,15.0,68,16.54,14.49,0.88,5.78,9.79,0.382,0.0,0.0,NO_RIVER_ZONE,0.0,0
REC_2021_LOC04_139,2021-10-17,LOC04,LANDSLIDE_ONLY,27.545,88.455,25.0,72,17.12,22.51,0.58,2.21,5.04,0.372,0.0,0.0,NO_RIVER_ZONE,0.0,0
REC_2021_LOC05_139,2021-10-17,LOC05,FLOOD_ONLY,27.2345,88.4972,180.0,86,21.03,22.1,2.11,7.74,16.76,0.391,75.0,0.0,IN_BANK_FLOW,3.0,0
REC_2021_LOC06_139,2021-10-17,LOC06,FLOOD_ONLY,27.1739,88.518,210.0,88,21.32,22.07,1.38,3.39,8.47,0.371,95.0,0.0,IN_BANK_FLOW,3.0,0
REC_2021_LOC01_140,2021-10-18,LOC01,COMPOUND,27.604,88.646,85.0,80,18.38,73.89,1.76,5.34,10.89,0.391,28.0,0.0,IN_BANK_FLOW,3.0,0
REC_2021_LOC02_140,2021-10-18,LOC02,COMPOUND,27.399,88.524,95.0,78,18.6,74.22,1.06,2.58,6.49,0.365,45.0,0.0,IN_BANK_FLOW,3.0,0
REC_2021_LOC03_140,2021-10-18,LOC03,LANDSLIDE_ONLY,27.385,88.755,15.0,68,16.54,14.49,0.41,1.56,3.44,0.36,0.0,0.0,NO_RIVER_ZONE,0.0,0
REC_2021_LOC04_140,2021-10-18,LOC04,LANDSLIDE_ONLY,27.545,88.455,25.0,72,17.12,22.51,2.16,5.45,9.84,0.39,0.0,0.0,NO_RIVER_ZONE,0.0,0
REC_2021_LOC05_140,2021-10-18,LOC05,FLOOD_ONLY,27.2345,88.4972,180.0,86,21.03,22.1,0.71,3.72,8.92,0.381,75.0,0.0,IN_BANK_FLOW,3.0,0
REC_2021_LOC06_140,2021-10-18,LOC06,FLOOD_ONLY,27.1739,88.518,210.0,88,21.32,22.07,0.18,0.62,1.55,0.355,95.0,0.0,IN_BANK_FLOW,3.0,0
REC_2021_LOC01_141,2021-10-19,LOC01,COMPOUND,27.604,88.646,85.0,80,18.38,73.89,6.71,16.02,38.81,0.464,28.7,0.0,IN_BANK_FLOW,3.0,0
REC_2021_LOC02_141,2021-10-19,LOC02,COMPOUND,27.399,88.524,95.0,78,18.6,74.22,0.3,1.37,2.88,0.358,45.0,0.0,IN_BANK_FLOW,3.0,0
REC_2021_LOC03_141,2021-10-19,LOC03,LANDSLIDE_ONLY,27.385,88.755,15.0,68,16.54,14.49,1.68,5.95,12.0,0.401,0.0,0.0,NO_RIVER_ZONE,0.0,0
REC_2021_LOC04_141,2021-10-19,LOC04,LANDSLIDE_ONLY,27.545,88.455,25.0,72,17.12,22.51,1.87,9.55,16.77,0.412,0.0,0.0,NO_RIVER_ZONE,0.0,0
REC_2021_LOC05_141,2021-10-19,LOC05,FLOOD_ONLY,27.2345,88.4972,180.0,86,21.03,22.1,1.75,5.67,13.53,0.396,75.0,0.0,IN_BANK_FLOW,3.0,0
REC_2021_LOC06_141,2021-10-19,LOC06,FLOOD_ONLY,27.1739,88.518,210.0,88,21.32,22.07,0.94,5.49,13.99,0.393,95.0,0.0,IN_BANK_FLOW,3.0,0
REC_2021_LOC01_142,2021-10-20,LOC01,COMPOUND,27.604,88.646,85.0,80,18.38,73.89,1.95,7.59,19.51,0.409,28.0,0.0,IN_BANK_FLOW,3.0,0
REC_2021_LOC02_142,2021-10-20,LOC02,COMPOUND,27.399,88.524,95.0,78,18.6,74.22,0.73,2.52,6.51,0.374,45.0,0.0,IN_BANK_FLOW,3.0,0
REC_2021_LOC03_142,2021-10-20,LOC03,LANDSLIDE_ONLY,27.385,88.755,15.0,68,16.54,14.49,0.16,0.73,1.79,0.357,0.0,0.0,NO_RIVER_ZONE,0.0,0
REC_2021_LOC04_142,2021-10-20,LOC04,LANDSLIDE_ONLY,27.545,88.455,25.0,72,17.12,22.51,0.88,4.03,7.86,0.374,0.0,0.0,NO_RIVER_ZONE,0.0,0
REC_2021_LOC05_142,2021-10-20,LOC05,FLOOD_ONLY,27.2345,88.4972,180.0,86,21.03,22.1,1.12,6.35,12.73,0.394,75.0,0.0,IN_BANK_FLOW,3.0,0
REC_2021_LOC06_142,2021-10-20,LOC06,FLOOD_ONLY,27.1739,88.518,210.0,88,21.32,22.07,4.81,18.97,34.02,0.492,125.6,0.0,IN_BANK_FLOW,3.0,0
REC_2021_LOC01_143,2021-10-21,LOC01,COMPOUND,27.604,88.646,85.0,80,18.38,73.89,2.04,4.54,10.96,0.386,28.0,0.0,IN_BANK_FLOW,3.0,0
REC_2021_LOC02_143,2021-10-21,LOC02,COMPOUND,27.399,88.524,95.0,78,18.6,74.22,1.38,5.71,9.73,0.378,45.0,0.0,IN_BANK_FLOW,3.0,0
REC_2021_LOC03_143,2021-10-21,LOC03,LANDSLIDE_ONLY,27.385,88.755,15.0,68,16.54,14.49,11.8,49.98,96.79,0.602,0.0,0.0,NO_RIVER_ZONE,0.0,0
REC_2021_LOC04_143,2021-10-21,LOC04,LANDSLIDE_ONLY,27.545,88.455,25.0,72,17.12,22.51,7.31,16.53,31.06,0.461,0.0,0.0,NO_RIVER_ZONE,0.0,0
REC_2021_LOC05_143,2021-10-21,LOC05,FLOOD_ONLY,27.2345,88.4972,180.0,86,21.03,22.1,0.93,3.93,9.76,0.387,75.0,0.0,IN_BANK_FLOW,3.0,0
REC_2021_LOC06_143,2021-10-21,LOC06,FLOOD_ONLY,27.1739,88.518,210.0,88,21.32,22.07,1.2,4.9,12.13,0.403,95.0,0.0,IN_BANK_FLOW,3.0,0
REC_2021_LOC01_144,2021-10-22,LOC01,COMPOUND,27.604,88.646,85.0,80,18.38,73.89,2.95,12.24,25.44,0.428,28.0,0.0,IN_BANK_FLOW,3.0,0
REC_2021_LOC02_144,2021-10-22,LOC02,COMPOUND,27.399,88.524,95.0,78,18.6,74.22,0.88,5.24,9.08,0.378,45.0,0.0,IN_BANK_FLOW,3.0,0
REC_2021_LOC03_144,2021-10-22,LOC03,LANDSLIDE_ONLY,27.385,88.755,15.0,68,16.54,14.49,2.62,9.42,18.84,0.416,0.0,0.0,NO_RIVER_ZONE,0.0,0
REC_2021_LOC04_144,2021-10-22,LOC04,LANDSLIDE_ONLY,27.545,88.455,25.0,72,17.12,22.51,0.22,0.98,2.66,0.36,0.0,0.0,NO_RIVER_ZONE,0.0,0
REC_2021_LOC05_144,2021-10-22,LOC05,FLOOD_ONLY,27.2345,88.4972,180.0,86,21.03,22.1,11.38,25.89,48.11,0.508,119.4,0.0,IN_BANK_FLOW,3.5,0
REC_2021_LOC06_144,2021-10-22,LOC06,FLOOD_ONLY,27.1739,88.518,210.0,88,21.32,22.07,3.32,18.77,41.55,0.534,124.7,0.0,IN_BANK_FLOW,3.0,0
REC_2021_LOC01_145,2021-10-23,LOC01,COMPOUND,27.604,88.646,85.0,80,18.38,73.89,0.54,1.22,3.29,0.358,28.0,0.0,IN_BANK_FLOW,3.0,0
REC_2021_LOC02_145,2021-10-23,LOC02,COMPOUND,27.399,88.524,95.0,78,18.6,74.22,1.37,4.17,7.03,0.376,45.0,0.0,IN_BANK_FLOW,3.0,0
REC_2021_LOC03_145,2021-10-23,LOC03,LANDSLIDE_ONLY,27.385,88.755,15.0,68,16.54,14.49,0.03,0.14,0.33,0.351,0.0,0.0,NO_RIVER_ZONE,0.0,0
REC_2021_LOC04_145,2021-10-23,LOC04,LANDSLIDE_ONLY,27.545,88.455,25.0,72,17.12,22.51,7.34,16.78,28.41,0.443,0.0,0.0,NO_RIVER_ZONE,0.0,0
REC_2021_LOC05_145,2021-10-23,LOC05,FLOOD_ONLY,27.2345,88.4972,180.0,86,21.03,22.1,2.64,6.04,13.31,0.389,75.0,0.0,IN_BANK_FLOW,3.0,0
REC_2021_LOC06_145,2021-10-23,LOC06,FLOOD_ONLY,27.1739,88.518,210.0,88,21.32,22.07,0.31,1.5,3.78,0.362,95.0,0.0,IN_BANK_FLOW,3.0,0
REC_2021_LOC01_146,2021-10-24,LOC01,COMPOUND,27.604,88.646,85.0,80,18.38,73.89,8.62,20.08,37.11,0.454,31.1,0.0,IN_BANK_FLOW,3.0,0
REC_2021_LOC02_146,2021-10-24,LOC02,COMPOUND,27.399,88.524,95.0,78,18.6,74.22,6.94,16.17,33.31,0.48,45.2,0.0,IN_BANK_FLOW,3.0,0
REC_2021_LOC03_146,2021-10-24,LOC03,LANDSLIDE_ONLY,27.385,88.755,15.0,68,16.54,14.49,0.38,1.83,3.01,0.36,0.0,0.0,NO_RIVER_ZONE,0.0,0
REC_2021_LOC04_146,2021-10-24,LOC04,LANDSLIDE_ONLY,27.545,88.455,25.0,72,17.12,22.51,1.27,4.62,12.81,0.381,0.0,0.0,NO_RIVER_ZONE,0.0,0
REC_2021_LOC05_146,2021-10-24,LOC05,FLOOD_ONLY,27.2345,88.4972,180.0,86,21.03,22.1,1.41,3.34,7.81,0.379,75.0,0.0,IN_BANK_FLOW,3.0,0
REC_2021_LOC06_146,2021-10-24,LOC06,FLOOD_ONLY,27.1739,88.518,210.0,88,21.32,22.07,1.08,6.69,13.94,0.403,95.0,0.0,IN_BANK_FLOW,3.0,0
REC_2021_LOC01_147,2021-10-25,LOC01,COMPOUND,27.604,88.646,85.0,80,18.38,73.89,0.74,3.9,10.67,0.38,28.0,0.0,IN_BANK_FLOW,3.0,0
REC_2021_LOC02_147,2021-10-25,LOC02,COMPOUND,27.399,88.524,95.0,78,18.6,74.22,1.02,2.6,6.87,0.368,45.0,0.0,IN_BANK_FLOW,3.0,0
REC_2021_LOC03_147,2021-10-25,LOC03,LANDSLIDE_ONLY,27.385,88.755,15.0,68,16.54,14.49,0.23,1.03,2.74,0.358,0.0,0.0,NO_RIVER_ZONE,0.0,0
REC_2021_LOC04_147,2021-10-25,LOC04,LANDSLIDE_ONLY,27.545,88.455,25.0,72,17.12,22.51,0.02,0.05,0.1,0.35,0.0,0.0,NO_RIVER_ZONE,0.0,0
REC_2021_LOC05_147,2021-10-25,LOC05,FLOOD_ONLY,27.2345,88.4972,180.0,86,21.03,22.1,1.43,5.31,14.57,0.394,75.0,0.0,IN_BANK_FLOW,3.0,0
REC_2021_LOC06_147,2021-10-25,LOC06,FLOOD_ONLY,27.1739,88.518,210.0,88,21.32,22.07,2.2,7.56,13.9,0.39,95.1,0.0,IN_BANK_FLOW,3.0,0
REC_2021_LOC01_148,2021-10-26,LOC01,COMPOUND,27.604,88.646,85.0,80,18.38,73.89,3.85,9.67,24.42,0.407,28.0,0.0,IN_BANK_FLOW,3.0,0
REC_2021_LOC02_148,2021-10-26,LOC02,COMPOUND,27.399,88.524,95.0,78,18.6,74.22,5.08,12.61,24.76,0.431,45.0,0.0,IN_BANK_FLOW,3.0,0
REC_2021_LOC03_148,2021-10-26,LOC03,LANDSLIDE_ONLY,27.385,88.755,15.0,68,16.54,14.49,5.98,18.47,44.34,0.502,0.0,0.0,NO_RIVER_ZONE,0.0,0
REC_2021_LOC04_148,2021-10-26,LOC04,LANDSLIDE_ONLY,27.545,88.455,25.0,72,17.12,22.51,0.58,1.45,3.65,0.36,0.0,0.0,NO_RIVER_ZONE,0.0,0
REC_2021_LOC05_148,2021-10-26,LOC05,FLOOD_ONLY,27.2345,88.4972,180.0,86,21.03,22.1,0.79,2.02,3.91,0.362,75.0,0.0,IN_BANK_FLOW,3.0,0
REC_2021_LOC06_148,2021-10-26,LOC06,FLOOD_ONLY,27.1739,88.518,210.0,88,21.32,22.07,1.15,3.08,6.96,0.38,95.0,0.0,IN_BANK_FLOW,3.0,0
REC_2021_LOC01_149,2021-10-27,LOC01,COMPOUND,27.604,88.646,85.0,80,18.38,73.89,0.13,0.29,0.6,0.352,28.0,0.0,IN_BANK_FLOW,3.0,0
REC_2021_LOC02_149,2021-10-27,LOC02,COMPOUND,27.399,88.524,95.0,78,18.6,74.22,1.76,6.19,16.11,0.396,45.0,0.0,IN_BANK_FLOW,3.0,0
REC_2021_LOC03_149,2021-10-27,LOC03,LANDSLIDE_ONLY,27.385,88.755,15.0,68,16.54,14.49,2.88,10.73,25.49,0.436,0.0,0.0,NO_RIVER_ZONE,0.0,0
REC_2021_LOC04_149,2021-10-27,LOC04,LANDSLIDE_ONLY,27.545,88.455,25.0,72,17.12,22.51,0.03,0.14,0.31,0.351,0.0,0.0,NO_RIVER_ZONE,0.0,0
REC_2021_LOC05_149,2021-10-27,LOC05,FLOOD_ONLY,27.2345,88.4972,180.0,86,21.03,22.1,0.88,4.72,12.1,0.391,75.0,0.0,IN_BANK_FLOW,3.0,0
REC_2021_LOC06_149,2021-10-27,LOC06,FLOOD_ONLY,27.1739,88.518,210.0,88,21.32,22.07,3.03,7.91,13.9,0.39,95.3,0.0,IN_BANK_FLOW,3.0,0
REC_2021_LOC01_150,2021-10-28,LOC01,COMPOUND,27.604,88.646,85.0,80,18.38,73.89,0.89,3.18,7.47,0.371,28.0,0.0,IN_BANK_FLOW,3.0,0
REC_2021_LOC02_150,2021-10-28,LOC02,COMPOUND,27.399,88.524,95.0,78,18.6,74.22,2.25,7.1,17.65,0.409,45.0,0.0,IN_BANK_FLOW,3.0,0
REC_2021_LOC03_150,2021-10-28,LOC03,LANDSLIDE_ONLY,27.385,88.755,15.0,68,16.54,14.49,1.14,7.31,17.43,0.404,0.0,0.0,NO_RIVER_ZONE,0.0,0
REC_2021_LOC04_150,2021-10-28,LOC04,LANDSLIDE_ONLY,27.545,88.455,25.0,72,17.12,22.51,0.24,0.95,2.2,0.356,0.0,0.0,NO_RIVER_ZONE,0.0,0
REC_2021_LOC05_150,2021-10-28,LOC05,FLOOD_ONLY,27.2345,88.4972,180.0,86,21.03,22.1,0.01,0.06,0.17,0.35,75.0,0.0,IN_BANK_FLOW,3.0,0
REC_2021_LOC06_150,2021-10-28,LOC06,FLOOD_ONLY,27.1739,88.518,210.0,88,21.32,22.07,3.8,8.92,18.64,0.406,96.1,0.0,IN_BANK_FLOW,3.0,0
REC_2021_LOC01_151,2021-10-29,LOC01,COMPOUND,27.604,88.646,85.0,80,18.38,73.89,3.11,16.66,37.33,0.483,28.9,0.0,IN_BANK_FLOW,3.0,0
REC_2021_LOC02_151,2021-10-29,LOC02,COMPOUND,27.399,88.524,95.0,78,18.6,74.22,0.56,2.28,6.23,0.368,45.0,0.0,IN_BANK_FLOW,3.0,0
REC_2021_LOC03_151,2021-10-29,LOC03,LANDSLIDE_ONLY,27.385,88.755,15.0,68,16.54,14.49,1.73,4.66,12.3,0.394,0.0,0.0,NO_RIVER_ZONE,0.0,0
REC_2021_LOC04_151,2021-10-29,LOC04,LANDSLIDE_ONLY,27.545,88.455,25.0,72,17.12,22.51,0.92,2.15,5.3,0.366,0.0,0.0,NO_RIVER_ZONE,0.0,0
REC_2021_LOC05_151,2021-10-29,LOC05,FLOOD_ONLY,27.2345,88.4972,180.0,86,21.03,22.1,1.86,10.29,28.35,0.441,75.8,0.0,IN_BANK_FLOW,3.0,0
REC_2021_LOC06_151,2021-10-29,LOC06,FLOOD_ONLY,27.1739,88.518,210.0,88,21.32,22.07,0.86,2.64,6.54,0.371,95.0,0.0,IN_BANK_FLOW,3.0,0
REC_2021_LOC01_152,2021-10-30,LOC01,COMPOUND,27.604,88.646,85.0,80,18.38,73.89,3.95,13.75,26.33,0.431,28.1,0.0,IN_BANK_FLOW,3.0,0
REC_2021_LOC02_152,2021-10-30,LOC02,COMPOUND,27.399,88.524,95.0,78,18.6,74.22,1.74,9.7,21.06,0.441,45.0,0.0,IN_BANK_FLOW,3.0,0
REC_2021_LOC03_152,2021-10-30,LOC03,LANDSLIDE_ONLY,27.385,88.755,15.0,68,16.54,14.49,0.51,1.86,4.72,0.364,0.0,0.0,NO_RIVER_ZONE,0.0,0
REC_2021_LOC04_152,2021-10-30,LOC04,LANDSLIDE_ONLY,27.545,88.455,25.0,72,17.12,22.51,1.01,3.35,7.79,0.376,0.0,0.0,NO_RIVER_ZONE,0.0,0
REC_2021_LOC05_152,2021-10-30,LOC05,FLOOD_ONLY,27.2345,88.4972,180.0,86,21.03,22.1,3.67,11.73,20.61,0.442,77.3,0.0,IN_BANK_FLOW,3.0,0
REC_2021_LOC06_152,2021-10-30,LOC06,FLOOD_ONLY,27.1739,88.518,210.0,88,21.32,22.07,0.94,5.11,13.9,0.385,95.0,0.0,IN_BANK_FLOW,3.0,0
REC_2021_LOC01_153,2021-10-31,LOC01,COMPOUND,27.604,88.646,85.0,80,18.38,73.89,0.86,4.27,8.2,0.374,28.0,0.0,IN_BANK_FLOW,3.0,0
REC_2021_LOC02_153,2021-10-31,LOC02,COMPOUND,27.399,88.524,95.0,78,18.6,74.22,3.79,8.78,23.66,0.426,45.0,0.0,IN_BANK_FLOW,3.0,0
REC_2021_LOC03_153,2021-10-31,LOC03,LANDSLIDE_ONLY,27.385,88.755,15.0,68,16.54,14.49,6.97,15.78,41.52,0.485,0.0,0.0,NO_RIVER_ZONE,0.0,0
REC_2021_LOC04_153,2021-10-31,LOC04,LANDSLIDE_ONLY,27.545,88.455,25.0,72,17.12,22.51,0.67,4.09,9.21,0.378,0.0,0.0,NO_RIVER_ZONE,0.0,0
REC_2021_LOC05_153,2021-10-31,LOC05,FLOOD_ONLY,27.2345,88.4972,180.0,86,21.03,22.1,2.13,7.59,19.61,0.409,75.0,0.0,IN_BANK_FLOW,3.0,0
REC_2021_LOC06_153,2021-10-31,LOC06,FLOOD_ONLY,27.1739,88.518,210.0,88,21.32,22.07,0.49,1.24,3.25,0.361,95.0,0.0,IN_BANK_FLOW,3.0,0
REC_2022_LOC01_001,2022-06-01,LOC01,COMPOUND,27.604,88.646,85.0,80,18.38,73.89,0.12,0.73,1.8,0.355,28.0,0.0,IN_BANK_FLOW,3.0,0
REC_2022_LOC02_001,2022-06-01,LOC02,COMPOUND,27.399,88.524,95.0,78,18.6,74.22,0.0,0.01,0.02,0.35,45.0,0.0,IN_BANK_FLOW,3.0,0
REC_2022_LOC03_001,2022-06-01,LOC03,LANDSLIDE_ONLY,27.385,88.755,15.0,68,16.54,14.49,2.38,5.41,12.82,0.384,0.0,0.0,NO_RIVER_ZONE,0.0,0
REC_2022_LOC04_001,2022-06-01,LOC04,LANDSLIDE_ONLY,27.545,88.455,25.0,72,17.12,22.51,0.52,1.39,3.23,0.359,0.0,0.0,NO_RIVER_ZONE,0.0,0
REC_2022_LOC05_001,2022-06-01,LOC05,FLOOD_ONLY,27.2345,88.4972,180.0,86,21.03,22.1,0.98,3.26,7.35,0.376,75.0,0.0,IN_BANK_FLOW,3.0,0
REC_2022_LOC06_001,2022-06-01,LOC06,FLOOD_ONLY,27.1739,88.518,210.0,88,21.32,22.07,0.47,1.57,2.81,0.36,95.0,0.0,IN_BANK_FLOW,3.0,0
REC_2022_LOC01_002,2022-06-02,LOC01,COMPOUND,27.604,88.646,85.0,80,18.38,73.89,0.54,1.93,3.72,0.361,28.0,0.0,IN_BANK_FLOW,3.0,0
REC_2022_LOC02_002,2022-06-02,LOC02,COMPOUND,27.399,88.524,95.0,78,18.6,74.22,0.19,0.44,0.98,0.353,45.0,0.0,IN_BANK_FLOW,3.0,0
REC_2022_LOC03_002,2022-06-02,LOC03,LANDSLIDE_ONLY,27.385,88.755,15.0,68,16.54,14.49,3.56,8.19,15.52,0.403,0.0,0.0,NO_RIVER_ZONE,0.0,0
REC_2022_LOC04_002,2022-06-02,LOC04,LANDSLIDE_ONLY,27.545,88.455,25.0,72,17.12,22.51,0.65,3.02,7.51,0.372,0.0,0.0,NO_RIVER_ZONE,0.0,0
REC_2022_LOC05_002,2022-06-02,LOC05,FLOOD_ONLY,27.2345,88.4972,180.0,86,21.03,22.1,12.19,39.91,80.73,0.551,190.7,0.0,IN_BANK_FLOW,5.6,0
REC_2022_LOC06_002,2022-06-02,LOC06,FLOOD_ONLY,27.1739,88.518,210.0,88,21.32,22.07,10.85,40.36,98.18,0.666,256.6,0.0,IN_BANK_FLOW,5.8,0
REC_2022_LOC01_003,2022-06-03,LOC01,COMPOUND,27.604,88.646,85.0,80,18.38,73.89,7.42,17.17,34.26,0.448,29.2,0.0,IN_BANK_FLOW,3.0,0
REC_2022_LOC02_003,2022-06-03,LOC02,COMPOUND,27.399,88.524,95.0,78,18.6,74.22,8.91,20.01,54.73,0.528,46.9,0.0,IN_BANK_FLOW,3.0,0
REC_2022_LOC03_003,2022-06-03,LOC03,LANDSLIDE_ONLY,27.385,88.755,15.0,68,16.54,14.49,4.41,10.89,23.7,0.425,0.0,0.0,NO_RIVER_ZONE,0.0,0
REC_2022_LOC04_003,2022-06-03,LOC04,LANDSLIDE_ONLY,27.545,88.455,25.0,72,17.12,22.51,11.4,32.36,76.37,0.572,0.0,0.0,NO_RIVER_ZONE,0.0,0
REC_2022_LOC05_003,2022-06-03,LOC05,FLOOD_ONLY,27.2345,88.4972,180.0,86,21.03,22.1,2.2,12.44,26.34,0.443,78.2,0.0,IN_BANK_FLOW,3.0,0
REC_2022_LOC06_003,2022-06-03,LOC06,FLOOD_ONLY,27.1739,88.518,210.0,88,21.32,22.07,0.62,1.39,2.7,0.359,95.0,0.0,IN_BANK_FLOW,3.0,0
REC_2022_LOC01_004,2022-06-04,LOC01,COMPOUND,27.604,88.646,85.0,80,18.38,73.89,0.77,4.56,8.19,0.385,28.0,0.0,IN_BANK_FLOW,3.0,0
REC_2022_LOC02_004,2022-06-04,LOC02,COMPOUND,27.399,88.524,95.0,78,18.6,74.22,1.88,7.26,13.5,0.409,45.0,0.0,IN_BANK_FLOW,3.0,0
REC_2022_LOC03_004,2022-06-04,LOC03,LANDSLIDE_ONLY,27.385,88.755,15.0,68,16.54,14.49,2.2,7.73,14.73,0.405,0.0,0.0,NO_RIVER_ZONE,0.0,0
REC_2022_LOC04_004,2022-06-04,LOC04,LANDSLIDE_ONLY,27.545,88.455,25.0,72,17.12,22.51,0.49,2.81,6.9,0.371,0.0,0.0,NO_RIVER_ZONE,0.0,0
REC_2022_LOC05_004,2022-06-04,LOC05,FLOOD_ONLY,27.2345,88.4972,180.0,86,21.03,22.1,2.31,8.87,15.26,0.403,75.1,0.0,IN_BANK_FLOW,3.0,0
REC_2022_LOC06_004,2022-06-04,LOC06,FLOOD_ONLY,27.1739,88.518,210.0,88,21.32,22.07,0.64,3.01,4.9,0.367,95.0,0.0,IN_BANK_FLOW,3.0,0
REC_2022_LOC01_005,2022-06-05,LOC01,COMPOUND,27.604,88.646,85.0,80,18.38,73.89,2.46,14.27,25.13,0.435,28.2,0.0,IN_BANK_FLOW,3.0,0
REC_2022_LOC02_005,2022-06-05,LOC02,COMPOUND,27.399,88.524,95.0,78,18.6,74.22,1.43,4.14,7.2,0.375,45.0,0.0,IN_BANK_FLOW,3.0,0
REC_2022_LOC03_005,2022-06-05,LOC03,LANDSLIDE_ONLY,27.385,88.755,15.0,68,16.54,14.49,12.91,28.71,66.87,0.535,0.0,0.0,NO_RIVER_ZONE,0.0,0
REC_2022_LOC04_005,2022-06-05,LOC04,LANDSLIDE_ONLY,27.545,88.455,25.0,72,17.12,22.51,2.72,6.41,13.09,0.39,0.0,0.0,NO_RIVER_ZONE,0.0,0
REC_2022_LOC05_005,2022-06-05,LOC05,FLOOD_ONLY,27.2345,88.4972,180.0,86,21.03,22.1,3.34,13.33,34.41,0.456,79.7,0.0,IN_BANK_FLOW,3.0,0
REC_2022_LOC06_005,2022-06-05,LOC06,FLOOD_ONLY,27.1739,88.518,210.0,88,21.32,22.07,2.37,15.41,40.77,0.468,111.4,0.0,IN_BANK_FLOW,3.0,0
REC_2022_LOC01_006,2022-06-06,LOC01,COMPOUND,27.604,88.646,85.0,80,18.38,73.89,2.56,7.24,15.24,0.411,28.0,0.0,IN_BANK_FLOW,3.0,0
REC_2022_LOC02_006,2022-06-06,LOC02,COMPOUND,27.399,88.524,95.0,78,18.6,74.22,1.78,7.09,16.19,0.398,45.0,0.0,IN_BANK_FLOW,3.0,0
REC_2022_LOC03_006,2022-06-06,LOC03,LANDSLIDE_ONLY,27.385,88.755,15.0,68,16.54,14.49,4.38,10.96,19.18,0.41,0.0,0.0,NO_RIVER_ZONE,0.0,0
REC_2022_LOC04_006,2022-06-06,LOC04,LANDSLIDE_ONLY,27.545,88.455,25.0,72,17.12,22.51,1.84,5.54,15.05,0.415,0.0,0.0,NO_RIVER_ZONE,0.0,0
REC_2022_LOC05_006,2022-06-06,LOC05,FLOOD_ONLY,27.2345,88.4972,180.0,86,21.03,22.1,1.04,4.7,11.96,0.38,75.0,0.0,IN_BANK_FLOW,3.0,0
REC_2022_LOC06_006,2022-06-06,LOC06,FLOOD_ONLY,27.1739,88.518,210.0,88,21.32,22.07,2.05,6.14,14.14,0.4,95.0,0.0,IN_BANK_FLOW,3.0,0
REC_2022_LOC01_007,2022-06-07,LOC01,COMPOUND,27.604,88.646,85.0,80,18.38,73.89,9.26,25.69,65.43,0.539,36.8,0.0,IN_BANK_FLOW,3.0,0
REC_2022_LOC02_007,2022-06-07,LOC02,COMPOUND,27.399,88.524,95.0,78,18.6,74.22,0.29,0.88,2.45,0.355,45.0,0.0,IN_BANK_FLOW,3.0,0
REC_2022_LOC03_007,2022-06-07,LOC03,LANDSLIDE_ONLY,27.385,88.755,15.0,68,16.54,14.49,8.95,24.78,67.77,0.571,0.0,0.0,NO_RIVER_ZONE,0.0,0
REC_2022_LOC04_007,2022-06-07,LOC04,LANDSLIDE_ONLY,27.545,88.455,25.0,72,17.12,22.51,1.73,8.36,18.47,0.42,0.0,0.0,NO_RIVER_ZONE,0.0,0
REC_2022_LOC05_007,2022-06-07,LOC05,FLOOD_ONLY,27.2345,88.4972,180.0,86,21.03,22.1,0.62,1.68,3.7,0.366,75.0,0.0,IN_BANK_FLOW,3.0,0
REC_2022_LOC06_007,2022-06-07,LOC06,FLOOD_ONLY,27.1739,88.518,210.0,88,21.32,22.07,0.84,2.24,3.61,0.362,95.0,0.0,IN_BANK_FLOW,3.0,0
REC_2022_LOC01_008,2022-06-08,LOC01,COMPOUND,27.604,88.646,85.0,80,18.38,73.89,4.19,15.6,24.98,0.43,28.5,0.0,IN_BANK_FLOW,3.0,0
REC_2022_LOC02_008,2022-06-08,LOC02,COMPOUND,27.399,88.524,95.0,78,18.6,74.22,5.63,18.37,31.03,0.461,46.0,0.0,IN_BANK_FLOW,3.0,0
REC_2022_LOC03_008,2022-06-08,LOC03,LANDSLIDE_ONLY,27.385,88.755,15.0,68,16.54,14.49,0.78,1.75,3.24,0.361,0.0,0.0,NO_RIVER_ZONE,0.0,0
REC_2022_LOC04_008,2022-06-08,LOC04,LANDSLIDE_ONLY,27.545,88.455,25.0,72,17.12,22.51,0.88,2.72,7.3,0.373,0.0,0.0,NO_RIVER_ZONE,0.0,0
REC_2022_LOC05_008,2022-06-08,LOC05,FLOOD_ONLY,27.2345,88.4972,180.0,86,21.03,22.1,1.22,5.74,11.34,0.39,75.0,0.0,IN_BANK_FLOW,3.0,0
REC_2022_LOC06_008,2022-06-08,LOC06,FLOOD_ONLY,27.1739,88.518,210.0,88,21.32,22.07,2.02,5.41,14.96,0.403,95.0,0.0,IN_BANK_FLOW,3.0,0
REC_2022_LOC01_009,2022-06-09,LOC01,COMPOUND,27.604,88.646,85.0,80,18.38,73.89,3.48,10.09,26.92,0.448,28.0,0.0,IN_BANK_FLOW,3.0,0
REC_2022_LOC02_009,2022-06-09,LOC02,COMPOUND,27.399,88.524,95.0,78,18.6,74.22,3.2,12.94,35.98,0.444,45.0,0.0,IN_BANK_FLOW,3.0,0
REC_2022_LOC03_009,2022-06-09,LOC03,LANDSLIDE_ONLY,27.385,88.755,15.0,68,16.54,14.49,0.13,0.81,1.73,0.355,0.0,0.0,NO_RIVER_ZONE,0.0,0
REC_2022_LOC04_009,2022-06-09,LOC04,LANDSLIDE_ONLY,27.545,88.455,25.0,72,17.12,22.51,4.98,16.36,30.11,0.451,0.0,0.0,NO_RIVER_ZONE,0.0,0
REC_2022_LOC05_009,2022-06-09,LOC05,FLOOD_ONLY,27.2345,88.4972,180.0,86,21.03,22.1,6.19,17.64,38.32,0.456,89.6,0.0,IN_BANK_FLOW,3.0,0
REC_2022_LOC06_009,2022-06-09,LOC06,FLOOD_ONLY,27.1739,88.518,210.0,88,21.32,22.07,1.44,6.19,14.68,0.409,95.0,0.0,IN_BANK_FLOW,3.0,0
REC_2022_LOC01_010,2022-06-10,LOC01,COMPOUND,27.604,88.646,85.0,80,18.38,73.89,9.26,30.02,66.68,0.599,42.8,0.0,IN_BANK_FLOW,3.0,0
REC_2022_LOC02_010,2022-06-10,LOC02,COMPOUND,27.399,88.524,95.0,78,18.6,74.22,1.64,9.22,23.25,0.424,45.0,0.0,IN_BANK_FLOW,3.0,0
REC_2022_LOC03_010,2022-06-10,LOC03,LANDSLIDE_ONLY,27.385,88.755,15.0,68,16.54,14.49,0.44,1.05,2.0,0.358,0.0,0.0,NO_RIVER_ZONE,0.0,0
REC_2022_LOC04_010,2022-06-10,LOC04,LANDSLIDE_ONLY,27.545,88.455,25.0,72,17.12,22.51,4.15,16.38,31.66,0.489,0.0,0.0,NO_RIVER_ZONE,0.0,0
REC_2022_LOC05_010,2022-06-10,LOC05,FLOOD_ONLY,27.2345,88.4972,180.0,86,21.03,22.1,0.11,0.71,1.61,0.356,75.0,0.0,IN_BANK_FLOW,3.0,0
REC_2022_LOC06_010,2022-06-10,LOC06,FLOOD_ONLY,27.1739,88.518,210.0,88,21.32,22.07,1.08,3.79,6.39,0.373,95.0,0.0,IN_BANK_FLOW,3.0,0
REC_2022_LOC01_011,2022-06-11,LOC01,COMPOUND,27.604,88.646,85.0,80,18.38,73.89,4.85,11.31,18.17,0.431,28.0,0.0,IN_BANK_FLOW,3.0,0
REC_2022_LOC02_011,2022-06-11,LOC02,COMPOUND,27.399,88.524,95.0,78,18.6,74.22,3.37,10.94,19.36,0.413,45.0,0.0,IN_BANK_FLOW,3.0,0
REC_2022_LOC03_011,2022-06-11,LOC03,LANDSLIDE_ONLY,27.385,88.755,15.0,68,16.54,14.49,7.32,34.45,82.62,0.587,0.0,0.0,NO_RIVER_ZONE,0.0,0
REC_2022_LOC04_011,2022-06-11,LOC04,LANDSLIDE_ONLY,27.545,88.455,25.0,72,17.12,22.51,1.45,5.02,11.64,0.387,0.0,0.0,NO_RIVER_ZONE,0.0,0
REC_2022_LOC05_011,2022-06-11,LOC05,FLOOD_ONLY,27.2345,88.4972,180.0,86,21.03,22.1,0.86,2.41,4.23,0.363,75.0,0.0,IN_BANK_FLOW,3.0,0
REC_2022_LOC06_011,2022-06-11,LOC06,FLOOD_ONLY,27.1739,88.518,210.0,88,21.32,22.07,6.51,31.14,72.76,0.543,193.1,0.0,IN_BANK_FLOW,4.4,0
REC_2022_LOC01_012,2022-06-12,LOC01,COMPOUND,27.604,88.646,85.0,80,18.38,73.89,1.22,4.65,8.01,0.38,28.0,0.0,IN_BANK_FLOW,3.0,0
REC_2022_LOC02_012,2022-06-12,LOC02,COMPOUND,27.399,88.524,95.0,78,18.6,74.22,1.37,5.49,8.95,0.384,45.0,0.0,IN_BANK_FLOW,3.0,0
REC_2022_LOC03_012,2022-06-12,LOC03,LANDSLIDE_ONLY,27.385,88.755,15.0,68,16.54,14.49,1.36,8.51,22.59,0.42,0.0,0.0,NO_RIVER_ZONE,0.0,0
REC_2022_LOC04_012,2022-06-12,LOC04,LANDSLIDE_ONLY,27.545,88.455,25.0,72,17.12,22.51,5.68,36.12,82.99,0.591,0.0,0.0,NO_RIVER_ZONE,0.0,0
REC_2022_LOC05_012,2022-06-12,LOC05,FLOOD_ONLY,27.2345,88.4972,180.0,86,21.03,22.1,2.73,18.18,49.53,0.471,91.2,0.0,IN_BANK_FLOW,3.0,0
REC_2022_LOC06_012,2022-06-12,LOC06,FLOOD_ONLY,27.1739,88.518,210.0,88,21.32,22.07,0.65,4.16,7.77,0.369,95.0,0.0,IN_BANK_FLOW,3.0,0
REC_2022_LOC01_013,2022-06-13,LOC01,COMPOUND,27.604,88.646,85.0,80,18.38,73.89,1.77,4.09,10.99,0.383,28.0,0.0,IN_BANK_FLOW,3.0,0
REC_2022_LOC02_013,2022-06-13,LOC02,COMPOUND,27.399,88.524,95.0,78,18.6,74.22,5.2,18.21,47.86,0.512,45.9,0.0,IN_BANK_FLOW,3.0,0
REC_2022_LOC03_013,2022-06-13,LOC03,LANDSLIDE_ONLY,27.385,88.755,15.0,68,16.54,14.49,0.86,3.13,5.78,0.369,0.0,0.0,NO_RIVER_ZONE,0.0,0
REC_2022_LOC04_013,2022-06-13,LOC04,LANDSLIDE_ONLY,27.545,88.455,25.0,72,17.12,22.51,4.37,16.48,43.56,0.487,0.0,0.0,NO_RIVER_ZONE,0.0,0
REC_2022_LOC05_013,2022-06-13,LOC05,FLOOD_ONLY,27.2345,88.4972,180.0,86,21.03,22.1,8.04,24.06,62.52,0.514,111.8,0.0,IN_BANK_FLOW,3.3,0
REC_2022_LOC06_013,2022-06-13,LOC06,FLOOD_ONLY,27.1739,88.518,210.0,88,21.32,22.07,5.22,21.87,48.0,0.498,139.3,0.0,IN_BANK_FLOW,3.2,0
REC_2022_LOC01_014,2022-06-14,LOC01,COMPOUND,27.604,88.646,85.0,80,18.38,73.89,0.17,0.8,1.29,0.354,28.0,0.0,IN_BANK_FLOW,3.0,0
REC_2022_LOC02_014,2022-06-14,LOC02,COMPOUND,27.399,88.524,95.0,78,18.6,74.22,0.05,0.12,0.2,0.351,45.0,0.0,IN_BANK_FLOW,3.0,0
REC_2022_LOC03_014,2022-06-14,LOC03,LANDSLIDE_ONLY,27.385,88.755,15.0,68,16.54,14.49,3.95,14.85,35.29,0.428,0.0,0.0,NO_RIVER_ZONE,0.0,0
REC_2022_LOC04_014,2022-06-14,LOC04,LANDSLIDE_ONLY,27.545,88.455,25.0,72,17.12,22.51,5.56,30.63,79.25,0.565,0.0,0.0,NO_RIVER_ZONE,0.0,0
REC_2022_LOC05_014,2022-06-14,LOC05,FLOOD_ONLY,27.2345,88.4972,180.0,86,21.03,22.1,0.69,2.28,5.84,0.368,75.0,0.0,IN_BANK_FLOW,3.0,0
REC_2022_LOC06_014,2022-06-14,LOC06,FLOOD_ONLY,27.1739,88.518,210.0,88,21.32,22.07,1.73,4.17,9.56,0.375,95.0,0.0,IN_BANK_FLOW,3.0,0
REC_2022_LOC01_015,2022-06-15,LOC01,COMPOUND,27.604,88.646,85.0,80,18.38,73.89,2.09,7.03,18.68,0.408,28.0,0.0,IN_BANK_FLOW,3.0,0
REC_2022_LOC02_015,2022-06-15,LOC02,COMPOUND,27.399,88.524,95.0,78,18.6,74.22,0.33,1.81,3.79,0.364,45.0,0.0,IN_BANK_FLOW,3.0,0
REC_2022_LOC03_015,2022-06-15,LOC03,LANDSLIDE_ONLY,27.385,88.755,15.0,68,16.54,14.49,9.2,24.15,55.93,0.504,0.0,0.0,NO_RIVER_ZONE,0.0,0
REC_2022_LOC04_015,2022-06-15,LOC04,LANDSLIDE_ONLY,27.545,88.455,25.0,72,17.12,22.51,3.18,12.32,26.74,0.439,0.0,0.0,NO_RIVER_ZONE,0.0,0
REC_2022_LOC05_015,2022-06-15,LOC05,FLOOD_ONLY,27.2345,88.4972,180.0,86,21.03,22.1,5.06,13.73,37.32,0.48,80.4,0.0,IN_BANK_FLOW,3.0,0
REC_2022_LOC06_015,2022-06-15,LOC06,FLOOD_ONLY,27.1739,88.518,210.0,88,21.32,22.07,9.7,31.39,75.44,0.579,194.7,0.0,IN_BANK_FLOW,4.4,0
REC_2022_LOC01_016,2022-06-16,LOC01,COMPOUND,27.604,88.646,85.0,80,18.38,73.89,0.56,1.93,4.47,0.361,28.0,0.0,IN_BANK_FLOW,3.0,0
REC_2022_LOC02_016,2022-06-16,LOC02,COMPOUND,27.399,88.524,95.0,78,18.6,74.22,14.04,31.57,74.65,0.6,59.9,0.0,IN_BANK_FLOW,3.0,0
REC_2022_LOC03_016,2022-06-16,LOC03,LANDSLIDE_ONLY,27.385,88.755,15.0,68,16.54,14.49,13.46,35.67,88.39,0.613,0.0,0.0,NO_RIVER_ZONE,0.0,0
REC_2022_LOC04_016,2022-06-16,LOC04,LANDSLIDE_ONLY,27.545,88.455,25.0,72,17.12,22.51,0.98,3.47,8.81,0.38,0.0,0.0,NO_RIVER_ZONE,0.0,0
REC_2022_LOC05_016,2022-06-16,LOC05,FLOOD_ONLY,27.2345,88.4972,180.0,86,21.03,22.1,3.25,14.89,28.72,0.427,82.7,0.0,IN_BANK_FLOW,3.0,0
REC_2022_LOC06_016,2022-06-16,LOC06,FLOOD_ONLY,27.1739,88.518,210.0,88,21.32,22.07,6.07,33.47,82.48,0.581,208.4,0.0,IN_BANK_FLOW,4.7,0
REC_2022_LOC01_017,2022-06-17,LOC01,COMPOUND,27.604,88.646,85.0,80,18.38,73.89,4.49,19.78,48.11,0.498,30.8,0.0,IN_BANK_FLOW,3.0,0
REC_2022_LOC02_017,2022-06-17,LOC02,COMPOUND,27.399,88.524,95.0,78,18.6,74.22,1.24,3.5,8.84,0.379,45.0,0.0,IN_BANK_FLOW,3.0,0
REC_2022_LOC03_017,2022-06-17,LOC03,LANDSLIDE_ONLY,27.385,88.755,15.0,68,16.54,14.49,3.88,9.64,24.69,0.417,0.0,0.0,NO_RIVER_ZONE,0.0,0
REC_2022_LOC04_017,2022-06-17,LOC04,LANDSLIDE_ONLY,27.545,88.455,25.0,72,17.12,22.51,1.11,3.62,9.29,0.38,0.0,0.0,NO_RIVER_ZONE,0.0,0
REC_2022_LOC05_017,2022-06-17,LOC05,FLOOD_ONLY,27.2345,88.4972,180.0,86,21.03,22.1,3.98,22.14,42.63,0.501,104.4,0.0,IN_BANK_FLOW,3.1,0
REC_2022_LOC06_017,2022-06-17,LOC06,FLOOD_ONLY,27.1739,88.518,210.0,88,21.32,22.07,2.74,17.21,45.51,0.455,118.2,0.0,IN_BANK_FLOW,3.0,0
REC_2022_LOC01_018,2022-06-18,LOC01,COMPOUND,27.604,88.646,85.0,80,18.38,73.89,6.09,22.63,45.34,0.488,33.4,0.0,IN_BANK_FLOW,3.0,0
REC_2022_LOC02_018,2022-06-18,LOC02,COMPOUND,27.399,88.524,95.0,78,18.6,74.22,1.81,4.16,7.5,0.374,45.0,0.0,IN_BANK_FLOW,3.0,0
REC_2022_LOC03_018,2022-06-18,LOC03,LANDSLIDE_ONLY,27.385,88.755,15.0,68,16.54,14.49,2.68,8.35,17.72,0.413,0.0,0.0,NO_RIVER_ZONE,0.0,0
REC_2022_LOC04_018,2022-06-18,LOC04,LANDSLIDE_ONLY,27.545,88.455,25.0,72,17.12,22.51,1.34,4.03,9.28,0.379,0.0,0.0,NO_RIVER_ZONE,0.0,0
REC_2022_LOC05_018,2022-06-18,LOC05,FLOOD_ONLY,27.2345,88.4972,180.0,86,21.03,22.1,0.61,3.37,8.15,0.383,75.0,0.0,IN_BANK_FLOW,3.0,0
REC_2022_LOC06_018,2022-06-18,LOC06,FLOOD_ONLY,27.1739,88.518,210.0,88,21.32,22.07,5.46,12.34,27.63,0.434,102.2,0.0,IN_BANK_FLOW,3.0,0
REC_2022_LOC01_019,2022-06-19,LOC01,COMPOUND,27.604,88.646,85.0,80,18.38,73.89,10.59,23.72,49.02,0.505,34.5,0.0,IN_BANK_FLOW,3.0,0
REC_2022_LOC02_019,2022-06-19,LOC02,COMPOUND,27.399,88.524,95.0,78,18.6,74.22,3.56,9.56,24.13,0.42,45.0,0.0,IN_BANK_FLOW,3.0,0
REC_2022_LOC03_019,2022-06-19,LOC03,LANDSLIDE_ONLY,27.385,88.755,15.0,68,16.54,14.49,4.09,18.39,33.21,0.456,0.0,0.0,NO_RIVER_ZONE,0.0,0
REC_2022_LOC04_019,2022-06-19,LOC04,LANDSLIDE_ONLY,27.545,88.455,25.0,72,17.12,22.51,3.5,14.9,23.84,0.437,0.0,0.0,NO_RIVER_ZONE,0.0,0
REC_2022_LOC05_019,2022-06-19,LOC05,FLOOD_ONLY,27.2345,88.4972,180.0,86,21.03,22.1,7.01,21.09,58.32,0.539,100.6,0.0,IN_BANK_FLOW,3.0,0
REC_2022_LOC06_019,2022-06-19,LOC06,FLOOD_ONLY,27.1739,88.518,210.0,88,21.32,22.07,2.56,10.84,18.91,0.425,98.9,0.0,IN_BANK_FLOW,3.0,0
REC_2022_LOC01_020,2022-06-20,LOC01,COMPOUND,27.604,88.646,85.0,80,18.38,73.89,1.22,5.42,12.15,0.386,28.0,0.0,IN_BANK_FLOW,3.0,0
REC_2022_LOC02_020,2022-06-20,LOC02,COMPOUND,27.399,88.524,95.0,78,18.6,74.22,1.84,6.8,17.27,0.403,45.0,0.0,IN_BANK_FLOW,3.0,0
REC_2022_LOC03_020,2022-06-20,LOC03,LANDSLIDE_ONLY,27.385,88.755,15.0,68,16.54,14.49,1.71,6.61,10.99,0.39,0.0,0.0,NO_RIVER_ZONE,0.0,0
REC_2022_LOC04_020,2022-06-20,LOC04,LANDSLIDE_ONLY,27.545,88.455,25.0,72,17.12,22.51,6.72,22.71,44.47,0.493,0.0,0.0,NO_RIVER_ZONE,0.0,0
REC_2022_LOC05_020,2022-06-20,LOC05,FLOOD_ONLY,27.2345,88.4972,180.0,86,21.03,22.1,0.1,0.58,0.93,0.352,75.0,0.0,IN_BANK_FLOW,3.0,0
REC_2022_LOC06_020,2022-06-20,LOC06,FLOOD_ONLY,27.1739,88.518,210.0,88,21.32,22.07,1.66,3.86,8.59,0.381,95.0,0.0,IN_BANK_FLOW,3.0,0
REC_2022_LOC01_021,2022-06-21,LOC01,COMPOUND,27.604,88.646,85.0,80,18.38,73.89,1.63,6.64,16.02,0.399,28.0,0.0,IN_BANK_FLOW,3.0,0
REC_2022_LOC02_021,2022-06-21,LOC02,COMPOUND,27.399,88.524,95.0,78,18.6,74.22,2.32,6.63,12.64,0.381,45.0,0.0,IN_BANK_FLOW,3.0,0
REC_2022_LOC03_021,2022-06-21,LOC03,LANDSLIDE_ONLY,27.385,88.755,15.0,68,16.54,14.49,1.01,2.68,4.34,0.365,0.0,0.0,NO_RIVER_ZONE,0.0,0
REC_2022_LOC04_021,2022-06-21,LOC04,LANDSLIDE_ONLY,27.545,88.455,25.0,72,17.12,22.51,1.25,5.26,13.05,0.391,0.0,0.0,NO_RIVER_ZONE,0.0,0
REC_2022_LOC05_021,2022-06-21,LOC05,FLOOD_ONLY,27.2345,88.4972,180.0,86,21.03,22.1,1.17,6.24,14.4,0.391,75.0,0.0,IN_BANK_FLOW,3.0,0
REC_2022_LOC06_021,2022-06-21,LOC06,FLOOD_ONLY,27.1739,88.518,210.0,88,21.32,22.07,0.45,1.43,3.49,0.363,95.0,0.0,IN_BANK_FLOW,3.0,0
REC_2022_LOC01_022,2022-06-22,LOC01,COMPOUND,27.604,88.646,85.0,80,18.38,73.89,0.1,0.35,0.7,0.352,28.0,0.0,IN_BANK_FLOW,3.0,0
REC_2022_LOC02_022,2022-06-22,LOC02,COMPOUND,27.399,88.524,95.0,78,18.6,74.22,9.54,22.38,62.09,0.519,48.6,0.0,IN_BANK_FLOW,3.0,0
REC_2022_LOC03_022,2022-06-22,LOC03,LANDSLIDE_ONLY,27.385,88.755,15.0,68,16.54,14.49,1.8,4.06,9.49,0.378,0.0,0.0,NO_RIVER_ZONE,0.0,0
REC_2022_LOC04_022,2022-06-22,LOC04,LANDSLIDE_ONLY,27.545,88.455,25.0,72,17.12,22.51,0.12,0.31,0.5,0.352,0.0,0.0,NO_RIVER_ZONE,0.0,0
REC_2022_LOC05_022,2022-06-22,LOC05,FLOOD_ONLY,27.2345,88.4972,180.0,86,21.03,22.1,1.07,5.87,9.88,0.386,75.0,0.0,IN_BANK_FLOW,3.0,0
REC_2022_LOC06_022,2022-06-22,LOC06,FLOOD_ONLY,27.1739,88.518,210.0,88,21.32,22.07,1.12,7.11,14.24,0.415,95.0,0.0,IN_BANK_FLOW,3.0,0
REC_2022_LOC01_023,2022-06-23,LOC01,COMPOUND,27.604,88.646,85.0,80,18.38,73.89,1.27,8.15,13.77,0.408,28.0,0.0,IN_BANK_FLOW,3.0,0
REC_2022_LOC02_023,2022-06-23,LOC02,COMPOUND,27.399,88.524,95.0,78,18.6,74.22,1.12,2.94,7.67,0.377,45.0,0.0,IN_BANK_FLOW,3.0,0
REC_2022_LOC03_023,2022-06-23,LOC03,LANDSLIDE_ONLY,27.385,88.755,15.0,68,16.54,14.49,3.7,17.27,28.47,0.43,0.0,0.0,NO_RIVER_ZONE,0.0,0
REC_2022_LOC04_023,2022-06-23,LOC04,LANDSLIDE_ONLY,27.545,88.455,25.0,72,17.12,22.51,2.92,9.95,19.15,0.407,0.0,0.0,NO_RIVER_ZONE,0.0,0
REC_2022_LOC05_023,2022-06-23,LOC05,FLOOD_ONLY,27.2345,88.4972,180.0,86,21.03,22.1,10.56,28.24,74.25,0.546,129.9,0.0,IN_BANK_FLOW,3.8,0
REC_2022_LOC06_023,2022-06-23,LOC06,FLOOD_ONLY,27.1739,88.518,210.0,88,21.32,22.07,0.37,0.94,1.65,0.357,95.0,0.0,IN_BANK_FLOW,3.0,0
REC_2022_LOC01_024,2022-06-24,LOC01,COMPOUND,27.604,88.646,85.0,80,18.38,73.89,6.36,22.75,57.85,0.567,33.5,0.0,IN_BANK_FLOW,3.0,0
REC_2022_LOC02_024,2022-06-24,LOC02,COMPOUND,27.399,88.524,95.0,78,18.6,74.22,8.53,21.52,48.75,0.49,47.9,0.0,IN_BANK_FLOW,3.0,0
REC_2022_LOC03_024,2022-06-24,LOC03,LANDSLIDE_ONLY,27.385,88.755,15.0,68,16.54,14.49,4.09,24.81,65.07,0.531,0.0,0.0,NO_RIVER_ZONE,0.0,0
REC_2022_LOC04_024,2022-06-24,LOC04,LANDSLIDE_ONLY,27.545,88.455,25.0,72,17.12,22.51,1.75,10.6,18.98,0.411,0.0,0.0,NO_RIVER_ZONE,0.0,0
REC_2022_LOC05_024,2022-06-24,LOC05,FLOOD_ONLY,27.2345,88.4972,180.0,86,21.03,22.1,3.86,10.19,21.77,0.433,75.7,0.0,IN_BANK_FLOW,3.0,0
REC_2022_LOC06_024,2022-06-24,LOC06,FLOOD_ONLY,27.1739,88.518,210.0,88,21.32,22.07,2.64,7.08,16.26,0.394,95.0,0.0,IN_BANK_FLOW,3.0,0
REC_2022_LOC01_025,2022-06-25,LOC01,COMPOUND,27.604,88.646,85.0,80,18.38,73.89,2.04,10.13,24.27,0.428,28.0,0.0,IN_BANK_FLOW,3.0,0
REC_2022_LOC02_025,2022-06-25,LOC02,COMPOUND,27.399,88.524,95.0,78,18.6,74.22,1.86,5.67,9.69,0.379,45.0,0.0,IN_BANK_FLOW,3.0,0
REC_2022_LOC03_025,2022-06-25,LOC03,LANDSLIDE_ONLY,27.385,88.755,15.0,68,16.54,14.49,3.55,12.47,32.8,0.471,0.0,0.0,NO_RIVER_ZONE,0.0,0
REC_2022_LOC04_025,2022-06-25,LOC04,LANDSLIDE_ONLY,27.545,88.455,25.0,72,17.12,22.51,3.1,10.82,20.03,0.402,0.0,0.0,NO_RIVER_ZONE,0.0,0
REC_2022_LOC05_025,2022-06-25,LOC05,FLOOD_ONLY,27.2345,88.4972,180.0,86,21.03,22.1,3.7,8.33,16.83,0.397,75.0,0.0,IN_BANK_FLOW,3.0,0
REC_2022_LOC06_025,2022-06-25,LOC06,FLOOD_ONLY,27.1739,88.518,210.0,88,21.32,22.07,3.9,20.02,45.77,0.471,130.4,0.0,IN_BANK_FLOW,3.0,0
REC_2022_LOC01_026,2022-06-26,LOC01,COMPOUND,27.604,88.646,85.0,80,18.38,73.89,0.78,1.74,3.43,0.359,28.0,0.0,IN_BANK_FLOW,3.0,0
REC_2022_LOC02_026,2022-06-26,LOC02,COMPOUND,27.399,88.524,95.0,78,18.6,74.22,12.18,27.77,52.65,0.492,54.5,0.0,IN_BANK_FLOW,3.0,0
REC_2022_LOC03_026,2022-06-26,LOC03,LANDSLIDE_ONLY,27.385,88.755,15.0,68,16.54,14.49,0.94,4.41,10.52,0.378,0.0,0.0,NO_RIVER_ZONE,0.0,0
REC_2022_LOC04_026,2022-06-26,LOC04,LANDSLIDE_ONLY,27.545,88.455,25.0,72,17.12,22.51,5.07,27.39,69.65,0.545,0.0,0.0,NO_RIVER_ZONE,0.0,0
REC_2022_LOC05_026,2022-06-26,LOC05,FLOOD_ONLY,27.2345,88.4972,180.0,86,21.03,22.1,7.81,40.6,96.28,0.708,194.7,0.0,IN_BANK_FLOW,5.7,0
REC_2022_LOC06_026,2022-06-26,LOC06,FLOOD_ONLY,27.1739,88.518,210.0,88,21.32,22.07,17.16,75.98,161.39,0.841,547.7,0.0,IN_BANK_FLOW,12.4,0
REC_2022_LOC01_027,2022-06-27,LOC01,COMPOUND,27.604,88.646,85.0,80,18.38,73.89,1.65,8.21,21.74,0.41,28.0,0.0,IN_BANK_FLOW,3.0,0
REC_2022_LOC02_027,2022-06-27,LOC02,COMPOUND,27.399,88.524,95.0,78,18.6,74.22,6.61,43.8,83.11,0.734,83.3,0.0,IN_BANK_FLOW,3.2,0
REC_2022_LOC03_027,2022-06-27,LOC03,LANDSLIDE_ONLY,27.385,88.755,15.0,68,16.54,14.49,0.41,1.34,2.52,0.359,0.0,0.0,NO_RIVER_ZONE,0.0,0
REC_2022_LOC04_027,2022-06-27,LOC04,LANDSLIDE_ONLY,27.545,88.455,25.0,72,17.12,22.51,8.04,39.06,108.34,0.76,0.0,0.0,NO_RIVER_ZONE,0.0,0
REC_2022_LOC05_027,2022-06-27,LOC05,FLOOD_ONLY,27.2345,88.4972,180.0,86,21.03,22.1,1.88,7.74,14.99,0.4,75.0,0.0,IN_BANK_FLOW,3.0,0
REC_2022_LOC06_027,2022-06-27,LOC06,FLOOD_ONLY,27.1739,88.518,210.0,88,21.32,22.07,0.99,2.87,7.05,0.372,95.0,0.0,IN_BANK_FLOW,3.0,0
REC_2022_LOC01_028,2022-06-28,LOC01,COMPOUND,27.604,88.646,85.0,80,18.38,73.89,2.34,8.43,15.07,0.402,28.0,0.0,IN_BANK_FLOW,3.0,0
REC_2022_LOC02_028,2022-06-28,LOC02,COMPOUND,27.399,88.524,95.0,78,18.6,74.22,7.53,21.28,50.27,0.495,47.7,0.0,IN_BANK_FLOW,3.0,0
REC_2022_LOC03_028,2022-06-28,LOC03,LANDSLIDE_ONLY,27.385,88.755,15.0,68,16.54,14.49,2.7,10.91,19.24,0.424,0.0,0.0,NO_RIVER_ZONE,0.0,0
REC_2022_LOC04_028,2022-06-28,LOC04,LANDSLIDE_ONLY,27.545,88.455,25.0,72,17.12,22.51,6.14,15.7,37.54,0.468,0.0,0.0,NO_RIVER_ZONE,0.0,0
REC_2022_LOC05_028,2022-06-28,LOC05,FLOOD_ONLY,27.2345,88.4972,180.0,86,21.03,22.1,1.23,6.88,18.56,0.403,75.0,0.0,IN_BANK_FLOW,3.0,0
REC_2022_LOC06_028,2022-06-28,LOC06,FLOOD_ONLY,27.1739,88.518,210.0,88,21.32,22.07,0.32,0.97,2.45,0.357,95.0,0.0,IN_BANK_FLOW,3.0,0
REC_2022_LOC01_029,2022-06-29,LOC01,COMPOUND,27.604,88.646,85.0,80,18.38,73.89,2.91,9.3,25.14,0.438,28.0,0.0,IN_BANK_FLOW,3.0,0
REC_2022_LOC02_029,2022-06-29,LOC02,COMPOUND,27.399,88.524,95.0,78,18.6,74.22,1.62,6.87,13.21,0.391,45.0,0.0,IN_BANK_FLOW,3.0,0
REC_2022_LOC03_029,2022-06-29,LOC03,LANDSLIDE_ONLY,27.385,88.755,15.0,68,16.54,14.49,1.0,5.91,11.37,0.399,0.0,0.0,NO_RIVER_ZONE,0.0,0
REC_2022_LOC04_029,2022-06-29,LOC04,LANDSLIDE_ONLY,27.545,88.455,25.0,72,17.12,22.51,3.67,8.9,22.39,0.427,0.0,0.0,NO_RIVER_ZONE,0.0,0
REC_2022_LOC05_029,2022-06-29,LOC05,FLOOD_ONLY,27.2345,88.4972,180.0,86,21.03,22.1,5.91,18.88,42.21,0.482,93.3,0.0,IN_BANK_FLOW,3.0,0
REC_2022_LOC06_029,2022-06-29,LOC06,FLOOD_ONLY,27.1739,88.518,210.0,88,21.32,22.07,5.43,27.65,59.22,0.555,171.4,0.0,IN_BANK_FLOW,3.9,0
REC_2022_LOC01_030,2022-06-30,LOC01,COMPOUND,27.604,88.646,85.0,80,18.38,73.89,3.21,7.58,21.16,0.4,28.0,0.0,IN_BANK_FLOW,3.0,0
REC_2022_LOC02_030,2022-06-30,LOC02,COMPOUND,27.399,88.524,95.0,78,18.6,74.22,4.12,26.41,61.41,0.562,52.8,0.0,IN_BANK_FLOW,3.0,0
REC_2022_LOC03_030,2022-06-30,LOC03,LANDSLIDE_ONLY,27.385,88.755,15.0,68,16.54,14.49,3.4,15.7,25.78,0.431,0.0,0.0,NO_RIVER_ZONE,0.0,0
REC_2022_LOC04_030,2022-06-30,LOC04,LANDSLIDE_ONLY,27.545,88.455,25.0,72,17.12,22.51,2.84,8.55,19.88,0.419,0.0,0.0,NO_RIVER_ZONE,0.0,0
REC_2022_LOC05_030,2022-06-30,LOC05,FLOOD_ONLY,27.2345,88.4972,180.0,86,21.03,22.1,3.06,10.76,22.9,0.421,76.2,0.0,IN_BANK_FLOW,3.0,0
REC_2022_LOC06_030,2022-06-30,LOC06,FLOOD_ONLY,27.1739,88.518,210.0,88,21.32,22.07,1.18,3.62,7.41,0.375,95.0,0.0,IN_BANK_FLOW,3.0,0
REC_2022_LOC01_031,2022-07-01,LOC01,COMPOUND,27.604,88.646,85.0,80,18.38,73.89,0.24,0.81,1.83,0.357,28.0,0.0,IN_BANK_FLOW,3.0,0
REC_2022_LOC02_031,2022-07-01,LOC02,COMPOUND,27.399,88.524,95.0,78,18.6,74.22,16.19,37.29,65.75,0.552,69.8,0.0,IN_BANK_FLOW,3.0,0
REC_2022_LOC03_031,2022-07-01,LOC03,LANDSLIDE_ONLY,27.385,88.755,15.0,68,16.54,14.49,1.26,3.47,7.77,0.368,0.0,0.0,NO_RIVER_ZONE,0.0,0
REC_2022_LOC04_031,2022-07-01,LOC04,LANDSLIDE_ONLY,27.545,88.455,25.0,72,17.12,22.51,5.24,20.88,48.08,0.471,0.0,0.0,NO_RIVER_ZONE,0.0,0
REC_2022_LOC05_031,2022-07-01,LOC05,FLOOD_ONLY,27.2345,88.4972,180.0,86,21.03,22.1,4.35,12.51,23.98,0.419,78.3,0.0,IN_BANK_FLOW,3.0,0
REC_2022_LOC06_031,2022-07-01,LOC06,FLOOD_ONLY,27.1739,88.518,210.0,88,21.32,22.07,4.6,14.27,38.72,0.475,107.6,0.0,IN_BANK_FLOW,3.0,0
REC_2022_LOC01_032,2022-07-02,LOC01,COMPOUND,27.604,88.646,85.0,80,18.38,73.89,9.19,30.53,51.33,0.568,43.6,0.0,IN_BANK_FLOW,3.0,0
REC_2022_LOC02_032,2022-07-02,LOC02,COMPOUND,27.399,88.524,95.0,78,18.6,74.22,5.19,12.46,32.57,0.463,45.0,0.0,IN_BANK_FLOW,3.0,0
REC_2022_LOC03_032,2022-07-02,LOC03,LANDSLIDE_ONLY,27.385,88.755,15.0,68,16.54,14.49,3.17,8.42,15.7,0.41,0.0,0.0,NO_RIVER_ZONE,0.0,0
REC_2022_LOC04_032,2022-07-02,LOC04,LANDSLIDE_ONLY,27.545,88.455,25.0,72,17.12,22.51,1.39,5.42,10.52,0.385,0.0,0.0,NO_RIVER_ZONE,0.0,0
REC_2022_LOC05_032,2022-07-02,LOC05,FLOOD_ONLY,27.2345,88.4972,180.0,86,21.03,22.1,4.86,10.92,22.6,0.404,76.3,0.0,IN_BANK_FLOW,3.0,0
REC_2022_LOC06_032,2022-07-02,LOC06,FLOOD_ONLY,27.1739,88.518,210.0,88,21.32,22.07,2.1,12.66,28.1,0.428,103.0,0.0,IN_BANK_FLOW,3.0,0
REC_2022_LOC01_033,2022-07-03,LOC01,COMPOUND,27.604,88.646,85.0,80,18.38,73.89,1.31,6.49,17.84,0.405,28.0,0.0,IN_BANK_FLOW,3.0,0
REC_2022_LOC02_033,2022-07-03,LOC02,COMPOUND,27.399,88.524,95.0,78,18.6,74.22,2.36,15.17,36.49,0.489,45.0,0.0,IN_BANK_FLOW,3.0,0
REC_2022_LOC03_033,2022-07-03,LOC03,LANDSLIDE_ONLY,27.385,88.755,15.0,68,16.54,14.49,6.62,35.17,73.09,0.545,0.0,0.0,NO_RIVER_ZONE,0.0,0
REC_2022_LOC04_033,2022-07-03,LOC04,LANDSLIDE_ONLY,27.545,88.455,25.0,72,17.12,22.51,5.16,11.87,20.79,0.424,0.0,0.0,NO_RIVER_ZONE,0.0,0
REC_2022_LOC05_033,2022-07-03,LOC05,FLOOD_ONLY,27.2345,88.4972,180.0,86,21.03,22.1,1.41,3.46,6.82,0.375,75.0,0.0,IN_BANK_FLOW,3.0,0
REC_2022_LOC06_033,2022-07-03,LOC06,FLOOD_ONLY,27.1739,88.518,210.0,88,21.32,22.07,0.72,2.06,5.51,0.362,95.0,0.0,IN_BANK_FLOW,3.0,0
REC_2022_LOC01_034,2022-07-04,LOC01,COMPOUND,27.604,88.646,85.0,80,18.38,73.89,1.0,3.3,5.78,0.372,28.0,0.0,IN_BANK_FLOW,3.0,0
REC_2022_LOC02_034,2022-07-04,LOC02,COMPOUND,27.399,88.524,95.0,78,18.6,74.22,38.52,108.2,282.36,0.98,282.1,0.0,IN_BANK_FLOW,10.9,0
REC_2022_LOC03_034,2022-07-04,LOC03,LANDSLIDE_ONLY,27.385,88.755,15.0,68,16.54,14.49,10.63,41.87,99.88,0.709,0.0,0.0,NO_RIVER_ZONE,0.0,0
REC_2022_LOC04_034,2022-07-04,LOC04,LANDSLIDE_ONLY,27.545,88.455,25.0,72,17.12,22.51,1.64,9.38,26.18,0.408,0.0,0.0,NO_RIVER_ZONE,0.0,0
REC_2022_LOC05_034,2022-07-04,LOC05,FLOOD_ONLY,27.2345,88.4972,180.0,86,21.03,22.1,5.85,23.54,48.72,0.49,109.7,0.0,IN_BANK_FLOW,3.2,0
REC_2022_LOC06_034,2022-07-04,LOC06,FLOOD_ONLY,27.1739,88.518,210.0,88,21.32,22.07,10.47,64.39,141.9,0.918,447.9,0.0,IN_BANK_FLOW,10.2,0
REC_2022_LOC01_035,2022-07-05,LOC01,COMPOUND,27.604,88.646,85.0,80,18.38,73.89,2.56,6.2,10.06,0.395,28.0,0.0,IN_BANK_FLOW,3.0,0
REC_2022_LOC02_035,2022-07-05,LOC02,COMPOUND,27.399,88.524,95.0,78,18.6,74.22,0.44,1.03,2.23,0.357,45.0,0.0,IN_BANK_FLOW,3.0,0
REC_2022_LOC03_035,2022-07-05,LOC03,LANDSLIDE_ONLY,27.385,88.755,15.0,68,16.54,14.49,0.91,5.4,12.36,0.392,0.0,0.0,NO_RIVER_ZONE,0.0,0
REC_2022_LOC04_035,2022-07-05,LOC04,LANDSLIDE_ONLY,27.545,88.455,25.0,72,17.12,22.51,3.29,21.42,52.14,0.518,0.0,0.0,NO_RIVER_ZONE,0.0,0
REC_2022_LOC05_035,2022-07-05,LOC05,FLOOD_ONLY,27.2345,88.4972,180.0,86,21.03,22.1,10.61,55.78,134.2,0.771,289.3,0.0,IN_BANK_FLOW,8.5,0
REC_2022_LOC06_035,2022-07-05,LOC06,FLOOD_ONLY,27.1739,88.518,210.0,88,21.32,22.07,2.25,10.48,24.13,0.411,98.3,0.0,IN_BANK_FLOW,3.0,0
REC_2022_LOC01_036,2022-07-06,LOC01,COMPOUND,27.604,88.646,85.0,80,18.38,73.89,10.39,28.91,57.04,0.502,41.1,0.0,IN_BANK_FLOW,3.0,0
REC_2022_LOC02_036,2022-07-06,LOC02,COMPOUND,27.399,88.524,95.0,78,18.6,74.22,0.83,3.38,7.75,0.376,45.0,0.0,IN_BANK_FLOW,3.0,0
REC_2022_LOC03_036,2022-07-06,LOC03,LANDSLIDE_ONLY,27.385,88.755,15.0,68,16.54,14.49,12.79,33.97,79.08,0.634,0.0,0.0,NO_RIVER_ZONE,0.0,0
REC_2022_LOC04_036,2022-07-06,LOC04,LANDSLIDE_ONLY,27.545,88.455,25.0,72,17.12,22.51,35.6,96.29,243.84,0.98,0.0,0.0,NO_RIVER_ZONE,0.0,0
REC_2022_LOC05_036,2022-07-06,LOC05,FLOOD_ONLY,27.2345,88.4972,180.0,86,21.03,22.1,6.45,16.17,34.48,0.468,85.7,0.0,IN_BANK_FLOW,3.0,0
REC_2022_LOC06_036,2022-07-06,LOC06,FLOOD_ONLY,27.1739,88.518,210.0,88,21.32,22.07,1.26,3.84,8.88,0.371,95.0,0.0,IN_BANK_FLOW,3.0,0
REC_2022_LOC01_037,2022-07-07,LOC01,COMPOUND,27.604,88.646,85.0,80,18.38,73.89,1.47,4.21,9.81,0.377,28.0,0.0,IN_BANK_FLOW,3.0,0
REC_2022_LOC02_037,2022-07-07,LOC02,COMPOUND,27.399,88.524,95.0,78,18.6,74.22,2.43,8.42,17.41,0.428,45.0,0.0,IN_BANK_FLOW,3.0,0
REC_2022_LOC03_037,2022-07-07,LOC03,LANDSLIDE_ONLY,27.385,88.755,15.0,68,16.54,14.49,14.62,34.07,64.56,0.554,0.0,0.0,NO_RIVER_ZONE,0.0,0
REC_2022_LOC04_037,2022-07-07,LOC04,LANDSLIDE_ONLY,27.545,88.455,25.0,72,17.12,22.51,3.0,8.73,22.89,0.437,0.0,0.0,NO_RIVER_ZONE,0.0,0
REC_2022_LOC05_037,2022-07-07,LOC05,FLOOD_ONLY,27.2345,88.4972,180.0,86,21.03,22.1,2.06,13.41,30.42,0.459,79.8,0.0,IN_BANK_FLOW,3.0,0
REC_2022_LOC06_037,2022-07-07,LOC06,FLOOD_ONLY,27.1739,88.518,210.0,88,21.32,22.07,0.91,2.77,5.35,0.365,95.0,0.0,IN_BANK_FLOW,3.0,0
REC_2022_LOC01_038,2022-07-08,LOC01,COMPOUND,27.604,88.646,85.0,80,18.38,73.89,5.78,23.12,57.94,0.557,33.9,0.0,IN_BANK_FLOW,3.0,0
REC_2022_LOC02_038,2022-07-08,LOC02,COMPOUND,27.399,88.524,95.0,78,18.6,74.22,7.02,26.71,72.95,0.616,53.1,0.0,IN_BANK_FLOW,3.0,0
REC_2022_LOC03_038,2022-07-08,LOC03,LANDSLIDE_ONLY,27.385,88.755,15.0,68,16.54,14.49,2.73,9.32,18.22,0.403,0.0,0.0,NO_RIVER_ZONE,0.0,0
REC_2022_LOC04_038,2022-07-08,LOC04,LANDSLIDE_ONLY,27.545,88.455,25.0,72,17.12,22.51,4.35,12.83,25.77,0.433,0.0,0.0,NO_RIVER_ZONE,0.0,0
REC_2022_LOC05_038,2022-07-08,LOC05,FLOOD_ONLY,27.2345,88.4972,180.0,86,21.03,22.1,1.97,7.57,12.87,0.385,75.0,0.0,IN_BANK_FLOW,3.0,0
REC_2022_LOC06_038,2022-07-08,LOC06,FLOOD_ONLY,27.1739,88.518,210.0,88,21.32,22.07,2.93,7.13,15.56,0.398,95.0,0.0,IN_BANK_FLOW,3.0,0
REC_2022_LOC01_039,2022-07-09,LOC01,COMPOUND,27.604,88.646,85.0,80,18.38,73.89,36.11,130.05,262.42,0.98,331.4,0.0,IN_BANK_FLOW,19.7,0
REC_2022_LOC02_039,2022-07-09,LOC02,COMPOUND,27.399,88.524,95.0,78,18.6,74.22,5.19,28.48,74.48,0.572,55.4,0.0,IN_BANK_FLOW,3.0,0
REC_2022_LOC03_039,2022-07-09,LOC03,LANDSLIDE_ONLY,27.385,88.755,15.0,68,16.54,14.49,18.98,83.61,179.54,0.828,0.0,0.0,NO_RIVER_ZONE,0.0,0
REC_2022_LOC04_039,2022-07-09,LOC04,LANDSLIDE_ONLY,27.545,88.455,25.0,72,17.12,22.51,6.45,16.29,36.76,0.444,0.0,0.0,NO_RIVER_ZONE,0.0,0
REC_2022_LOC05_039,2022-07-09,LOC05,FLOOD_ONLY,27.2345,88.4972,180.0,86,21.03,22.1,9.59,43.9,81.84,0.645,214.1,0.0,IN_BANK_FLOW,6.3,0
REC_2022_LOC06_039,2022-07-09,LOC06,FLOOD_ONLY,27.1739,88.518,210.0,88,21.32,22.07,4.55,15.72,29.93,0.432,112.5,0.0,IN_BANK_FLOW,3.0,0
REC_2022_LOC01_040,2022-07-10,LOC01,COMPOUND,27.604,88.646,85.0,80,18.38,73.89,3.76,12.31,25.16,0.452,28.0,0.0,IN_BANK_FLOW,3.0,0
REC_2022_LOC02_040,2022-07-10,LOC02,COMPOUND,27.399,88.524,95.0,78,18.6,74.22,1.29,5.12,11.08,0.388,45.0,0.0,IN_BANK_FLOW,3.0,0
REC_2022_LOC03_040,2022-07-10,LOC03,LANDSLIDE_ONLY,27.385,88.755,15.0,68,16.54,14.49,5.07,11.41,21.35,0.424,0.0,0.0,NO_RIVER_ZONE,0.0,0
REC_2022_LOC04_040,2022-07-10,LOC04,LANDSLIDE_ONLY,27.545,88.455,25.0,72,17.12,22.51,8.25,27.13,71.8,0.522,0.0,0.0,NO_RIVER_ZONE,0.0,0
REC_2022_LOC05_040,2022-07-10,LOC05,FLOOD_ONLY,27.2345,88.4972,180.0,86,21.03,22.1,7.46,19.24,38.27,0.467,94.4,0.0,IN_BANK_FLOW,3.0,0
REC_2022_LOC06_040,2022-07-10,LOC06,FLOOD_ONLY,27.1739,88.518,210.0,88,21.32,22.07,2.06,5.64,15.41,0.4,95.0,0.0,IN_BANK_FLOW,3.0,0
REC_2022_LOC01_041,2022-07-11,LOC01,COMPOUND,27.604,88.646,85.0,80,18.38,73.89,9.22,20.68,56.36,0.586,31.5,0.0,IN_BANK_FLOW,3.0,0
REC_2022_LOC02_041,2022-07-11,LOC02,COMPOUND,27.399,88.524,95.0,78,18.6,74.22,13.53,50.5,139.08,0.792,99.0,0.0,IN_BANK_FLOW,3.8,0
REC_2022_LOC03_041,2022-07-11,LOC03,LANDSLIDE_ONLY,27.385,88.755,15.0,68,16.54,14.49,2.35,6.28,13.97,0.397,0.0,0.0,NO_RIVER_ZONE,0.0,0
REC_2022_LOC04_041,2022-07-11,LOC04,LANDSLIDE_ONLY,27.545,88.455,25.0,72,17.12,22.51,2.57,8.73,20.44,0.406,0.0,0.0,NO_RIVER_ZONE,0.0,0
REC_2022_LOC05_041,2022-07-11,LOC05,FLOOD_ONLY,27.2345,88.4972,180.0,86,21.03,22.1,8.11,29.66,60.1,0.538,136.5,0.0,IN_BANK_FLOW,4.0,0
REC_2022_LOC06_041,2022-07-11,LOC06,FLOOD_ONLY,27.1739,88.518,210.0,88,21.32,22.07,0.97,3.24,5.84,0.371,95.0,0.0,IN_BANK_FLOW,3.0,0
REC_2022_LOC01_042,2022-07-12,LOC01,COMPOUND,27.604,88.646,85.0,80,18.38,73.89,18.33,53.69,135.46,0.845,92.1,0.0,IN_BANK_FLOW,5.5,0
REC_2022_LOC02_042,2022-07-12,LOC02,COMPOUND,27.399,88.524,95.0,78,18.6,74.22,0.98,4.23,8.22,0.379,45.0,0.0,IN_BANK_FLOW,3.0,0
REC_2022_LOC03_042,2022-07-12,LOC03,LANDSLIDE_ONLY,27.385,88.755,15.0,68,16.54,14.49,2.3,5.91,13.45,0.385,0.0,0.0,NO_RIVER_ZONE,0.0,0
REC_2022_LOC04_042,2022-07-12,LOC04,LANDSLIDE_ONLY,27.545,88.455,25.0,72,17.12,22.51,9.11,25.25,62.24,0.517,0.0,0.0,NO_RIVER_ZONE,0.0,0
REC_2022_LOC05_042,2022-07-12,LOC05,FLOOD_ONLY,27.2345,88.4972,180.0,86,21.03,22.1,18.45,65.23,151.28,0.929,353.5,0.0,IN_BANK_FLOW,10.4,0
REC_2022_LOC06_042,2022-07-12,LOC06,FLOOD_ONLY,27.1739,88.518,210.0,88,21.32,22.07,11.42,35.16,94.61,0.625,219.8,0.0,IN_BANK_FLOW,5.0,0
REC_2022_LOC01_043,2022-07-13,LOC01,COMPOUND,27.604,88.646,85.0,80,18.38,73.89,7.9,41.99,71.87,0.613,64.8,0.0,IN_BANK_FLOW,3.9,0
REC_2022_LOC02_043,2022-07-13,LOC02,COMPOUND,27.399,88.524,95.0,78,18.6,74.22,15.91,58.74,156.74,0.874,120.7,0.0,IN_BANK_FLOW,4.6,0
REC_2022_LOC03_043,2022-07-13,LOC03,LANDSLIDE_ONLY,27.385,88.755,15.0,68,16.54,14.49,16.86,58.92,146.2,0.703,0.0,0.0,NO_RIVER_ZONE,0.0,0
REC_2022_LOC04_043,2022-07-13,LOC04,LANDSLIDE_ONLY,27.545,88.455,25.0,72,17.12,22.51,6.57,26.23,63.86,0.59,0.0,0.0,NO_RIVER_ZONE,0.0,0
REC_2022_LOC05_043,2022-07-13,LOC05,FLOOD_ONLY,27.2345,88.4972,180.0,86,21.03,22.1,4.29,15.05,27.68,0.423,83.1,0.0,IN_BANK_FLOW,3.0,0
REC_2022_LOC06_043,2022-07-13,LOC06,FLOOD_ONLY,27.1739,88.518,210.0,88,21.32,22.07,8.19,33.0,62.39,0.56,205.2,0.0,IN_BANK_FLOW,4.7,0
REC_2022_LOC01_044,2022-07-14,LOC01,COMPOUND,27.604,88.646,85.0,80,18.38,73.89,8.86,26.05,67.02,0.513,37.2,0.0,IN_BANK_FLOW,3.0,0
REC_2022_LOC02_044,2022-07-14,LOC02,COMPOUND,27.399,88.524,95.0,78,18.6,74.22,1.86,7.65,17.03,0.406,45.0,0.0,IN_BANK_FLOW,3.0,0
REC_2022_LOC03_044,2022-07-14,LOC03,LANDSLIDE_ONLY,27.385,88.755,15.0,68,16.54,14.49,2.4,7.68,12.51,0.387,0.0,0.0,NO_RIVER_ZONE,0.0,0
REC_2022_LOC04_044,2022-07-14,LOC04,LANDSLIDE_ONLY,27.545,88.455,25.0,72,17.12,22.51,0.84,2.07,5.13,0.37,0.0,0.0,NO_RIVER_ZONE,0.0,0
REC_2022_LOC05_044,2022-07-14,LOC05,FLOOD_ONLY,27.2345,88.4972,180.0,86,21.03,22.1,5.06,16.07,36.09,0.494,85.4,0.0,IN_BANK_FLOW,3.0,0
REC_2022_LOC06_044,2022-07-14,LOC06,FLOOD_ONLY,27.1739,88.518,210.0,88,21.32,22.07,11.55,64.34,123.41,0.829,447.5,0.0,IN_BANK_FLOW,10.2,0
REC_2022_LOC01_045,2022-07-15,LOC01,COMPOUND,27.604,88.646,85.0,80,18.38,73.89,2.41,6.52,11.72,0.385,28.0,0.0,IN_BANK_FLOW,3.0,0
REC_2022_LOC02_045,2022-07-15,LOC02,COMPOUND,27.399,88.524,95.0,78,18.6,74.22,3.25,10.27,17.66,0.414,45.0,0.0,IN_BANK_FLOW,3.0,0
REC_2022_LOC03_045,2022-07-15,LOC03,LANDSLIDE_ONLY,27.385,88.755,15.0,68,16.54,14.49,2.19,5.27,12.33,0.384,0.0,0.0,NO_RIVER_ZONE,0.0,0
REC_2022_LOC04_045,2022-07-15,LOC04,LANDSLIDE_ONLY,27.545,88.455,25.0,72,17.12,22.51,13.33,37.16,93.6,0.671,0.0,0.0,NO_RIVER_ZONE,0.0,0
REC_2022_LOC05_045,2022-07-15,LOC05,FLOOD_ONLY,27.2345,88.4972,180.0,86,21.03,22.1,9.93,22.43,44.25,0.508,105.5,0.0,IN_BANK_FLOW,3.1,0
REC_2022_LOC06_045,2022-07-15,LOC06,FLOOD_ONLY,27.1739,88.518,210.0,88,21.32,22.07,0.61,1.35,3.38,0.363,95.0,0.0,IN_BANK_FLOW,3.0,0
REC_2022_LOC01_046,2022-07-16,LOC01,COMPOUND,27.604,88.646,85.0,80,18.38,73.89,9.86,46.84,79.34,0.697,75.6,0.0,IN_BANK_FLOW,4.5,0
REC_2022_LOC02_046,2022-07-16,LOC02,COMPOUND,27.399,88.524,95.0,78,18.6,74.22,7.96,26.0,67.5,0.53,52.3,0.0,IN_BANK_FLOW,3.0,0
REC_2022_LOC03_046,2022-07-16,LOC03,LANDSLIDE_ONLY,27.385,88.755,15.0,68,16.54,14.49,6.65,16.98,43.29,0.51,0.0,0.0,NO_RIVER_ZONE,0.0,0
REC_2022_LOC04_046,2022-07-16,LOC04,LANDSLIDE_ONLY,27.545,88.455,25.0,72,17.12,22.51,4.87,11.8,23.1,0.41,0.0,0.0,NO_RIVER_ZONE,0.0,0
REC_2022_LOC05_046,2022-07-16,LOC05,FLOOD_ONLY,27.2345,88.4972,180.0,86,21.03,22.1,7.08,17.15,46.22,0.481,88.2,0.0,IN_BANK_FLOW,3.0,0
REC_2022_LOC06_046,2022-07-16,LOC06,FLOOD_ONLY,27.1739,88.518,210.0,88,21.32,22.07,1.62,10.64,17.14,0.41,98.5,0.0,IN_BANK_FLOW,3.0,0
REC_2022_LOC01_047,2022-07-17,LOC01,COMPOUND,27.604,88.646,85.0,80,18.38,73.89,4.42,18.38,33.09,0.449,29.9,0.0,IN_BANK_FLOW,3.0,0
REC_2022_LOC02_047,2022-07-17,LOC02,COMPOUND,27.399,88.524,95.0,78,18.6,74.22,3.14,15.91,38.27,0.461,45.2,0.0,IN_BANK_FLOW,3.0,0
REC_2022_LOC03_047,2022-07-17,LOC03,LANDSLIDE_ONLY,27.385,88.755,15.0,68,16.54,14.49,4.68,20.42,45.6,0.528,0.0,0.0,NO_RIVER_ZONE,0.0,0
REC_2022_LOC04_047,2022-07-17,LOC04,LANDSLIDE_ONLY,27.545,88.455,25.0,72,17.12,22.51,5.0,11.5,29.13,0.449,0.0,0.0,NO_RIVER_ZONE,0.0,0
REC_2022_LOC05_047,2022-07-17,LOC05,FLOOD_ONLY,27.2345,88.4972,180.0,86,21.03,22.1,8.01,38.77,94.65,0.607,184.2,0.0,IN_BANK_FLOW,5.4,0
REC_2022_LOC06_047,2022-07-17,LOC06,FLOOD_ONLY,27.1739,88.518,210.0,88,21.32,22.07,0.01,0.02,0.04,0.35,95.0,0.0,IN_BANK_FLOW,3.0,0
REC_2022_LOC01_048,2022-07-18,LOC01,COMPOUND,27.604,88.646,85.0,80,18.38,73.89,27.9,112.96,223.94,0.98,272.6,0.0,IN_BANK_FLOW,16.2,0
REC_2022_LOC02_048,2022-07-18,LOC02,COMPOUND,27.399,88.524,95.0,78,18.6,74.22,22.55,85.38,225.88,0.98,202.5,0.0,IN_BANK_FLOW,7.8,0
REC_2022_LOC03_048,2022-07-18,LOC03,LANDSLIDE_ONLY,27.385,88.755,15.0,68,16.54,14.49,54.44,127.28,342.53,0.98,0.0,0.0,NO_RIVER_ZONE,0.0,0
REC_2022_LOC04_048,2022-07-18,LOC04,LANDSLIDE_ONLY,27.545,88.455,25.0,72,17.12,22.51,35.07,82.42,212.5,0.98,0.0,0.0,NO_RIVER_ZONE,0.0,0
REC_2022_LOC05_048,2022-07-18,LOC05,FLOOD_ONLY,27.2345,88.4972,180.0,86,21.03,22.1,29.24,87.47,224.38,0.98,514.0,0.0,IN_BANK_FLOW,15.1,0
REC_2022_LOC06_048,2022-07-18,LOC06,FLOOD_ONLY,27.1739,88.518,210.0,88,21.32,22.07,18.52,90.91,216.05,0.98,680.3,0.0,IN_BANK_FLOW,15.5,0
REC_2022_LOC01_049,2022-07-19,LOC01,COMPOUND,27.604,88.646,85.0,80,18.38,73.89,33.12,125.74,271.15,0.98,316.4,0.0,IN_BANK_FLOW,18.8,0
REC_2022_LOC02_049,2022-07-19,LOC02,COMPOUND,27.399,88.524,95.0,78,18.6,74.22,17.61,101.94,248.52,0.98,259.6,0.0,IN_BANK_FLOW,10.0,0
REC_2022_LOC03_049,2022-07-19,LOC03,LANDSLIDE_ONLY,27.385,88.755,15.0,68,16.54,14.49,23.12,93.73,218.62,0.98,0.0,0.0,NO_RIVER_ZONE,0.0,0
REC_2022_LOC04_049,2022-07-19,LOC04,LANDSLIDE_ONLY,27.545,88.455,25.0,72,17.12,22.51,33.8,75.67,207.25,0.98,0.0,0.0,NO_RIVER_ZONE,0.0,0
REC_2022_LOC05_049,2022-07-19,LOC05,FLOOD_ONLY,27.2345,88.4972,180.0,86,21.03,22.1,32.82,96.45,243.96,0.98,581.5,0.0,IN_BANK_FLOW,17.1,0
REC_2022_LOC06_049,2022-07-19,LOC06,FLOOD_ONLY,27.1739,88.518,210.0,88,21.32,22.07,16.41,90.05,159.82,0.815,672.6,0.0,IN_BANK_FLOW,15.3,0
REC_2022_LOC01_050,2022-07-20,LOC01,COMPOUND,27.604,88.646,85.0,80,18.38,73.89,21.78,119.6,263.8,0.98,295.2,0.0,IN_BANK_FLOW,17.6,0
REC_2022_LOC02_050,2022-07-20,LOC02,COMPOUND,27.399,88.524,95.0,78,18.6,74.22,30.4,90.42,241.35,0.98,219.5,0.0,IN_BANK_FLOW,8.4,0
REC_2022_LOC03_050,2022-07-20,LOC03,LANDSLIDE_ONLY,27.385,88.755,15.0,68,16.54,14.49,19.3,73.08,146.5,0.934,0.0,0.0,NO_RIVER_ZONE,0.0,0
REC_2022_LOC04_050,2022-07-20,LOC04,LANDSLIDE_ONLY,27.545,88.455,25.0,72,17.12,22.51,33.8,78.04,200.18,0.892,0.0,0.0,NO_RIVER_ZONE,0.0,0
REC_2022_LOC05_050,2022-07-20,LOC05,FLOOD_ONLY,27.2345,88.4972,180.0,86,21.03,22.1,28.87,77.67,161.26,0.819,441.9,0.0,IN_BANK_FLOW,13.0,0
REC_2022_LOC06_050,2022-07-20,LOC06,FLOOD_ONLY,27.1739,88.518,210.0,88,21.32,22.07,27.16,71.15,128.44,0.75,505.7,0.0,IN_BANK_FLOW,11.5,0
REC_2022_LOC01_051,2022-07-21,LOC01,COMPOUND,27.604,88.646,85.0,80,18.38,73.89,1.91,5.15,12.56,0.393,28.0,0.0,IN_BANK_FLOW,3.0,0
REC_2022_LOC02_051,2022-07-21,LOC02,COMPOUND,27.399,88.524,95.0,78,18.6,74.22,22.94,62.56,114.39,0.669,131.4,0.0,IN_BANK_FLOW,5.1,0
REC_2022_LOC03_051,2022-07-21,LOC03,LANDSLIDE_ONLY,27.385,88.755,15.0,68,16.54,14.49,2.73,10.94,25.32,0.424,0.0,0.0,NO_RIVER_ZONE,0.0,0
REC_2022_LOC04_051,2022-07-21,LOC04,LANDSLIDE_ONLY,27.545,88.455,25.0,72,17.12,22.51,4.84,26.62,63.83,0.516,0.0,0.0,NO_RIVER_ZONE,0.0,0
REC_2022_LOC05_051,2022-07-21,LOC05,FLOOD_ONLY,27.2345,88.4972,180.0,86,21.03,22.1,4.44,14.8,29.39,0.433,82.5,0.0,IN_BANK_FLOW,3.0,0
REC_2022_LOC06_051,2022-07-21,LOC06,FLOOD_ONLY,27.1739,88.518,210.0,88,21.32,22.07,4.2,19.96,38.82,0.455,130.1,0.0,IN_BANK_FLOW,3.0,0
REC_2022_LOC01_052,2022-07-22,LOC01,COMPOUND,27.604,88.646,85.0,80,18.38,73.89,13.55,64.95,153.93,0.918,122.0,0.0,IN_BANK_FLOW,7.3,0
REC_2022_LOC02_052,2022-07-22,LOC02,COMPOUND,27.399,88.524,95.0,78,18.6,74.22,0.22,0.9,2.24,0.355,45.0,0.0,IN_BANK_FLOW,3.0,0
REC_2022_LOC03_052,2022-07-22,LOC03,LANDSLIDE_ONLY,27.385,88.755,15.0,68,16.54,14.49,4.89,13.61,28.11,0.43,0.0,0.0,NO_RIVER_ZONE,0.0,0
REC_2022_LOC04_052,2022-07-22,LOC04,LANDSLIDE_ONLY,27.545,88.455,25.0,72,17.12,22.51,0.48,1.6,3.19,0.359,0.0,0.0,NO_RIVER_ZONE,0.0,0
REC_2022_LOC05_052,2022-07-22,LOC05,FLOOD_ONLY,27.2345,88.4972,180.0,86,21.03,22.1,5.16,18.08,35.12,0.456,90.9,0.0,IN_BANK_FLOW,3.0,0
REC_2022_LOC06_052,2022-07-22,LOC06,FLOOD_ONLY,27.1739,88.518,210.0,88,21.32,22.07,4.52,11.2,23.66,0.421,99.6,0.0,IN_BANK_FLOW,3.0,0
REC_2022_LOC01_053,2022-07-23,LOC01,COMPOUND,27.604,88.646,85.0,80,18.38,73.89,7.29,33.99,83.57,0.626,49.3,0.0,IN_BANK_FLOW,3.0,0
REC_2022_LOC02_053,2022-07-23,LOC02,COMPOUND,27.399,88.524,95.0,78,18.6,74.22,3.74,18.13,47.71,0.471,45.9,0.0,IN_BANK_FLOW,3.0,0
REC_2022_LOC03_053,2022-07-23,LOC03,LANDSLIDE_ONLY,27.385,88.755,15.0,68,16.54,14.49,1.26,5.42,9.78,0.39,0.0,0.0,NO_RIVER_ZONE,0.0,0
REC_2022_LOC04_053,2022-07-23,LOC04,LANDSLIDE_ONLY,27.545,88.455,25.0,72,17.12,22.51,5.71,29.83,82.31,0.598,0.0,0.0,NO_RIVER_ZONE,0.0,0
REC_2022_LOC05_053,2022-07-23,LOC05,FLOOD_ONLY,27.2345,88.4972,180.0,86,21.03,22.1,1.25,3.34,7.23,0.379,75.0,0.0,IN_BANK_FLOW,3.0,0
REC_2022_LOC06_053,2022-07-23,LOC06,FLOOD_ONLY,27.1739,88.518,210.0,88,21.32,22.07,0.03,0.21,0.55,0.352,95.0,0.0,IN_BANK_FLOW,3.0,0
REC_2022_LOC01_054,2022-07-24,LOC01,COMPOUND,27.604,88.646,85.0,80,18.38,73.89,0.35,0.82,1.65,0.355,28.0,0.0,IN_BANK_FLOW,3.0,0
REC_2022_LOC02_054,2022-07-24,LOC02,COMPOUND,27.399,88.524,95.0,78,18.6,74.22,1.57,7.03,19.61,0.406,45.0,0.0,IN_BANK_FLOW,3.0,0
REC_2022_LOC03_054,2022-07-24,LOC03,LANDSLIDE_ONLY,27.385,88.755,15.0,68,16.54,14.49,8.52,22.52,62.68,0.544,0.0,0.0,NO_RIVER_ZONE,0.0,0
REC_2022_LOC04_054,2022-07-24,LOC04,LANDSLIDE_ONLY,27.545,88.455,25.0,72,17.12,22.51,4.76,12.26,26.45,0.457,0.0,0.0,NO_RIVER_ZONE,0.0,0
REC_2022_LOC05_054,2022-07-24,LOC05,FLOOD_ONLY,27.2345,88.4972,180.0,86,21.03,22.1,2.73,10.18,24.79,0.444,75.7,0.0,IN_BANK_FLOW,3.0,0
REC_2022_LOC06_054,2022-07-24,LOC06,FLOOD_ONLY,27.1739,88.518,210.0,88,21.32,22.07,1.99,6.53,10.57,0.385,95.0,0.0,IN_BANK_FLOW,3.0,0
REC_2022_LOC01_055,2022-07-25,LOC01,COMPOUND,27.604,88.646,85.0,80,18.38,73.89,5.15,12.0,30.5,0.423,28.0,0.0,IN_BANK_FLOW,3.0,0
REC_2022_LOC02_055,2022-07-25,LOC02,COMPOUND,27.399,88.524,95.0,78,18.6,74.22,12.98,34.92,82.07,0.666,65.5,0.0,IN_BANK_FLOW,3.0,0
REC_2022_LOC03_055,2022-07-25,LOC03,LANDSLIDE_ONLY,27.385,88.755,15.0,68,16.54,14.49,25.33,70.54,163.32,0.843,0.0,0.0,NO_RIVER_ZONE,0.0,0
REC_2022_LOC04_055,2022-07-25,LOC04,LANDSLIDE_ONLY,27.545,88.455,25.0,72,17.12,22.51,11.02,31.17,57.29,0.57,0.0,0.0,NO_RIVER_ZONE,0.0,0
REC_2022_LOC05_055,2022-07-25,LOC05,FLOOD_ONLY,27.2345,88.4972,180.0,86,21.03,22.1,11.51,33.03,69.07,0.572,153.2,0.0,IN_BANK_FLOW,4.5,0
REC_2022_LOC06_055,2022-07-25,LOC06,FLOOD_ONLY,27.1739,88.518,210.0,88,21.32,22.07,11.52,29.3,77.08,0.609,181.4,0.0,IN_BANK_FLOW,4.1,0
REC_2022_LOC01_056,2022-07-26,LOC01,COMPOUND,27.604,88.646,85.0,80,18.38,73.89,10.98,42.19,97.43,0.688,65.3,0.0,IN_BANK_FLOW,3.9,0
REC_2022_LOC02_056,2022-07-26,LOC02,COMPOUND,27.399,88.524,95.0,78,18.6,74.22,2.55,14.71,33.43,0.438,45.0,0.0,IN_BANK_FLOW,3.0,0
REC_2022_LOC03_056,2022-07-26,LOC03,LANDSLIDE_ONLY,27.385,88.755,15.0,68,16.54,14.49,23.76,60.64,147.45,0.73,0.0,0.0,NO_RIVER_ZONE,0.0,0
REC_2022_LOC04_056,2022-07-26,LOC04,LANDSLIDE_ONLY,27.545,88.455,25.0,72,17.12,22.51,3.73,16.29,30.17,0.439,0.0,0.0,NO_RIVER_ZONE,0.0,0
REC_2022_LOC05_056,2022-07-26,LOC05,FLOOD_ONLY,27.2345,88.4972,180.0,86,21.03,22.1,9.04,28.57,60.21,0.543,131.4,0.0,IN_BANK_FLOW,3.9,0
REC_2022_LOC06_056,2022-07-26,LOC06,FLOOD_ONLY,27.1739,88.518,210.0,88,21.32,22.07,19.44,49.71,90.51,0.666,327.7,0.0,IN_BANK_FLOW,7.4,0
REC_2022_LOC01_057,2022-07-27,LOC01,COMPOUND,27.604,88.646,85.0,80,18.38,73.89,5.28,29.3,72.12,0.633,41.7,0.0,IN_BANK_FLOW,3.0,0
REC_2022_LOC02_057,2022-07-27,LOC02,COMPOUND,27.399,88.524,95.0,78,18.6,74.22,7.79,18.31,37.9,0.46,45.9,0.0,IN_BANK_FLOW,3.0,0
REC_2022_LOC03_057,2022-07-27,LOC03,LANDSLIDE_ONLY,27.385,88.755,15.0,68,16.54,14.49,0.76,2.28,4.88,0.365,0.0,0.0,NO_RIVER_ZONE,0.0,0
REC_2022_LOC04_057,2022-07-27,LOC04,LANDSLIDE_ONLY,27.545,88.455,25.0,72,17.12,22.51,15.14,45.68,106.75,0.638,0.0,0.0,NO_RIVER_ZONE,0.0,0
REC_2022_LOC05_057,2022-07-27,LOC05,FLOOD_ONLY,27.2345,88.4972,180.0,86,21.03,22.1,5.06,14.34,37.99,0.507,81.6,0.0,IN_BANK_FLOW,3.0,0
REC_2022_LOC06_057,2022-07-27,LOC06,FLOOD_ONLY,27.1739,88.518,210.0,88,21.32,22.07,2.08,9.0,19.92,0.414,96.2,0.0,IN_BANK_FLOW,3.0,0
REC_2022_LOC01_058,2022-07-28,LOC01,COMPOUND,27.604,88.646,85.0,80,18.38,73.89,1.04,4.07,10.13,0.388,28.0,0.0,IN_BANK_FLOW,3.0,0
REC_2022_LOC02_058,2022-07-28,LOC02,COMPOUND,27.399,88.524,95.0,78,18.6,74.22,5.59,18.94,42.8,0.493,46.2,0.0,IN_BANK_FLOW,3.0,0
REC_2022_LOC03_058,2022-07-28,LOC03,LANDSLIDE_ONLY,27.385,88.755,15.0,68,16.54,14.49,5.92,31.02,52.11,0.602,0.0,0.0,NO_RIVER_ZONE,0.0,0
REC_2022_LOC04_058,2022-07-28,LOC04,LANDSLIDE_ONLY,27.545,88.455,25.0,72,17.12,22.51,1.37,4.62,11.99,0.397,0.0,0.0,NO_RIVER_ZONE,0.0,0
REC_2022_LOC05_058,2022-07-28,LOC05,FLOOD_ONLY,27.2345,88.4972,180.0,86,21.03,22.1,3.54,8.38,22.16,0.416,75.0,0.0,IN_BANK_FLOW,3.0,0
REC_2022_LOC06_058,2022-07-28,LOC06,FLOOD_ONLY,27.1739,88.518,210.0,88,21.32,22.07,5.65,14.27,24.97,0.463,107.6,0.0,IN_BANK_FLOW,3.0,0
REC_2022_LOC01_059,2022-07-29,LOC01,COMPOUND,27.604,88.646,85.0,80,18.38,73.89,2.62,10.48,18.98,0.417,28.0,0.0,IN_BANK_FLOW,3.0,0
REC_2022_LOC02_059,2022-07-29,LOC02,COMPOUND,27.399,88.524,95.0,78,18.6,74.22,13.27,31.92,79.0,0.619,60.4,0.0,IN_BANK_FLOW,3.0,0
REC_2022_LOC03_059,2022-07-29,LOC03,LANDSLIDE_ONLY,27.385,88.755,15.0,68,16.54,14.49,0.04,0.16,0.28,0.351,0.0,0.0,NO_RIVER_ZONE,0.0,0
REC_2022_LOC04_059,2022-07-29,LOC04,LANDSLIDE_ONLY,27.545,88.455,25.0,72,17.12,22.51,3.79,24.99,69.52,0.643,0.0,0.0,NO_RIVER_ZONE,0.0,0
REC_2022_LOC05_059,2022-07-29,LOC05,FLOOD_ONLY,27.2345,88.4972,180.0,86,21.03,22.1,11.92,50.2,114.22,0.728,253.1,0.0,IN_BANK_FLOW,7.4,0
REC_2022_LOC06_059,2022-07-29,LOC06,FLOOD_ONLY,27.1739,88.518,210.0,88,21.32,22.07,10.86,32.35,60.77,0.541,200.9,0.0,IN_BANK_FLOW,4.6,0
REC_2022_LOC01_060,2022-07-30,LOC01,COMPOUND,27.604,88.646,85.0,80,18.38,73.89,14.31,52.44,116.94,0.722,88.9,0.0,IN_BANK_FLOW,5.3,0
REC_2022_LOC02_060,2022-07-30,LOC02,COMPOUND,27.399,88.524,95.0,78,18.6,74.22,1.94,8.53,14.03,0.395,45.0,0.0,IN_BANK_FLOW,3.0,0
REC_2022_LOC03_060,2022-07-30,LOC03,LANDSLIDE_ONLY,27.385,88.755,15.0,68,16.54,14.49,9.62,25.61,56.45,0.602,0.0,0.0,NO_RIVER_ZONE,0.0,0
REC_2022_LOC04_060,2022-07-30,LOC04,LANDSLIDE_ONLY,27.545,88.455,25.0,72,17.12,22.51,3.61,8.11,15.64,0.397,0.0,0.0,NO_RIVER_ZONE,0.0,0
REC_2022_LOC05_060,2022-07-30,LOC05,FLOOD_ONLY,27.2345,88.4972,180.0,86,21.03,22.1,7.15,23.89,39.14,0.506,111.1,0.0,IN_BANK_FLOW,3.3,0
REC_2022_LOC06_060,2022-07-30,LOC06,FLOOD_ONLY,27.1739,88.518,210.0,88,21.32,22.07,1.11,5.6,11.46,0.399,95.0,0.0,IN_BANK_FLOW,3.0,0
REC_2022_LOC01_061,2022-07-31,LOC01,COMPOUND,27.604,88.646,85.0,80,18.38,73.89,1.24,6.18,17.1,0.418,28.0,0.0,IN_BANK_FLOW,3.0,0
REC_2022_LOC02_061,2022-07-31,LOC02,COMPOUND,27.399,88.524,95.0,78,18.6,74.22,1.29,5.64,12.49,0.383,45.0,0.0,IN_BANK_FLOW,3.0,0
REC_2022_LOC03_061,2022-07-31,LOC03,LANDSLIDE_ONLY,27.385,88.755,15.0,68,16.54,14.49,0.45,2.22,3.83,0.362,0.0,0.0,NO_RIVER_ZONE,0.0,0
REC_2022_LOC04_061,2022-07-31,LOC04,LANDSLIDE_ONLY,27.545,88.455,25.0,72,17.12,22.51,4.88,28.4,73.42,0.619,0.0,0.0,NO_RIVER_ZONE,0.0,0
REC_2022_LOC05_061,2022-07-31,LOC05,FLOOD_ONLY,27.2345,88.4972,180.0,86,21.03,22.1,24.78,112.81,264.96,0.98,707.1,0.2,BANKFULL_WARNING,51.6,0
REC_2022_LOC06_061,2022-07-31,LOC06,FLOOD_ONLY,27.1739,88.518,210.0,88,21.32,22.07,5.93,18.76,30.73,0.476,124.7,0.0,IN_BANK_FLOW,3.0,0
REC_2022_LOC01_062,2022-08-01,LOC01,COMPOUND,27.604,88.646,85.0,80,18.38,73.89,10.49,34.32,90.25,0.672,49.9,0.0,IN_BANK_FLOW,3.0,0
REC_2022_LOC02_062,2022-08-01,LOC02,COMPOUND,27.399,88.524,95.0,78,18.6,74.22,0.47,1.22,2.56,0.357,45.0,0.0,IN_BANK_FLOW,3.0,0
REC_2022_LOC03_062,2022-08-01,LOC03,LANDSLIDE_ONLY,27.385,88.755,15.0,68,16.54,14.49,3.85,14.4,38.86,0.452,0.0,0.0,NO_RIVER_ZONE,0.0,0
REC_2022_LOC04_062,2022-08-01,LOC04,LANDSLIDE_ONLY,27.545,88.455,25.0,72,17.12,22.51,4.19,13.7,24.22,0.426,0.0,0.0,NO_RIVER_ZONE,0.0,0
REC_2022_LOC05_062,2022-08-01,LOC05,FLOOD_ONLY,27.2345,88.4972,180.0,86,21.03,22.1,8.13,22.07,53.3,0.512,104.1,0.0,IN_BANK_FLOW,3.1,0
REC_2022_LOC06_062,2022-08-01,LOC06,FLOOD_ONLY,27.1739,88.518,210.0,88,21.32,22.07,17.47,42.37,76.46,0.595,271.5,0.0,IN_BANK_FLOW,6.2,0
REC_2022_LOC01_063,2022-08-02,LOC01,COMPOUND,27.604,88.646,85.0,80,18.38,73.89,1.11,5.04,11.22,0.38,28.0,0.0,IN_BANK_FLOW,3.0,0
REC_2022_LOC02_063,2022-08-02,LOC02,COMPOUND,27.399,88.524,95.0,78,18.6,74.22,1.99,5.14,9.26,0.378,45.0,0.0,IN_BANK_FLOW,3.0,0
REC_2022_LOC03_063,2022-08-02,LOC03,LANDSLIDE_ONLY,27.385,88.755,15.0,68,16.54,14.49,20.44,53.05,124.51,0.734,0.0,0.0,NO_RIVER_ZONE,0.0,0
REC_2022_LOC04_063,2022-08-02,LOC04,LANDSLIDE_ONLY,27.545,88.455,25.0,72,17.12,22.51,12.72,28.93,55.33,0.511,0.0,0.0,NO_RIVER_ZONE,0.0,0
REC_2022_LOC05_063,2022-08-02,LOC05,FLOOD_ONLY,27.2345,88.4972,180.0,86,21.03,22.1,1.1,4.82,10.68,0.388,75.0,0.0,IN_BANK_FLOW,3.0,0
REC_2022_LOC06_063,2022-08-02,LOC06,FLOOD_ONLY,27.1739,88.518,210.0,88,21.32,22.07,8.3,33.22,86.3,0.607,206.7,0.0,IN_BANK_FLOW,4.7,0
REC_2022_LOC01_064,2022-08-03,LOC01,COMPOUND,27.604,88.646,85.0,80,18.38,73.89,3.06,6.95,12.46,0.407,28.0,0.0,IN_BANK_FLOW,3.0,0
REC_2022_LOC02_064,2022-08-03,LOC02,COMPOUND,27.399,88.524,95.0,78,18.6,74.22,0.09,0.27,0.59,0.352,45.0,0.0,IN_BANK_FLOW,3.0,0
REC_2022_LOC03_064,2022-08-03,LOC03,LANDSLIDE_ONLY,27.385,88.755,15.0,68,16.54,14.49,10.72,24.77,64.1,0.518,0.0,0.0,NO_RIVER_ZONE,0.0,0
REC_2022_LOC04_064,2022-08-03,LOC04,LANDSLIDE_ONLY,27.545,88.455,25.0,72,17.12,22.51,3.57,13.45,28.5,0.44,0.0,0.0,NO_RIVER_ZONE,0.0,0
REC_2022_LOC05_064,2022-08-03,LOC05,FLOOD_ONLY,27.2345,88.4972,180.0,86,21.03,22.1,8.74,21.9,44.51,0.49,103.5,0.0,IN_BANK_FLOW,3.0,0
REC_2022_LOC06_064,2022-08-03,LOC06,FLOOD_ONLY,27.1739,88.518,210.0,88,21.32,22.07,4.17,21.62,48.14,0.471,138.1,0.0,IN_BANK_FLOW,3.1,0
REC_2022_LOC01_065,2022-08-04,LOC01,COMPOUND,27.604,88.646,85.0,80,18.38,73.89,11.96,46.42,76.81,0.703,74.6,0.0,IN_BANK_FLOW,4.4,0
REC_2022_LOC02_065,2022-08-04,LOC02,COMPOUND,27.399,88.524,95.0,78,18.6,74.22,31.47,138.28,341.42,0.98,394.8,0.0,IN_BANK_FLOW,15.2,0
REC_2022_LOC03_065,2022-08-04,LOC03,LANDSLIDE_ONLY,27.385,88.755,15.0,68,16.54,14.49,19.67,83.93,230.31,0.98,0.0,0.0,NO_RIVER_ZONE,0.0,0
REC_2022_LOC04_065,2022-08-04,LOC04,LANDSLIDE_ONLY,27.545,88.455,25.0,72,17.12,22.51,2.05,5.67,10.37,0.383,0.0,0.0,NO_RIVER_ZONE,0.0,0
REC_2022_LOC05_065,2022-08-04,LOC05,FLOOD_ONLY,27.2345,88.4972,180.0,86,21.03,22.1,2.63,11.97,26.21,0.456,77.6,0.0,IN_BANK_FLOW,3.0,0
REC_2022_LOC06_065,2022-08-04,LOC06,FLOOD_ONLY,27.1739,88.518,210.0,88,21.32,22.07,1.57,4.08,7.75,0.374,95.0,0.0,IN_BANK_FLOW,3.0,0
REC_2022_LOC01_066,2022-08-05,LOC01,COMPOUND,27.604,88.646,85.0,80,18.38,73.89,1.24,3.43,9.21,0.378,28.0,0.0,IN_BANK_FLOW,3.0,0
REC_2022_LOC02_066,2022-08-05,LOC02,COMPOUND,27.399,88.524,95.0,78,18.6,74.22,4.85,14.98,36.36,0.465,45.0,0.0,IN_BANK_FLOW,3.0,0
REC_2022_LOC03_066,2022-08-05,LOC03,LANDSLIDE_ONLY,27.385,88.755,15.0,68,16.54,14.49,9.09,34.55,59.44,0.601,0.0,0.0,NO_RIVER_ZONE,0.0,0
REC_2022_LOC04_066,2022-08-05,LOC04,LANDSLIDE_ONLY,27.545,88.455,25.0,72,17.12,22.51,3.38,10.22,23.79,0.436,0.0,0.0,NO_RIVER_ZONE,0.0,0
REC_2022_LOC05_066,2022-08-05,LOC05,FLOOD_ONLY,27.2345,88.4972,180.0,86,21.03,22.1,40.04,134.33,243.69,0.98,875.9,0.09,OVERBANK_FLOODING,56.1,1
REC_2022_LOC06_066,2022-08-05,LOC06,FLOOD_ONLY,27.1739,88.518,210.0,88,21.32,22.07,2.68,6.57,17.56,0.391,95.0,0.0,IN_BANK_FLOW,3.0,0
REC_2022_LOC01_067,2022-08-06,LOC01,COMPOUND,27.604,88.646,85.0,80,18.38,73.89,7.3,23.29,38.7,0.498,34.0,0.0,IN_BANK_FLOW,3.0,0
REC_2022_LOC02_067,2022-08-06,LOC02,COMPOUND,27.399,88.524,95.0,78,18.6,74.22,3.06,15.16,29.33,0.428,45.0,0.0,IN_BANK_FLOW,3.0,0
REC_2022_LOC03_067,2022-08-06,LOC03,LANDSLIDE_ONLY,27.385,88.755,15.0,68,16.54,14.49,4.14,21.1,53.86,0.516,0.0,0.0,NO_RIVER_ZONE,0.0,0
REC_2022_LOC04_067,2022-08-06,LOC04,LANDSLIDE_ONLY,27.545,88.455,25.0,72,17.12,22.51,14.06,39.13,66.47,0.583,0.0,0.0,NO_RIVER_ZONE,0.0,0
REC_2022_LOC05_067,2022-08-06,LOC05,FLOOD_ONLY,27.2345,88.4972,180.0,86,21.03,22.1,5.11,20.58,52.21,0.521,98.8,0.0,IN_BANK_FLOW,3.0,0
REC_2022_LOC06_067,2022-08-06,LOC06,FLOOD_ONLY,27.1739,88.518,210.0,88,21.32,22.07,13.83,53.42,103.88,0.696,357.3,0.0,IN_BANK_FLOW,8.1,0
REC_2022_LOC01_068,2022-08-07,LOC01,COMPOUND,27.604,88.646,85.0,80,18.38,73.89,18.98,42.95,82.46,0.637,66.9,0.0,IN_BANK_FLOW,4.0,0
REC_2022_LOC02_068,2022-08-07,LOC02,COMPOUND,27.399,88.524,95.0,78,18.6,74.22,41.94,113.77,312.07,0.98,302.4,0.0,IN_BANK_FLOW,11.6,0
REC_2022_LOC03_068,2022-08-07,LOC03,LANDSLIDE_ONLY,27.385,88.755,15.0,68,16.54,14.49,1.7,6.5,10.56,0.388,0.0,0.0,NO_RIVER_ZONE,0.0,0
REC_2022_LOC04_068,2022-08-07,LOC04,LANDSLIDE_ONLY,27.545,88.455,25.0,72,17.12,22.51,10.78,54.3,110.92,0.691,0.0,0.0,NO_RIVER_ZONE,0.0,0
REC_2022_LOC05_068,2022-08-07,LOC05,FLOOD_ONLY,27.2345,88.4972,180.0,86,21.03,22.1,7.72,19.01,48.8,0.497,93.7,0.0,IN_BANK_FLOW,3.0,0
REC_2022_LOC06_068,2022-08-07,LOC06,FLOOD_ONLY,27.1739,88.518,210.0,88,21.32,22.07,3.84,14.96,28.45,0.465,109.9,0.0,IN_BANK_FLOW,3.0,0
REC_2022_LOC01_069,2022-08-08,LOC01,COMPOUND,27.604,88.646,85.0,80,18.38,73.89,0.97,6.34,11.94,0.388,28.0,0.0,IN_BANK_FLOW,3.0,0
REC_2022_LOC02_069,2022-08-08,LOC02,COMPOUND,27.399,88.524,95.0,78,18.6,74.22,4.78,19.98,32.81,0.432,46.8,0.0,IN_BANK_FLOW,3.0,0
REC_2022_LOC03_069,2022-08-08,LOC03,LANDSLIDE_ONLY,27.385,88.755,15.0,68,16.54,14.49,9.96,35.64,76.4,0.627,0.0,0.0,NO_RIVER_ZONE,0.0,0
REC_2022_LOC04_069,2022-08-08,LOC04,LANDSLIDE_ONLY,27.545,88.455,25.0,72,17.12,22.51,4.51,18.19,38.76,0.484,0.0,0.0,NO_RIVER_ZONE,0.0,0
REC_2022_LOC05_069,2022-08-08,LOC05,FLOOD_ONLY,27.2345,88.4972,180.0,86,21.03,22.1,10.91,30.16,67.59,0.624,138.9,0.0,IN_BANK_FLOW,4.1,0
REC_2022_LOC06_069,2022-08-08,LOC06,FLOOD_ONLY,27.1739,88.518,210.0,88,21.32,22.07,3.35,19.57,52.26,0.502,128.3,0.0,IN_BANK_FLOW,3.0,0
REC_2022_LOC01_070,2022-08-09,LOC01,COMPOUND,27.604,88.646,85.0,80,18.38,73.89,1.59,8.99,20.45,0.405,28.0,0.0,IN_BANK_FLOW,3.0,0
REC_2022_LOC02_070,2022-08-09,LOC02,COMPOUND,27.399,88.524,95.0,78,18.6,74.22,13.77,32.66,68.3,0.655,61.6,0.0,IN_BANK_FLOW,3.0,0
REC_2022_LOC03_070,2022-08-09,LOC03,LANDSLIDE_ONLY,27.385,88.755,15.0,68,16.54,14.49,3.46,12.8,29.32,0.459,0.0,0.0,NO_RIVER_ZONE,0.0,0
REC_2022_LOC04_070,2022-08-09,LOC04,LANDSLIDE_ONLY,27.545,88.455,25.0,72,17.12,22.51,10.63,43.77,121.05,0.743,0.0,0.0,NO_RIVER_ZONE,0.0,0
REC_2022_LOC05_070,2022-08-09,LOC05,FLOOD_ONLY,27.2345,88.4972,180.0,86,21.03,22.1,0.39,1.07,2.8,0.36,75.0,0.0,IN_BANK_FLOW,3.0,0
REC_2022_LOC06_070,2022-08-09,LOC06,FLOOD_ONLY,27.1739,88.518,210.0,88,21.32,22.07,2.02,7.89,21.2,0.443,95.3,0.0,IN_BANK_FLOW,3.0,0
REC_2022_LOC01_071,2022-08-10,LOC01,COMPOUND,27.604,88.646,85.0,80,18.38,73.89,5.28,11.81,25.59,0.437,28.0,0.0,IN_BANK_FLOW,3.0,0
REC_2022_LOC02_071,2022-08-10,LOC02,COMPOUND,27.399,88.524,95.0,78,18.6,74.22,19.78,50.62,89.47,0.707,99.3,0.0,IN_BANK_FLOW,3.8,0
REC_2022_LOC03_071,2022-08-10,LOC03,LANDSLIDE_ONLY,27.385,88.755,15.0,68,16.54,14.49,15.84,44.0,99.32,0.627,0.0,0.0,NO_RIVER_ZONE,0.0,0
REC_2022_LOC04_071,2022-08-10,LOC04,LANDSLIDE_ONLY,27.545,88.455,25.0,72,17.12,22.51,1.82,5.23,14.09,0.387,0.0,0.0,NO_RIVER_ZONE,0.0,0
REC_2022_LOC05_071,2022-08-10,LOC05,FLOOD_ONLY,27.2345,88.4972,180.0,86,21.03,22.1,12.69,30.9,69.34,0.557,142.5,0.0,IN_BANK_FLOW,4.2,0
REC_2022_LOC06_071,2022-08-10,LOC06,FLOOD_ONLY,27.1739,88.518,210.0,88,21.32,22.07,24.44,59.27,104.4,0.657,405.1,0.0,IN_BANK_FLOW,9.2,0
REC_2022_LOC01_072,2022-08-11,LOC01,COMPOUND,27.604,88.646,85.0,80,18.38,73.89,25.41,73.42,191.32,0.882,146.3,0.0,IN_BANK_FLOW,8.7,0
REC_2022_LOC02_072,2022-08-11,LOC02,COMPOUND,27.399,88.524,95.0,78,18.6,74.22,6.56,30.39,62.06,0.586,58.1,0.0,IN_BANK_FLOW,3.0,0
REC_2022_LOC03_072,2022-08-11,LOC03,LANDSLIDE_ONLY,27.385,88.755,15.0,68,16.54,14.49,7.15,31.13,71.17,0.611,0.0,0.0,NO_RIVER_ZONE,0.0,0
REC_2022_LOC04_072,2022-08-11,LOC04,LANDSLIDE_ONLY,27.545,88.455,25.0,72,17.12,22.51,15.85,39.29,89.7,0.683,0.0,0.0,NO_RIVER_ZONE,0.0,0
REC_2022_LOC05_072,2022-08-11,LOC05,FLOOD_ONLY,27.2345,88.4972,180.0,86,21.03,22.1,4.23,13.23,28.64,0.442,79.5,0.0,IN_BANK_FLOW,3.0,0
REC_2022_LOC06_072,2022-08-11,LOC06,FLOOD_ONLY,27.1739,88.518,210.0,88,21.32,22.07,0.02,0.08,0.2,0.351,95.0,0.0,IN_BANK_FLOW,3.0,0
REC_2022_LOC01_073,2022-08-12,LOC01,COMPOUND,27.604,88.646,85.0,80,18.38,73.89,0.12,0.32,0.85,0.352,28.0,0.0,IN_BANK_FLOW,3.0,0
REC_2022_LOC02_073,2022-08-12,LOC02,COMPOUND,27.399,88.524,95.0,78,18.6,74.22,15.5,69.14,171.33,0.839,150.8,0.0,IN_BANK_FLOW,5.8,0
REC_2022_LOC03_073,2022-08-12,LOC03,LANDSLIDE_ONLY,27.385,88.755,15.0,68,16.54,14.49,8.01,35.9,88.69,0.638,0.0,0.0,NO_RIVER_ZONE,0.0,0
REC_2022_LOC04_073,2022-08-12,LOC04,LANDSLIDE_ONLY,27.545,88.455,25.0,72,17.12,22.51,16.35,37.14,80.72,0.621,0.0,0.0,NO_RIVER_ZONE,0.0,0
REC_2022_LOC05_073,2022-08-12,LOC05,FLOOD_ONLY,27.2345,88.4972,180.0,86,21.03,22.1,1.81,4.06,6.96,0.376,75.0,0.0,IN_BANK_FLOW,3.0,0
REC_2022_LOC06_073,2022-08-12,LOC06,FLOOD_ONLY,27.1739,88.518,210.0,88,21.32,22.07,4.28,18.14,49.49,0.557,122.0,0.0,IN_BANK_FLOW,3.0,0
REC_2022_LOC01_074,2022-08-13,LOC01,COMPOUND,27.604,88.646,85.0,80,18.38,73.89,0.06,0.25,0.6,0.352,28.0,0.0,IN_BANK_FLOW,3.0,0
REC_2022_LOC02_074,2022-08-13,LOC02,COMPOUND,27.399,88.524,95.0,78,18.6,74.22,2.94,11.24,24.13,0.425,45.0,0.0,IN_BANK_FLOW,3.0,0
REC_2022_LOC03_074,2022-08-13,LOC03,LANDSLIDE_ONLY,27.385,88.755,15.0,68,16.54,14.49,10.54,31.65,64.47,0.567,0.0,0.0,NO_RIVER_ZONE,0.0,0
REC_2022_LOC04_074,2022-08-13,LOC04,LANDSLIDE_ONLY,27.545,88.455,25.0,72,17.12,22.51,0.97,4.86,12.31,0.386,0.0,0.0,NO_RIVER_ZONE,0.0,0
REC_2022_LOC05_074,2022-08-13,LOC05,FLOOD_ONLY,27.2345,88.4972,180.0,86,21.03,22.1,19.27,46.97,100.58,0.62,232.9,0.0,IN_BANK_FLOW,6.9,0
REC_2022_LOC06_074,2022-08-13,LOC06,FLOOD_ONLY,27.1739,88.518,210.0,88,21.32,22.07,1.29,3.75,6.82,0.374,95.0,0.0,IN_BANK_FLOW,3.0,0
REC_2022_LOC01_075,2022-08-14,LOC01,COMPOUND,27.604,88.646,85.0,80,18.38,73.89,5.96,27.35,69.86,0.592,38.9,0.0,IN_BANK_FLOW,3.0,0
REC_2022_LOC02_075,2022-08-14,LOC02,COMPOUND,27.399,88.524,95.0,78,18.6,74.22,5.95,20.38,49.69,0.486,47.1,0.0,IN_BANK_FLOW,3.0,0
REC_2022_LOC03_075,2022-08-14,LOC03,LANDSLIDE_ONLY,27.385,88.755,15.0,68,16.54,14.49,7.46,35.41,97.41,0.713,0.0,0.0,NO_RIVER_ZONE,0.0,0
REC_2022_LOC04_075,2022-08-14,LOC04,LANDSLIDE_ONLY,27.545,88.455,25.0,72,17.12,22.51,0.43,1.99,3.21,0.361,0.0,0.0,NO_RIVER_ZONE,0.0,0
REC_2022_LOC05_075,2022-08-14,LOC05,FLOOD_ONLY,27.2345,88.4972,180.0,86,21.03,22.1,7.25,38.33,69.3,0.569,181.8,0.0,IN_BANK_FLOW,5.3,0
REC_2022_LOC06_075,2022-08-14,LOC06,FLOOD_ONLY,27.1739,88.518,210.0,88,21.32,22.07,3.89,9.69,16.28,0.429,97.0,0.0,IN_BANK_FLOW,3.0,0
REC_2022_LOC01_076,2022-08-15,LOC01,COMPOUND,27.604,88.646,85.0,80,18.38,73.89,11.03,33.55,79.62,0.582,48.5,0.0,IN_BANK_FLOW,3.0,0
REC_2022_LOC02_076,2022-08-15,LOC02,COMPOUND,27.399,88.524,95.0,78,18.6,74.22,8.04,19.29,47.07,0.481,46.4,0.0,IN_BANK_FLOW,3.0,0
REC_2022_LOC03_076,2022-08-15,LOC03,LANDSLIDE_ONLY,27.385,88.755,15.0,68,16.54,14.49,13.06,69.28,168.83,0.78,0.0,0.0,NO_RIVER_ZONE,0.0,0
REC_2022_LOC04_076,2022-08-15,LOC04,LANDSLIDE_ONLY,27.545,88.455,25.0,72,17.12,22.51,0.75,2.9,5.53,0.373,0.0,0.0,NO_RIVER_ZONE,0.0,0
REC_2022_LOC05_076,2022-08-15,LOC05,FLOOD_ONLY,27.2345,88.4972,180.0,86,21.03,22.1,6.9,23.57,61.88,0.576,109.9,0.0,IN_BANK_FLOW,3.2,0
REC_2022_LOC06_076,2022-08-15,LOC06,FLOOD_ONLY,27.1739,88.518,210.0,88,21.32,22.07,10.33,62.22,136.96,0.804,429.7,0.0,IN_BANK_FLOW,9.8,0
REC_2022_LOC01_077,2022-08-16,LOC01,COMPOUND,27.604,88.646,85.0,80,18.38,73.89,5.26,27.63,71.2,0.632,39.3,0.0,IN_BANK_FLOW,3.0,0
REC_2022_LOC02_077,2022-08-16,LOC02,COMPOUND,27.399,88.524,95.0,78,18.6,74.22,2.78,15.82,43.72,0.477,45.1,0.0,IN_BANK_FLOW,3.0,0
REC_2022_LOC03_077,2022-08-16,LOC03,LANDSLIDE_ONLY,27.385,88.755,15.0,68,16.54,14.49,0.52,1.53,3.52,0.362,0.0,0.0,NO_RIVER_ZONE,0.0,0
REC_2022_LOC04_077,2022-08-16,LOC04,LANDSLIDE_ONLY,27.545,88.455,25.0,72,17.12,22.51,3.17,17.58,47.79,0.467,0.0,0.0,NO_RIVER_ZONE,0.0,0
REC_2022_LOC05_077,2022-08-16,LOC05,FLOOD_ONLY,27.2345,88.4972,180.0,86,21.03,22.1,5.79,16.15,26.92,0.45,85.6,0.0,IN_BANK_FLOW,3.0,0
REC_2022_LOC06_077,2022-08-16,LOC06,FLOOD_ONLY,27.1739,88.518,210.0,88,21.32,22.07,4.16,21.22,35.64,0.448,136.1,0.0,IN_BANK_FLOW,3.1,0
REC_2022_LOC01_078,2022-08-17,LOC01,COMPOUND,27.604,88.646,85.0,80,18.38,73.89,12.12,34.94,81.43,0.603,51.0,0.0,IN_BANK_FLOW,3.0,0
REC_2022_LOC02_078,2022-08-17,LOC02,COMPOUND,27.399,88.524,95.0,78,18.6,74.22,0.89,5.85,13.93,0.397,45.0,0.0,IN_BANK_FLOW,3.0,0
REC_2022_LOC03_078,2022-08-17,LOC03,LANDSLIDE_ONLY,27.385,88.755,15.0,68,16.54,14.49,4.89,21.05,51.79,0.508,0.0,0.0,NO_RIVER_ZONE,0.0,0
REC_2022_LOC04_078,2022-08-17,LOC04,LANDSLIDE_ONLY,27.545,88.455,25.0,72,17.12,22.51,3.95,12.21,32.33,0.459,0.0,0.0,NO_RIVER_ZONE,0.0,0
REC_2022_LOC05_078,2022-08-17,LOC05,FLOOD_ONLY,27.2345,88.4972,180.0,86,21.03,22.1,2.64,12.71,34.13,0.426,78.6,0.0,IN_BANK_FLOW,3.0,0
REC_2022_LOC06_078,2022-08-17,LOC06,FLOOD_ONLY,27.1739,88.518,210.0,88,21.32,22.07,2.05,8.35,16.76,0.398,95.6,0.0,IN_BANK_FLOW,3.0,0
REC_2022_LOC01_079,2022-08-18,LOC01,COMPOUND,27.604,88.646,85.0,80,18.38,73.89,0.99,5.66,15.0,0.401,28.0,0.0,IN_BANK_FLOW,3.0,0
REC_2022_LOC02_079,2022-08-18,LOC02,COMPOUND,27.399,88.524,95.0,78,18.6,74.22,10.5,42.94,95.69,0.643,81.4,0.0,IN_BANK_FLOW,3.1,0
REC_2022_LOC03_079,2022-08-18,LOC03,LANDSLIDE_ONLY,27.385,88.755,15.0,68,16.54,14.49,5.0,24.0,49.65,0.519,0.0,0.0,NO_RIVER_ZONE,0.0,0
REC_2022_LOC04_079,2022-08-18,LOC04,LANDSLIDE_ONLY,27.545,88.455,25.0,72,17.12,22.51,5.74,13.32,33.09,0.458,0.0,0.0,NO_RIVER_ZONE,0.0,0
REC_2022_LOC05_079,2022-08-18,LOC05,FLOOD_ONLY,27.2345,88.4972,180.0,86,21.03,22.1,12.15,47.25,92.6,0.58,234.6,0.0,IN_BANK_FLOW,6.9,0
REC_2022_LOC06_079,2022-08-18,LOC06,FLOOD_ONLY,27.1739,88.518,210.0,88,21.32,22.07,8.09,24.2,63.38,0.582,151.6,0.0,IN_BANK_FLOW,3.4,0
REC_2022_LOC01_080,2022-08-19,LOC01,COMPOUND,27.604,88.646,85.0,80,18.38,73.89,2.13,6.66,14.92,0.394,28.0,0.0,IN_BANK_FLOW,3.0,0
REC_2022_LOC02_080,2022-08-19,LOC02,COMPOUND,27.399,88.524,95.0,78,18.6,74.22,22.78,66.51,176.4,0.904,142.9,0.0,IN_BANK_FLOW,5.5,0
REC_2022_LOC03_080,2022-08-19,LOC03,LANDSLIDE_ONLY,27.385,88.755,15.0,68,16.54,14.49,16.33,72.24,191.43,0.98,0.0,0.0,NO_RIVER_ZONE,0.0,0
REC_2022_LOC04_080,2022-08-19,LOC04,LANDSLIDE_ONLY,27.545,88.455,25.0,72,17.12,22.51,24.72,68.5,113.05,0.799,0.0,0.0,NO_RIVER_ZONE,0.0,0
REC_2022_LOC05_080,2022-08-19,LOC05,FLOOD_ONLY,27.2345,88.4972,180.0,86,21.03,22.1,1.05,3.62,9.4,0.372,75.0,0.0,IN_BANK_FLOW,3.0,0
REC_2022_LOC06_080,2022-08-19,LOC06,FLOOD_ONLY,27.1739,88.518,210.0,88,21.32,22.07,15.57,35.91,83.68,0.643,225.0,0.0,IN_BANK_FLOW,5.1,0
REC_2022_LOC01_081,2022-08-20,LOC01,COMPOUND,27.604,88.646,85.0,80,18.38,73.89,21.03,57.82,118.07,0.689,102.7,0.0,IN_BANK_FLOW,6.1,0
REC_2022_LOC02_081,2022-08-20,LOC02,COMPOUND,27.399,88.524,95.0,78,18.6,74.22,0.64,4.09,7.2,0.38,45.0,0.0,IN_BANK_FLOW,3.0,0
REC_2022_LOC03_081,2022-08-20,LOC03,LANDSLIDE_ONLY,27.385,88.755,15.0,68,16.54,14.49,1.49,4.09,10.25,0.382,0.0,0.0,NO_RIVER_ZONE,0.0,0
REC_2022_LOC04_081,2022-08-20,LOC04,LANDSLIDE_ONLY,27.545,88.455,25.0,72,17.12,22.51,3.92,17.02,45.85,0.46,0.0,0.0,NO_RIVER_ZONE,0.0,0
REC_2022_LOC05_081,2022-08-20,LOC05,FLOOD_ONLY,27.2345,88.4972,180.0,86,21.03,22.1,2.73,11.75,20.65,0.446,77.3,0.0,IN_BANK_FLOW,3.0,0
REC_2022_LOC06_081,2022-08-20,LOC06,FLOOD_ONLY,27.1739,88.518,210.0,88,21.32,22.07,7.6,28.39,76.25,0.59,175.8,0.0,IN_BANK_FLOW,4.0,0
REC_2022_LOC01_082,2022-08-21,LOC01,COMPOUND,27.604,88.646,85.0,80,18.38,73.89,3.48,14.24,34.75,0.487,28.1,0.0,IN_BANK_FLOW,3.0,0
REC_2022_LOC02_082,2022-08-21,LOC02,COMPOUND,27.399,88.524,95.0,78,18.6,74.22,3.73,10.07,17.37,0.417,45.0,0.0,IN_BANK_FLOW,3.0,0
REC_2022_LOC03_082,2022-08-21,LOC03,LANDSLIDE_ONLY,27.385,88.755,15.0,68,16.54,14.49,4.89,22.99,37.62,0.484,0.0,0.0,NO_RIVER_ZONE,0.0,0
REC_2022_LOC04_082,2022-08-21,LOC04,LANDSLIDE_ONLY,27.545,88.455,25.0,72,17.12,22.51,4.84,12.96,23.92,0.433,0.0,0.0,NO_RIVER_ZONE,0.0,0
REC_2022_LOC05_082,2022-08-21,LOC05,FLOOD_ONLY,27.2345,88.4972,180.0,86,21.03,22.1,5.4,13.31,33.68,0.442,79.6,0.0,IN_BANK_FLOW,3.0,0
REC_2022_LOC06_082,2022-08-21,LOC06,FLOOD_ONLY,27.1739,88.518,210.0,88,21.32,22.07,3.49,8.31,20.16,0.435,95.5,0.0,IN_BANK_FLOW,3.0,0
REC_2022_LOC01_083,2022-08-22,LOC01,COMPOUND,27.604,88.646,85.0,80,18.38,73.89,0.16,0.46,1.0,0.354,28.0,0.0,IN_BANK_FLOW,3.0,0
REC_2022_LOC02_083,2022-08-22,LOC02,COMPOUND,27.399,88.524,95.0,78,18.6,74.22,4.81,12.03,23.72,0.429,45.0,0.0,IN_BANK_FLOW,3.0,0
REC_2022_LOC03_083,2022-08-22,LOC03,LANDSLIDE_ONLY,27.385,88.755,15.0,68,16.54,14.49,1.61,6.51,16.94,0.404,0.0,0.0,NO_RIVER_ZONE,0.0,0
REC_2022_LOC04_083,2022-08-22,LOC04,LANDSLIDE_ONLY,27.545,88.455,25.0,72,17.12,22.51,1.55,5.24,8.92,0.388,0.0,0.0,NO_RIVER_ZONE,0.0,0
REC_2022_LOC05_083,2022-08-22,LOC05,FLOOD_ONLY,27.2345,88.4972,180.0,86,21.03,22.1,19.98,63.17,146.57,0.941,339.2,0.0,IN_BANK_FLOW,10.0,0
REC_2022_LOC06_083,2022-08-22,LOC06,FLOOD_ONLY,27.1739,88.518,210.0,88,21.32,22.07,11.56,35.56,85.54,0.613,222.6,0.0,IN_BANK_FLOW,5.1,0
REC_2022_LOC01_084,2022-08-23,LOC01,COMPOUND,27.604,88.646,85.0,80,18.38,73.89,4.11,20.96,38.74,0.467,31.8,0.0,IN_BANK_FLOW,3.0,0
REC_2022_LOC02_084,2022-08-23,LOC02,COMPOUND,27.399,88.524,95.0,78,18.6,74.22,2.63,8.87,24.21,0.415,45.0,0.0,IN_BANK_FLOW,3.0,0
REC_2022_LOC03_084,2022-08-23,LOC03,LANDSLIDE_ONLY,27.385,88.755,15.0,68,16.54,14.49,22.06,51.95,131.54,0.651,0.0,0.0,NO_RIVER_ZONE,0.0,0
REC_2022_LOC04_084,2022-08-23,LOC04,LANDSLIDE_ONLY,27.545,88.455,25.0,72,17.12,22.51,9.67,27.76,45.88,0.511,0.0,0.0,NO_RIVER_ZONE,0.0,0
REC_2022_LOC05_084,2022-08-23,LOC05,FLOOD_ONLY,27.2345,88.4972,180.0,86,21.03,22.1,3.55,12.57,21.1,0.43,78.4,0.0,IN_BANK_FLOW,3.0,0
REC_2022_LOC06_084,2022-08-23,LOC06,FLOOD_ONLY,27.1739,88.518,210.0,88,21.32,22.07,11.76,27.17,52.18,0.545,168.5,0.0,IN_BANK_FLOW,3.8,0
REC_2022_LOC01_085,2022-08-24,LOC01,COMPOUND,27.604,88.646,85.0,80,18.38,73.89,1.4,4.63,10.35,0.388,28.0,0.0,IN_BANK_FLOW,3.0,0
REC_2022_LOC02_085,2022-08-24,LOC02,COMPOUND,27.399,88.524,95.0,78,18.6,74.22,9.35,46.45,98.06,0.674,89.3,0.0,IN_BANK_FLOW,3.4,0
REC_2022_LOC03_085,2022-08-24,LOC03,LANDSLIDE_ONLY,27.385,88.755,15.0,68,16.54,14.49,4.07,10.04,22.74,0.444,0.0,0.0,NO_RIVER_ZONE,0.0,0
REC_2022_LOC04_085,2022-08-24,LOC04,LANDSLIDE_ONLY,27.545,88.455,25.0,72,17.12,22.51,10.74,68.23,140.02,0.828,0.0,0.0,NO_RIVER_ZONE,0.0,0
REC_2022_LOC05_085,2022-08-24,LOC05,FLOOD_ONLY,27.2345,88.4972,180.0,86,21.03,22.1,5.98,21.23,52.48,0.557,101.1,0.0,IN_BANK_FLOW,3.0,0
REC_2022_LOC06_085,2022-08-24,LOC06,FLOOD_ONLY,27.1739,88.518,210.0,88,21.32,22.07,0.64,3.64,8.28,0.37,95.0,0.0,IN_BANK_FLOW,3.0,0
REC_2022_LOC01_086,2022-08-25,LOC01,COMPOUND,27.604,88.646,85.0,80,18.38,73.89,14.38,38.01,72.79,0.619,56.7,0.0,IN_BANK_FLOW,3.4,0
REC_2022_LOC02_086,2022-08-25,LOC02,COMPOUND,27.399,88.524,95.0,78,18.6,74.22,8.98,27.51,54.51,0.555,54.1,0.0,IN_BANK_FLOW,3.0,0
REC_2022_LOC03_086,2022-08-25,LOC03,LANDSLIDE_ONLY,27.385,88.755,15.0,68,16.54,14.49,5.24,24.45,51.82,0.507,0.0,0.0,NO_RIVER_ZONE,0.0,0
REC_2022_LOC04_086,2022-08-25,LOC04,LANDSLIDE_ONLY,27.545,88.455,25.0,72,17.12,22.51,0.29,1.58,3.49,0.364,0.0,0.0,NO_RIVER_ZONE,0.0,0
REC_2022_LOC05_086,2022-08-25,LOC05,FLOOD_ONLY,27.2345,88.4972,180.0,86,21.03,22.1,4.28,9.86,22.91,0.417,75.5,0.0,IN_BANK_FLOW,3.0,0
REC_2022_LOC06_086,2022-08-25,LOC06,FLOOD_ONLY,27.1739,88.518,210.0,88,21.32,22.07,2.41,13.09,34.09,0.453,104.2,0.0,IN_BANK_FLOW,3.0,0
REC_2022_LOC01_087,2022-08-26,LOC01,COMPOUND,27.604,88.646,85.0,80,18.38,73.89,1.29,4.03,7.96,0.377,28.0,0.0,IN_BANK_FLOW,3.0,0
REC_2022_LOC02_087,2022-08-26,LOC02,COMPOUND,27.399,88.524,95.0,78,18.6,74.22,1.1,4.17,11.03,0.39,45.0,0.0,IN_BANK_FLOW,3.0,0
REC_2022_LOC03_087,2022-08-26,LOC03,LANDSLIDE_ONLY,27.385,88.755,15.0,68,16.54,14.49,1.69,11.17,21.54,0.435,0.0,0.0,NO_RIVER_ZONE,0.0,0
REC_2022_LOC04_087,2022-08-26,LOC04,LANDSLIDE_ONLY,27.545,88.455,25.0,72,17.12,22.51,7.6,19.96,42.21,0.494,0.0,0.0,NO_RIVER_ZONE,0.0,0
REC_2022_LOC05_087,2022-08-26,LOC05,FLOOD_ONLY,27.2345,88.4972,180.0,86,21.03,22.1,5.42,12.19,24.62,0.462,77.9,0.0,IN_BANK_FLOW,3.0,0
REC_2022_LOC06_087,2022-08-26,LOC06,FLOOD_ONLY,27.1739,88.518,210.0,88,21.32,22.07,15.93,55.89,139.34,0.738,377.3,0.0,IN_BANK_FLOW,8.6,0
REC_2022_LOC01_088,2022-08-27,LOC01,COMPOUND,27.604,88.646,85.0,80,18.38,73.89,7.42,20.81,40.35,0.46,31.7,0.0,IN_BANK_FLOW,3.0,0
REC_2022_LOC02_088,2022-08-27,LOC02,COMPOUND,27.399,88.524,95.0,78,18.6,74.22,1.44,4.17,9.73,0.381,45.0,0.0,IN_BANK_FLOW,3.0,0
REC_2022_LOC03_088,2022-08-27,LOC03,LANDSLIDE_ONLY,27.385,88.755,15.0,68,16.54,14.49,2.74,8.73,15.51,0.411,0.0,0.0,NO_RIVER_ZONE,0.0,0
REC_2022_LOC04_088,2022-08-27,LOC04,LANDSLIDE_ONLY,27.545,88.455,25.0,72,17.12,22.51,4.15,19.99,45.92,0.493,0.0,0.0,NO_RIVER_ZONE,0.0,0
REC_2022_LOC05_088,2022-08-27,LOC05,FLOOD_ONLY,27.2345,88.4972,180.0,86,21.03,22.1,0.3,1.69,3.55,0.363,75.0,0.0,IN_BANK_FLOW,3.0,0
REC_2022_LOC06_088,2022-08-27,LOC06,FLOOD_ONLY,27.1739,88.518,210.0,88,21.32,22.07,6.22,27.28,74.48,0.622,169.2,0.0,IN_BANK_FLOW,3.8,0
REC_2022_LOC01_089,2022-08-28,LOC01,COMPOUND,27.604,88.646,85.0,80,18.38,73.89,0.05,0.17,0.31,0.351,28.0,0.0,IN_BANK_FLOW,3.0,0
REC_2022_LOC02_089,2022-08-28,LOC02,COMPOUND,27.399,88.524,95.0,78,18.6,74.22,4.74,15.88,43.14,0.525,45.1,0.0,IN_BANK_FLOW,3.0,0
REC_2022_LOC03_089,2022-08-28,LOC03,LANDSLIDE_ONLY,27.385,88.755,15.0,68,16.54,14.49,1.61,5.68,12.39,0.403,0.0,0.0,NO_RIVER_ZONE,0.0,0
REC_2022_LOC04_089,2022-08-28,LOC04,LANDSLIDE_ONLY,27.545,88.455,25.0,72,17.12,22.51,8.97,44.33,104.01,0.62,0.0,0.0,NO_RIVER_ZONE,0.0,0
REC_2022_LOC05_089,2022-08-28,LOC05,FLOOD_ONLY,27.2345,88.4972,180.0,86,21.03,22.1,21.67,52.75,99.45,0.657,269.5,0.0,IN_BANK_FLOW,7.9,0
REC_2022_LOC06_089,2022-08-28,LOC06,FLOOD_ONLY,27.1739,88.518,210.0,88,21.32,22.07,1.14,3.21,5.95,0.368,95.0,0.0,IN_BANK_FLOW,3.0,0
REC_2022_LOC01_090,2022-08-29,LOC01,COMPOUND,27.604,88.646,85.0,80,18.38,73.89,7.75,21.08,41.68,0.513,31.9,0.0,IN_BANK_FLOW,3.0,0
REC_2022_LOC02_090,2022-08-29,LOC02,COMPOUND,27.399,88.524,95.0,78,18.6,74.22,3.85,19.26,40.12,0.471,46.4,0.0,IN_BANK_FLOW,3.0,0
REC_2022_LOC03_090,2022-08-29,LOC03,LANDSLIDE_ONLY,27.385,88.755,15.0,68,16.54,14.49,15.03,63.14,132.52,0.843,0.0,0.0,NO_RIVER_ZONE,0.0,0
REC_2022_LOC04_090,2022-08-29,LOC04,LANDSLIDE_ONLY,27.545,88.455,25.0,72,17.12,22.51,2.63,11.39,31.88,0.459,0.0,0.0,NO_RIVER_ZONE,0.0,0
REC_2022_LOC05_090,2022-08-29,LOC05,FLOOD_ONLY,27.2345,88.4972,180.0,86,21.03,22.1,7.07,17.57,46.74,0.471,89.4,0.0,IN_BANK_FLOW,3.0,0
REC_2022_LOC06_090,2022-08-29,LOC06,FLOOD_ONLY,27.1739,88.518,210.0,88,21.32,22.07,11.43,43.23,107.56,0.69,277.9,0.0,IN_BANK_FLOW,6.3,0
REC_2022_LOC01_091,2022-08-30,LOC01,COMPOUND,27.604,88.646,85.0,80,18.38,73.89,4.03,25.94,48.23,0.496,37.1,0.0,IN_BANK_FLOW,3.0,0
REC_2022_LOC02_091,2022-08-30,LOC02,COMPOUND,27.399,88.524,95.0,78,18.6,74.22,12.93,40.82,99.11,0.651,76.8,0.0,IN_BANK_FLOW,3.0,0
REC_2022_LOC03_091,2022-08-30,LOC03,LANDSLIDE_ONLY,27.385,88.755,15.0,68,16.54,14.49,16.01,53.02,122.63,0.841,0.0,0.0,NO_RIVER_ZONE,0.0,0
REC_2022_LOC04_091,2022-08-30,LOC04,LANDSLIDE_ONLY,27.545,88.455,25.0,72,17.12,22.51,4.19,14.7,31.0,0.473,0.0,0.0,NO_RIVER_ZONE,0.0,0
REC_2022_LOC05_091,2022-08-30,LOC05,FLOOD_ONLY,27.2345,88.4972,180.0,86,21.03,22.1,1.63,4.45,11.46,0.391,75.0,0.0,IN_BANK_FLOW,3.0,0
REC_2022_LOC06_091,2022-08-30,LOC06,FLOOD_ONLY,27.1739,88.518,210.0,88,21.32,22.07,1.18,2.92,6.12,0.372,95.0,0.0,IN_BANK_FLOW,3.0,0
REC_2022_LOC01_092,2022-08-31,LOC01,COMPOUND,27.604,88.646,85.0,80,18.38,73.89,0.03,0.09,0.15,0.351,28.0,0.0,IN_BANK_FLOW,3.0,0
REC_2022_LOC02_092,2022-08-31,LOC02,COMPOUND,27.399,88.524,95.0,78,18.6,74.22,2.91,7.57,13.49,0.407,45.0,0.0,IN_BANK_FLOW,3.0,0
REC_2022_LOC03_092,2022-08-31,LOC03,LANDSLIDE_ONLY,27.385,88.755,15.0,68,16.54,14.49,0.58,2.58,6.9,0.375,0.0,0.0,NO_RIVER_ZONE,0.0,0
REC_2022_LOC04_092,2022-08-31,LOC04,LANDSLIDE_ONLY,27.545,88.455,25.0,72,17.12,22.51,0.39,1.02,2.46,0.359,0.0,0.0,NO_RIVER_ZONE,0.0,0
REC_2022_LOC05_092,2022-08-31,LOC05,FLOOD_ONLY,27.2345,88.4972,180.0,86,21.03,22.1,17.97,46.19,102.45,0.609,228.1,0.0,IN_BANK_FLOW,6.7,0
REC_2022_LOC06_092,2022-08-31,LOC06,FLOOD_ONLY,27.1739,88.518,210.0,88,21.32,22.07,26.27,67.08,137.72,0.822,470.8,0.0,IN_BANK_FLOW,10.7,0
REC_2022_LOC01_093,2022-09-01,LOC01,COMPOUND,27.604,88.646,85.0,80,18.38,73.89,8.71,39.29,72.6,0.579,59.3,0.0,IN_BANK_FLOW,3.5,0
REC_2022_LOC02_093,2022-09-01,LOC02,COMPOUND,27.399,88.524,95.0,78,18.6,74.22,0.27,0.64,1.13,0.354,45.0,0.0,IN_BANK_FLOW,3.0,0
REC_2022_LOC03_093,2022-09-01,LOC03,LANDSLIDE_ONLY,27.385,88.755,15.0,68,16.54,14.49,1.94,7.05,19.14,0.426,0.0,0.0,NO_RIVER_ZONE,0.0,0
REC_2022_LOC04_093,2022-09-01,LOC04,LANDSLIDE_ONLY,27.545,88.455,25.0,72,17.12,22.51,2.69,8.06,18.93,0.408,0.0,0.0,NO_RIVER_ZONE,0.0,0
REC_2022_LOC05_093,2022-09-01,LOC05,FLOOD_ONLY,27.2345,88.4972,180.0,86,21.03,22.1,0.95,5.28,10.68,0.378,75.0,0.0,IN_BANK_FLOW,3.0,0
REC_2022_LOC06_093,2022-09-01,LOC06,FLOOD_ONLY,27.1739,88.518,210.0,88,21.32,22.07,0.26,1.29,3.44,0.364,95.0,0.0,IN_BANK_FLOW,3.0,0
REC_2022_LOC01_094,2022-09-02,LOC01,COMPOUND,27.604,88.646,85.0,80,18.38,73.89,14.76,32.83,77.33,0.661,47.3,0.0,IN_BANK_FLOW,3.0,0
REC_2022_LOC02_094,2022-09-02,LOC02,COMPOUND,27.399,88.524,95.0,78,18.6,74.22,10.72,30.07,48.88,0.492,57.6,0.0,IN_BANK_FLOW,3.0,0
REC_2022_LOC03_094,2022-09-02,LOC03,LANDSLIDE_ONLY,27.385,88.755,15.0,68,16.54,14.49,0.14,0.63,1.24,0.354,0.0,0.0,NO_RIVER_ZONE,0.0,0
REC_2022_LOC04_094,2022-09-02,LOC04,LANDSLIDE_ONLY,27.545,88.455,25.0,72,17.12,22.51,1.37,4.54,8.74,0.384,0.0,0.0,NO_RIVER_ZONE,0.0,0
REC_2022_LOC05_094,2022-09-02,LOC05,FLOOD_ONLY,27.2345,88.4972,180.0,86,21.03,22.1,2.32,6.7,12.97,0.4,75.0,0.0,IN_BANK_FLOW,3.0,0
REC_2022_LOC06_094,2022-09-02,LOC06,FLOOD_ONLY,27.1739,88.518,210.0,88,21.32,22.07,4.49,10.49,28.13,0.414,98.3,0.0,IN_BANK_FLOW,3.0,0
REC_2022_LOC01_095,2022-09-03,LOC01,COMPOUND,27.604,88.646,85.0,80,18.38,73.89,0.92,2.7,7.4,0.376,28.0,0.0,IN_BANK_FLOW,3.0,0
REC_2022_LOC02_095,2022-09-03,LOC02,COMPOUND,27.399,88.524,95.0,78,18.6,74.22,0.75,2.1,4.39,0.363,45.0,0.0,IN_BANK_FLOW,3.0,0
REC_2022_LOC03_095,2022-09-03,LOC03,LANDSLIDE_ONLY,27.385,88.755,15.0,68,16.54,14.49,1.19,4.89,8.53,0.383,0.0,0.0,NO_RIVER_ZONE,0.0,0
REC_2022_LOC04_095,2022-09-03,LOC04,LANDSLIDE_ONLY,27.545,88.455,25.0,72,17.12,22.51,1.84,8.88,22.15,0.401,0.0,0.0,NO_RIVER_ZONE,0.0,0
REC_2022_LOC05_095,2022-09-03,LOC05,FLOOD_ONLY,27.2345,88.4972,180.0,86,21.03,22.1,1.8,6.16,13.18,0.399,75.0,0.0,IN_BANK_FLOW,3.0,0
REC_2022_LOC06_095,2022-09-03,LOC06,FLOOD_ONLY,27.1739,88.518,210.0,88,21.32,22.07,1.84,6.54,12.88,0.407,95.0,0.0,IN_BANK_FLOW,3.0,0
REC_2022_LOC01_096,2022-09-04,LOC01,COMPOUND,27.604,88.646,85.0,80,18.38,73.89,5.21,12.8,31.8,0.438,28.0,0.0,IN_BANK_FLOW,3.0,0
REC_2022_LOC02_096,2022-09-04,LOC02,COMPOUND,27.399,88.524,95.0,78,18.6,74.22,12.98,30.7,67.88,0.547,58.6,0.0,IN_BANK_FLOW,3.0,0
REC_2022_LOC03_096,2022-09-04,LOC03,LANDSLIDE_ONLY,27.385,88.755,15.0,68,16.54,14.49,3.23,9.49,18.11,0.392,0.0,0.0,NO_RIVER_ZONE,0.0,0
REC_2022_LOC04_096,2022-09-04,LOC04,LANDSLIDE_ONLY,27.545,88.455,25.0,72,17.12,22.51,1.87,4.2,8.26,0.375,0.0,0.0,NO_RIVER_ZONE,0.0,0
REC_2022_LOC05_096,2022-09-04,LOC05,FLOOD_ONLY,27.2345,88.4972,180.0,86,21.03,22.1,1.88,5.9,14.5,0.404,75.0,0.0,IN_BANK_FLOW,3.0,0
REC_2022_LOC06_096,2022-09-04,LOC06,FLOOD_ONLY,27.1739,88.518,210.0,88,21.32,22.07,3.23,9.44,24.37,0.427,96.7,0.0,IN_BANK_FLOW,3.0,0
REC_2022_LOC01_097,2022-09-05,LOC01,COMPOUND,27.604,88.646,85.0,80,18.38,73.89,1.25,4.28,7.53,0.372,28.0,0.0,IN_BANK_FLOW,3.0,0
REC_2022_LOC02_097,2022-09-05,LOC02,COMPOUND,27.399,88.524,95.0,78,18.6,74.22,37.57,83.77,145.57,0.793,197.2,0.0,IN_BANK_FLOW,7.6,0
REC_2022_LOC03_097,2022-09-05,LOC03,LANDSLIDE_ONLY,27.385,88.755,15.0,68,16.54,14.49,1.41,4.62,10.55,0.384,0.0,0.0,NO_RIVER_ZONE,0.0,0
REC_2022_LOC04_097,2022-09-05,LOC04,LANDSLIDE_ONLY,27.545,88.455,25.0,72,17.12,22.51,5.05,17.96,45.76,0.497,0.0,0.0,NO_RIVER_ZONE,0.0,0
REC_2022_LOC05_097,2022-09-05,LOC05,FLOOD_ONLY,27.2345,88.4972,180.0,86,21.03,22.1,0.49,3.02,6.48,0.376,75.0,0.0,IN_BANK_FLOW,3.0,0
REC_2022_LOC06_097,2022-09-05,LOC06,FLOOD_ONLY,27.1739,88.518,210.0,88,21.32,22.07,5.73,14.93,25.56,0.415,109.8,0.0,IN_BANK_FLOW,3.0,0
REC_2022_LOC01_098,2022-09-06,LOC01,COMPOUND,27.604,88.646,85.0,80,18.38,73.89,11.41,67.53,181.22,0.931,129.2,0.0,IN_BANK_FLOW,7.7,0
REC_2022_LOC02_098,2022-09-06,LOC02,COMPOUND,27.399,88.524,95.0,78,18.6,74.22,0.67,2.15,4.36,0.368,45.0,0.0,IN_BANK_FLOW,3.0,0
REC_2022_LOC03_098,2022-09-06,LOC03,LANDSLIDE_ONLY,27.385,88.755,15.0,68,16.54,14.49,0.22,1.42,3.34,0.364,0.0,0.0,NO_RIVER_ZONE,0.0,0
REC_2022_LOC04_098,2022-09-06,LOC04,LANDSLIDE_ONLY,27.545,88.455,25.0,72,17.12,22.51,6.54,16.45,44.81,0.501,0.0,0.0,NO_RIVER_ZONE,0.0,0
REC_2022_LOC05_098,2022-09-06,LOC05,FLOOD_ONLY,27.2345,88.4972,180.0,86,21.03,22.1,2.44,11.33,20.44,0.414,76.8,0.0,IN_BANK_FLOW,3.0,0
REC_2022_LOC06_098,2022-09-06,LOC06,FLOOD_ONLY,27.1739,88.518,210.0,88,21.32,22.07,3.72,13.81,33.28,0.426,106.2,0.0,IN_BANK_FLOW,3.0,0
REC_2022_LOC01_099,2022-09-07,LOC01,COMPOUND,27.604,88.646,85.0,80,18.38,73.89,0.49,1.17,2.84,0.356,28.0,0.0,IN_BANK_FLOW,3.0,0
REC_2022_LOC02_099,2022-09-07,LOC02,COMPOUND,27.399,88.524,95.0,78,18.6,74.22,9.11,23.72,51.55,0.481,49.8,0.0,IN_BANK_FLOW,3.0,0
REC_2022_LOC03_099,2022-09-07,LOC03,LANDSLIDE_ONLY,27.385,88.755,15.0,68,16.54,14.49,1.63,3.82,10.31,0.395,0.0,0.0,NO_RIVER_ZONE,0.0,0
REC_2022_LOC04_099,2022-09-07,LOC04,LANDSLIDE_ONLY,27.545,88.455,25.0,72,17.12,22.51,0.79,4.41,12.24,0.391,0.0,0.0,NO_RIVER_ZONE,0.0,0
REC_2022_LOC05_099,2022-09-07,LOC05,FLOOD_ONLY,27.2345,88.4972,180.0,86,21.03,22.1,6.29,19.67,33.3,0.45,95.8,0.0,IN_BANK_FLOW,3.0,0
REC_2022_LOC06_099,2022-09-07,LOC06,FLOOD_ONLY,27.1739,88.518,210.0,88,21.32,22.07,0.49,1.65,2.82,0.358,95.0,0.0,IN_BANK_FLOW,3.0,0
REC_2022_LOC01_100,2022-09-08,LOC01,COMPOUND,27.604,88.646,85.0,80,18.38,73.89,4.9,13.38,37.36,0.431,28.0,0.0,IN_BANK_FLOW,3.0,0
REC_2022_LOC02_100,2022-09-08,LOC02,COMPOUND,27.399,88.524,95.0,78,18.6,74.22,11.13,31.47,86.38,0.673,59.7,0.0,IN_BANK_FLOW,3.0,0
REC_2022_LOC03_100,2022-09-08,LOC03,LANDSLIDE_ONLY,27.385,88.755,15.0,68,16.54,14.49,3.81,13.34,35.4,0.436,0.0,0.0,NO_RIVER_ZONE,0.0,0
REC_2022_LOC04_100,2022-09-08,LOC04,LANDSLIDE_ONLY,27.545,88.455,25.0,72,17.12,22.51,1.73,6.5,15.26,0.4,0.0,0.0,NO_RIVER_ZONE,0.0,0
REC_2022_LOC05_100,2022-09-08,LOC05,FLOOD_ONLY,27.2345,88.4972,180.0,86,21.03,22.1,2.46,10.6,18.76,0.405,76.0,0.0,IN_BANK_FLOW,3.0,0
REC_2022_LOC06_100,2022-09-08,LOC06,FLOOD_ONLY,27.1739,88.518,210.0,88,21.32,22.07,1.1,5.42,13.71,0.391,95.0,0.0,IN_BANK_FLOW,3.0,0
REC_2022_LOC01_101,2022-09-09,LOC01,COMPOUND,27.604,88.646,85.0,80,18.38,73.89,11.49,46.87,111.79,0.625,75.6,0.0,IN_BANK_FLOW,4.5,0
REC_2022_LOC02_101,2022-09-09,LOC02,COMPOUND,27.399,88.524,95.0,78,18.6,74.22,12.32,44.2,116.85,0.79,84.1,0.0,IN_BANK_FLOW,3.2,0
REC_2022_LOC03_101,2022-09-09,LOC03,LANDSLIDE_ONLY,27.385,88.755,15.0,68,16.54,14.49,14.74,36.47,67.57,0.548,0.0,0.0,NO_RIVER_ZONE,0.0,0
REC_2022_LOC04_101,2022-09-09,LOC04,LANDSLIDE_ONLY,27.545,88.455,25.0,72,17.12,22.51,0.33,1.23,2.82,0.363,0.0,0.0,NO_RIVER_ZONE,0.0,0
REC_2022_LOC05_101,2022-09-09,LOC05,FLOOD_ONLY,27.2345,88.4972,180.0,86,21.03,22.1,7.42,23.23,49.65,0.504,108.5,0.0,IN_BANK_FLOW,3.2,0
REC_2022_LOC06_101,2022-09-09,LOC06,FLOOD_ONLY,27.1739,88.518,210.0,88,21.32,22.07,11.01,35.18,66.35,0.609,219.9,0.0,IN_BANK_FLOW,5.0,0
REC_2022_LOC01_102,2022-09-10,LOC01,COMPOUND,27.604,88.646,85.0,80,18.38,73.89,8.94,31.26,77.27,0.553,44.7,0.0,IN_BANK_FLOW,3.0,0
REC_2022_LOC02_102,2022-09-10,LOC02,COMPOUND,27.399,88.524,95.0,78,18.6,74.22,2.32,6.72,16.86,0.409,45.0,0.0,IN_BANK_FLOW,3.0,0
REC_2022_LOC03_102,2022-09-10,LOC03,LANDSLIDE_ONLY,27.385,88.755,15.0,68,16.54,14.49,0.71,2.22,6.09,0.372,0.0,0.0,NO_RIVER_ZONE,0.0,0
REC_2022_LOC04_102,2022-09-10,LOC04,LANDSLIDE_ONLY,27.545,88.455,25.0,72,17.12,22.51,2.34,9.39,26.04,0.435,0.0,0.0,NO_RIVER_ZONE,0.0,0
REC_2022_LOC05_102,2022-09-10,LOC05,FLOOD_ONLY,27.2345,88.4972,180.0,86,21.03,22.1,1.19,2.71,5.65,0.368,75.0,0.0,IN_BANK_FLOW,3.0,0
REC_2022_LOC06_102,2022-09-10,LOC06,FLOOD_ONLY,27.1739,88.518,210.0,88,21.32,22.07,0.19,0.89,1.5,0.355,95.0,0.0,IN_BANK_FLOW,3.0,0
REC_2022_LOC01_103,2022-09-11,LOC01,COMPOUND,27.604,88.646,85.0,80,18.38,73.89,1.2,5.36,9.46,0.388,28.0,0.0,IN_BANK_FLOW,3.0,0
REC_2022_LOC02_103,2022-09-11,LOC02,COMPOUND,27.399,88.524,95.0,78,18.6,74.22,12.93,34.67,82.91,0.582,65.0,0.0,IN_BANK_FLOW,3.0,0
REC_2022_LOC03_103,2022-09-11,LOC03,LANDSLIDE_ONLY,27.385,88.755,15.0,68,16.54,14.49,5.72,23.9,50.47,0.476,0.0,0.0,NO_RIVER_ZONE,0.0,0
REC_2022_LOC04_103,2022-09-11,LOC04,LANDSLIDE_ONLY,27.545,88.455,25.0,72,17.12,22.51,12.93,28.81,48.74,0.541,0.0,0.0,NO_RIVER_ZONE,0.0,0
REC_2022_LOC05_103,2022-09-11,LOC05,FLOOD_ONLY,27.2345,88.4972,180.0,86,21.03,22.1,2.06,7.21,16.68,0.408,75.0,0.0,IN_BANK_FLOW,3.0,0
REC_2022_LOC06_103,2022-09-11,LOC06,FLOOD_ONLY,27.1739,88.518,210.0,88,21.32,22.07,3.7,15.97,30.81,0.427,113.4,0.0,IN_BANK_FLOW,3.0,0
REC_2022_LOC01_104,2022-09-12,LOC01,COMPOUND,27.604,88.646,85.0,80,18.38,73.89,0.74,1.82,4.23,0.367,28.0,0.0,IN_BANK_FLOW,3.0,0
REC_2022_LOC02_104,2022-09-12,LOC02,COMPOUND,27.399,88.524,95.0,78,18.6,74.22,2.78,17.57,28.43,0.431,45.6,0.0,IN_BANK_FLOW,3.0,0
REC_2022_LOC03_104,2022-09-12,LOC03,LANDSLIDE_ONLY,27.385,88.755,15.0,68,16.54,14.49,0.88,2.5,5.79,0.364,0.0,0.0,NO_RIVER_ZONE,0.0,0
REC_2022_LOC04_104,2022-09-12,LOC04,LANDSLIDE_ONLY,27.545,88.455,25.0,72,17.12,22.51,0.74,2.81,6.61,0.369,0.0,0.0,NO_RIVER_ZONE,0.0,0
REC_2022_LOC05_104,2022-09-12,LOC05,FLOOD_ONLY,27.2345,88.4972,180.0,86,21.03,22.1,12.46,33.13,75.01,0.57,153.8,0.0,IN_BANK_FLOW,4.5,0
REC_2022_LOC06_104,2022-09-12,LOC06,FLOOD_ONLY,27.1739,88.518,210.0,88,21.32,22.07,0.22,0.65,1.42,0.354,95.0,0.0,IN_BANK_FLOW,3.0,0
REC_2022_LOC01_105,2022-09-13,LOC01,COMPOUND,27.604,88.646,85.0,80,18.38,73.89,0.46,1.27,3.1,0.36,28.0,0.0,IN_BANK_FLOW,3.0,0
REC_2022_LOC02_105,2022-09-13,LOC02,COMPOUND,27.399,88.524,95.0,78,18.6,74.22,1.93,4.47,10.31,0.381,45.0,0.0,IN_BANK_FLOW,3.0,0
REC_2022_LOC03_105,2022-09-13,LOC03,LANDSLIDE_ONLY,27.385,88.755,15.0,68,16.54,14.49,2.06,5.82,11.52,0.386,0.0,0.0,NO_RIVER_ZONE,0.0,0
REC_2022_LOC04_105,2022-09-13,LOC04,LANDSLIDE_ONLY,27.545,88.455,25.0,72,17.12,22.51,1.49,4.45,9.84,0.396,0.0,0.0,NO_RIVER_ZONE,0.0,0
REC_2022_LOC05_105,2022-09-13,LOC05,FLOOD_ONLY,27.2345,88.4972,180.0,86,21.03,22.1,4.03,11.35,19.54,0.404,76.8,0.0,IN_BANK_FLOW,3.0,0
REC_2022_LOC06_105,2022-09-13,LOC06,FLOOD_ONLY,27.1739,88.518,210.0,88,21.32,22.07,7.63,25.81,51.69,0.503,160.6,0.0,IN_BANK_FLOW,3.6,0
REC_2022_LOC01_106,2022-09-14,LOC01,COMPOUND,27.604,88.646,85.0,80,18.38,73.89,0.42,1.98,4.29,0.368,28.0,0.0,IN_BANK_FLOW,3.0,0
REC_2022_LOC02_106,2022-09-14,LOC02,COMPOUND,27.399,88.524,95.0,78,18.6,74.22,14.69,81.2,135.08,0.976,188.8,0.0,IN_BANK_FLOW,7.3,0
REC_2022_LOC03_106,2022-09-14,LOC03,LANDSLIDE_ONLY,27.385,88.755,15.0,68,16.54,14.49,7.81,25.15,64.31,0.544,0.0,0.0,NO_RIVER_ZONE,0.0,0
REC_2022_LOC04_106,2022-09-14,LOC04,LANDSLIDE_ONLY,27.545,88.455,25.0,72,17.12,22.51,12.95,29.13,60.98,0.532,0.0,0.0,NO_RIVER_ZONE,0.0,0
REC_2022_LOC05_106,2022-09-14,LOC05,FLOOD_ONLY,27.2345,88.4972,180.0,86,21.03,22.1,0.18,0.68,1.59,0.355,75.0,0.0,IN_BANK_FLOW,3.0,0
REC_2022_LOC06_106,2022-09-14,LOC06,FLOOD_ONLY,27.1739,88.518,210.0,88,21.32,22.07,1.8,6.72,16.73,0.41,95.0,0.0,IN_BANK_FLOW,3.0,0
REC_2022_LOC01_107,2022-09-15,LOC01,COMPOUND,27.604,88.646,85.0,80,18.38,73.89,1.11,4.04,7.88,0.382,28.0,0.0,IN_BANK_FLOW,3.0,0
REC_2022_LOC02_107,2022-09-15,LOC02,COMPOUND,27.399,88.524,95.0,78,18.6,74.22,0.05,0.19,0.4,0.352,45.0,0.0,IN_BANK_FLOW,3.0,0
REC_2022_LOC03_107,2022-09-15,LOC03,LANDSLIDE_ONLY,27.385,88.755,15.0,68,16.54,14.49,3.74,11.35,19.46,0.427,0.0,0.0,NO_RIVER_ZONE,0.0,0
REC_2022_LOC04_107,2022-09-15,LOC04,LANDSLIDE_ONLY,27.545,88.455,25.0,72,17.12,22.51,6.99,16.51,31.84,0.479,0.0,0.0,NO_RIVER_ZONE,0.0,0
REC_2022_LOC05_107,2022-09-15,LOC05,FLOOD_ONLY,27.2345,88.4972,180.0,86,21.03,22.1,5.67,16.01,32.36,0.46,85.3,0.0,IN_BANK_FLOW,3.0,0
REC_2022_LOC06_107,2022-09-15,LOC06,FLOOD_ONLY,27.1739,88.518,210.0,88,21.32,22.07,0.06,0.14,0.3,0.351,95.0,0.0,IN_BANK_FLOW,3.0,0
REC_2022_LOC01_108,2022-09-16,LOC01,COMPOUND,27.604,88.646,85.0,80,18.38,73.89,4.73,25.72,69.3,0.554,36.8,0.0,IN_BANK_FLOW,3.0,0
REC_2022_LOC02_108,2022-09-16,LOC02,COMPOUND,27.399,88.524,95.0,78,18.6,74.22,0.39,1.87,4.12,0.363,45.0,0.0,IN_BANK_FLOW,3.0,0
REC_2022_LOC03_108,2022-09-16,LOC03,LANDSLIDE_ONLY,27.385,88.755,15.0,68,16.54,14.49,2.44,7.01,15.14,0.397,0.0,0.0,NO_RIVER_ZONE,0.0,0
REC_2022_LOC04_108,2022-09-16,LOC04,LANDSLIDE_ONLY,27.545,88.455,25.0,72,17.12,22.51,7.32,32.43,64.62,0.543,0.0,0.0,NO_RIVER_ZONE,0.0,0
REC_2022_LOC05_108,2022-09-16,LOC05,FLOOD_ONLY,27.2345,88.4972,180.0,86,21.03,22.1,0.76,2.64,6.68,0.371,75.0,0.0,IN_BANK_FLOW,3.0,0
REC_2022_LOC06_108,2022-09-16,LOC06,FLOOD_ONLY,27.1739,88.518,210.0,88,21.32,22.07,7.66,29.83,57.81,0.526,184.7,0.0,IN_BANK_FLOW,4.2,0
REC_2022_LOC01_109,2022-09-17,LOC01,COMPOUND,27.604,88.646,85.0,80,18.38,73.89,15.3,40.78,68.38,0.61,62.3,0.0,IN_BANK_FLOW,3.7,0
REC_2022_LOC02_109,2022-09-17,LOC02,COMPOUND,27.399,88.524,95.0,78,18.6,74.22,4.31,14.34,31.37,0.439,45.0,0.0,IN_BANK_FLOW,3.0,0
REC_2022_LOC03_109,2022-09-17,LOC03,LANDSLIDE_ONLY,27.385,88.755,15.0,68,16.54,14.49,12.2,53.47,129.36,0.867,0.0,0.0,NO_RIVER_ZONE,0.0,0
REC_2022_LOC04_109,2022-09-17,LOC04,LANDSLIDE_ONLY,27.545,88.455,25.0,72,17.12,22.51,2.48,7.5,13.41,0.392,0.0,0.0,NO_RIVER_ZONE,0.0,0
REC_2022_LOC05_109,2022-09-17,LOC05,FLOOD_ONLY,27.2345,88.4972,180.0,86,21.03,22.1,2.05,8.9,24.91,0.403,75.1,0.0,IN_BANK_FLOW,3.0,0
REC_2022_LOC06_109,2022-09-17,LOC06,FLOOD_ONLY,27.1739,88.518,210.0,88,21.32,22.07,1.78,4.04,7.16,0.368,95.0,0.0,IN_BANK_FLOW,3.0,0
REC_2022_LOC01_110,2022-09-18,LOC01,COMPOUND,27.604,88.646,85.0,80,18.38,73.89,17.95,64.04,114.03,0.77,119.4,0.0,IN_BANK_FLOW,7.1,0
REC_2022_LOC02_110,2022-09-18,LOC02,COMPOUND,27.399,88.524,95.0,78,18.6,74.22,3.48,15.13,35.94,0.458,45.0,0.0,IN_BANK_FLOW,3.0,0
REC_2022_LOC03_110,2022-09-18,LOC03,LANDSLIDE_ONLY,27.385,88.755,15.0,68,16.54,14.49,2.13,4.88,10.64,0.379,0.0,0.0,NO_RIVER_ZONE,0.0,0
REC_2022_LOC04_110,2022-09-18,LOC04,LANDSLIDE_ONLY,27.545,88.455,25.0,72,17.12,22.51,6.79,16.01,30.07,0.422,0.0,0.0,NO_RIVER_ZONE,0.0,0
REC_2022_LOC05_110,2022-09-18,LOC05,FLOOD_ONLY,27.2345,88.4972,180.0,86,21.03,22.1,4.84,19.95,52.91,0.493,96.7,0.0,IN_BANK_FLOW,3.0,0
REC_2022_LOC06_110,2022-09-18,LOC06,FLOOD_ONLY,27.1739,88.518,210.0,88,21.32,22.07,1.25,4.31,9.09,0.374,95.0,0.0,IN_BANK_FLOW,3.0,0
REC_2022_LOC01_111,2022-09-19,LOC01,COMPOUND,27.604,88.646,85.0,80,18.38,73.89,0.79,4.12,9.32,0.384,28.0,0.0,IN_BANK_FLOW,3.0,0
REC_2022_LOC02_111,2022-09-19,LOC02,COMPOUND,27.399,88.524,95.0,78,18.6,74.22,2.39,6.74,13.61,0.389,45.0,0.0,IN_BANK_FLOW,3.0,0
REC_2022_LOC03_111,2022-09-19,LOC03,LANDSLIDE_ONLY,27.385,88.755,15.0,68,16.54,14.49,12.09,29.78,55.5,0.528,0.0,0.0,NO_RIVER_ZONE,0.0,0
REC_2022_LOC04_111,2022-09-19,LOC04,LANDSLIDE_ONLY,27.545,88.455,25.0,72,17.12,22.51,0.24,1.11,2.83,0.359,0.0,0.0,NO_RIVER_ZONE,0.0,0
REC_2022_LOC05_111,2022-09-19,LOC05,FLOOD_ONLY,27.2345,88.4972,180.0,86,21.03,22.1,0.58,1.29,3.08,0.361,75.0,0.0,IN_BANK_FLOW,3.0,0
REC_2022_LOC06_111,2022-09-19,LOC06,FLOOD_ONLY,27.1739,88.518,210.0,88,21.32,22.07,3.52,7.92,19.0,0.411,95.3,0.0,IN_BANK_FLOW,3.0,0
REC_2022_LOC01_112,2022-09-20,LOC01,COMPOUND,27.604,88.646,85.0,80,18.38,73.89,7.4,26.45,57.18,0.563,37.8,0.0,IN_BANK_FLOW,3.0,0
REC_2022_LOC02_112,2022-09-20,LOC02,COMPOUND,27.399,88.524,95.0,78,18.6,74.22,10.68,31.02,64.67,0.537,59.0,0.0,IN_BANK_FLOW,3.0,0
REC_2022_LOC03_112,2022-09-20,LOC03,LANDSLIDE_ONLY,27.385,88.755,15.0,68,16.54,14.49,1.24,3.58,5.96,0.367,0.0,0.0,NO_RIVER_ZONE,0.0,0
REC_2022_LOC04_112,2022-09-20,LOC04,LANDSLIDE_ONLY,27.545,88.455,25.0,72,17.12,22.51,4.86,21.45,36.62,0.458,0.0,0.0,NO_RIVER_ZONE,0.0,0
REC_2022_LOC05_112,2022-09-20,LOC05,FLOOD_ONLY,27.2345,88.4972,180.0,86,21.03,22.1,5.53,15.63,37.07,0.484,84.4,0.0,IN_BANK_FLOW,3.0,0
REC_2022_LOC06_112,2022-09-20,LOC06,FLOOD_ONLY,27.1739,88.518,210.0,88,21.32,22.07,4.93,15.95,38.59,0.502,113.4,0.0,IN_BANK_FLOW,3.0,0
REC_2022_LOC01_113,2022-09-21,LOC01,COMPOUND,27.604,88.646,85.0,80,18.38,73.89,8.01,19.05,39.3,0.508,30.3,0.0,IN_BANK_FLOW,3.0,0
REC_2022_LOC02_113,2022-09-21,LOC02,COMPOUND,27.399,88.524,95.0,78,18.6,74.22,1.03,2.34,6.02,0.364,45.0,0.0,IN_BANK_FLOW,3.0,0
REC_2022_LOC03_113,2022-09-21,LOC03,LANDSLIDE_ONLY,27.385,88.755,15.0,68,16.54,14.49,0.19,0.6,1.24,0.354,0.0,0.0,NO_RIVER_ZONE,0.0,0
REC_2022_LOC04_113,2022-09-21,LOC04,LANDSLIDE_ONLY,27.545,88.455,25.0,72,17.12,22.51,6.24,29.04,55.65,0.539,0.0,0.0,NO_RIVER_ZONE,0.0,0
REC_2022_LOC05_113,2022-09-21,LOC05,FLOOD_ONLY,27.2345,88.4972,180.0,86,21.03,22.1,12.24,35.83,74.0,0.548,168.0,0.0,IN_BANK_FLOW,4.9,0
REC_2022_LOC06_113,2022-09-21,LOC06,FLOOD_ONLY,27.1739,88.518,210.0,88,21.32,22.07,4.28,13.5,26.09,0.437,105.3,0.0,IN_BANK_FLOW,3.0,0
REC_2022_LOC01_114,2022-09-22,LOC01,COMPOUND,27.604,88.646,85.0,80,18.38,73.89,6.51,15.55,41.04,0.482,28.5,0.0,IN_BANK_FLOW,3.0,0
REC_2022_LOC02_114,2022-09-22,LOC02,COMPOUND,27.399,88.524,95.0,78,18.6,74.22,3.07,17.6,31.02,0.451,45.6,0.0,IN_BANK_FLOW,3.0,0
REC_2022_LOC03_114,2022-09-22,LOC03,LANDSLIDE_ONLY,27.385,88.755,15.0,68,16.54,14.49,9.99,47.44,93.54,0.622,0.0,0.0,NO_RIVER_ZONE,0.0,0
REC_2022_LOC04_114,2022-09-22,LOC04,LANDSLIDE_ONLY,27.545,88.455,25.0,72,17.12,22.51,6.69,22.51,36.8,0.464,0.0,0.0,NO_RIVER_ZONE,0.0,0
REC_2022_LOC05_114,2022-09-22,LOC05,FLOOD_ONLY,27.2345,88.4972,180.0,86,21.03,22.1,8.45,21.5,45.03,0.505,102.1,0.0,IN_BANK_FLOW,3.0,0
REC_2022_LOC06_114,2022-09-22,LOC06,FLOOD_ONLY,27.1739,88.518,210.0,88,21.32,22.07,0.64,3.04,7.39,0.376,95.0,0.0,IN_BANK_FLOW,3.0,0
REC_2022_LOC01_115,2022-09-23,LOC01,COMPOUND,27.604,88.646,85.0,80,18.38,73.89,1.27,5.77,14.33,0.389,28.0,0.0,IN_BANK_FLOW,3.0,0
REC_2022_LOC02_115,2022-09-23,LOC02,COMPOUND,27.399,88.524,95.0,78,18.6,74.22,5.45,15.53,37.06,0.46,45.1,0.0,IN_BANK_FLOW,3.0,0
REC_2022_LOC03_115,2022-09-23,LOC03,LANDSLIDE_ONLY,27.385,88.755,15.0,68,16.54,14.49,1.18,6.51,10.98,0.385,0.0,0.0,NO_RIVER_ZONE,0.0,0
REC_2022_LOC04_115,2022-09-23,LOC04,LANDSLIDE_ONLY,27.545,88.455,25.0,72,17.12,22.51,5.6,23.51,59.15,0.532,0.0,0.0,NO_RIVER_ZONE,0.0,0
REC_2022_LOC05_115,2022-09-23,LOC05,FLOOD_ONLY,27.2345,88.4972,180.0,86,21.03,22.1,1.81,8.51,18.94,0.426,75.0,0.0,IN_BANK_FLOW,3.0,0
REC_2022_LOC06_115,2022-09-23,LOC06,FLOOD_ONLY,27.1739,88.518,210.0,88,21.32,22.07,5.57,15.04,33.36,0.483,110.2,0.0,IN_BANK_FLOW,3.0,0
REC_2022_LOC01_116,2022-09-24,LOC01,COMPOUND,27.604,88.646,85.0,80,18.38,73.89,8.82,46.16,100.9,0.687,74.0,0.0,IN_BANK_FLOW,4.4,0
REC_2022_LOC02_116,2022-09-24,LOC02,COMPOUND,27.399,88.524,95.0,78,18.6,74.22,7.19,35.21,90.02,0.611,66.0,0.0,IN_BANK_FLOW,3.0,0
REC_2022_LOC03_116,2022-09-24,LOC03,LANDSLIDE_ONLY,27.385,88.755,15.0,68,16.54,14.49,5.74,18.22,31.82,0.431,0.0,0.0,NO_RIVER_ZONE,0.0,0
REC_2022_LOC04_116,2022-09-24,LOC04,LANDSLIDE_ONLY,27.545,88.455,25.0,72,17.12,22.51,0.32,1.01,1.72,0.358,0.0,0.0,NO_RIVER_ZONE,0.0,0
REC_2022_LOC05_116,2022-09-24,LOC05,FLOOD_ONLY,27.2345,88.4972,180.0,86,21.03,22.1,11.17,28.03,64.01,0.521,128.9,0.0,IN_BANK_FLOW,3.8,0
REC_2022_LOC06_116,2022-09-24,LOC06,FLOOD_ONLY,27.1739,88.518,210.0,88,21.32,22.07,1.46,5.03,9.45,0.389,95.0,0.0,IN_BANK_FLOW,3.0,0
REC_2022_LOC01_117,2022-09-25,LOC01,COMPOUND,27.604,88.646,85.0,80,18.38,73.89,2.32,11.24,30.05,0.421,28.0,0.0,IN_BANK_FLOW,3.0,0
REC_2022_LOC02_117,2022-09-25,LOC02,COMPOUND,27.399,88.524,95.0,78,18.6,74.22,1.24,7.81,13.78,0.385,45.0,0.0,IN_BANK_FLOW,3.0,0
REC_2022_LOC03_117,2022-09-25,LOC03,LANDSLIDE_ONLY,27.385,88.755,15.0,68,16.54,14.49,3.24,7.85,14.57,0.39,0.0,0.0,NO_RIVER_ZONE,0.0,0
REC_2022_LOC04_117,2022-09-25,LOC04,LANDSLIDE_ONLY,27.545,88.455,25.0,72,17.12,22.51,6.04,15.96,35.99,0.496,0.0,0.0,NO_RIVER_ZONE,0.0,0
REC_2022_LOC05_117,2022-09-25,LOC05,FLOOD_ONLY,27.2345,88.4972,180.0,86,21.03,22.1,7.08,21.25,38.55,0.476,101.2,0.0,IN_BANK_FLOW,3.0,0
REC_2022_LOC06_117,2022-09-25,LOC06,FLOOD_ONLY,27.1739,88.518,210.0,88,21.32,22.07,8.03,19.15,33.77,0.46,126.4,0.0,IN_BANK_FLOW,3.0,0
REC_2022_LOC01_118,2022-09-26,LOC01,COMPOUND,27.604,88.646,85.0,80,18.38,73.89,1.18,5.82,14.84,0.403,28.0,0.0,IN_BANK_FLOW,3.0,0
REC_2022_LOC02_118,2022-09-26,LOC02,COMPOUND,27.399,88.524,95.0,78,18.6,74.22,3.05,9.59,16.01,0.399,45.0,0.0,IN_BANK_FLOW,3.0,0
REC_2022_LOC03_118,2022-09-26,LOC03,LANDSLIDE_ONLY,27.385,88.755,15.0,68,16.54,14.49,1.12,4.55,9.91,0.381,0.0,0.0,NO_RIVER_ZONE,0.0,0
REC_2022_LOC04_118,2022-09-26,LOC04,LANDSLIDE_ONLY,27.545,88.455,25.0,72,17.12,22.51,0.14,0.96,1.65,0.358,0.0,0.0,NO_RIVER_ZONE,0.0,0
REC_2022_LOC05_118,2022-09-26,LOC05,FLOOD_ONLY,27.2345,88.4972,180.0,86,21.03,22.1,0.84,2.67,4.74,0.37,75.0,0.0,IN_BANK_FLOW,3.0,0
REC_2022_LOC06_118,2022-09-26,LOC06,FLOOD_ONLY,27.1739,88.518,210.0,88,21.32,22.07,1.48,7.3,14.95,0.395,95.0,0.0,IN_BANK_FLOW,3.0,0
REC_2022_LOC01_119,2022-09-27,LOC01,COMPOUND,27.604,88.646,85.0,80,18.38,73.89,0.83,3.59,9.42,0.38,28.0,0.0,IN_BANK_FLOW,3.0,0
REC_2022_LOC02_119,2022-09-27,LOC02,COMPOUND,27.399,88.524,95.0,78,18.6,74.22,2.37,5.48,14.58,0.389,45.0,0.0,IN_BANK_FLOW,3.0,0
REC_2022_LOC03_119,2022-09-27,LOC03,LANDSLIDE_ONLY,27.385,88.755,15.0,68,16.54,14.49,10.84,35.18,70.4,0.59,0.0,0.0,NO_RIVER_ZONE,0.0,0
REC_2022_LOC04_119,2022-09-27,LOC04,LANDSLIDE_ONLY,27.545,88.455,25.0,72,17.12,22.51,1.03,4.12,11.34,0.384,0.0,0.0,NO_RIVER_ZONE,0.0,0
REC_2022_LOC05_119,2022-09-27,LOC05,FLOOD_ONLY,27.2345,88.4972,180.0,86,21.03,22.1,1.42,6.98,16.07,0.41,75.0,0.0,IN_BANK_FLOW,3.0,0
REC_2022_LOC06_119,2022-09-27,LOC06,FLOOD_ONLY,27.1739,88.518,210.0,88,21.32,22.07,14.98,53.4,125.38,0.789,357.1,0.0,IN_BANK_FLOW,8.1,0
REC_2022_LOC01_120,2022-09-28,LOC01,COMPOUND,27.604,88.646,85.0,80,18.38,73.89,4.01,13.53,23.5,0.417,28.0,0.0,IN_BANK_FLOW,3.0,0
REC_2022_LOC02_120,2022-09-28,LOC02,COMPOUND,27.399,88.524,95.0,78,18.6,74.22,8.95,25.72,57.13,0.549,52.0,0.0,IN_BANK_FLOW,3.0,0
REC_2022_LOC03_120,2022-09-28,LOC03,LANDSLIDE_ONLY,27.385,88.755,15.0,68,16.54,14.49,4.72,11.44,30.48,0.443,0.0,0.0,NO_RIVER_ZONE,0.0,0
REC_2022_LOC04_120,2022-09-28,LOC04,LANDSLIDE_ONLY,27.545,88.455,25.0,72,17.12,22.51,10.87,28.18,75.19,0.643,0.0,0.0,NO_RIVER_ZONE,0.0,0
REC_2022_LOC05_120,2022-09-28,LOC05,FLOOD_ONLY,27.2345,88.4972,180.0,86,21.03,22.1,2.75,8.24,13.74,0.406,75.0,0.0,IN_BANK_FLOW,3.0,0
REC_2022_LOC06_120,2022-09-28,LOC06,FLOOD_ONLY,27.1739,88.518,210.0,88,21.32,22.07,2.42,9.4,20.01,0.421,96.6,0.0,IN_BANK_FLOW,3.0,0
REC_2022_LOC01_121,2022-09-29,LOC01,COMPOUND,27.604,88.646,85.0,80,18.38,73.89,3.22,12.82,30.63,0.459,28.0,0.0,IN_BANK_FLOW,3.0,0
REC_2022_LOC02_121,2022-09-29,LOC02,COMPOUND,27.399,88.524,95.0,78,18.6,74.22,2.92,18.8,47.13,0.477,46.2,0.0,IN_BANK_FLOW,3.0,0
REC_2022_LOC03_121,2022-09-29,LOC03,LANDSLIDE_ONLY,27.385,88.755,15.0,68,16.54,14.49,6.37,36.26,77.35,0.651,0.0,0.0,NO_RIVER_ZONE,0.0,0
REC_2022_LOC04_121,2022-09-29,LOC04,LANDSLIDE_ONLY,27.545,88.455,25.0,72,17.12,22.51,9.11,20.61,55.07,0.55,0.0,0.0,NO_RIVER_ZONE,0.0,0
REC_2022_LOC05_121,2022-09-29,LOC05,FLOOD_ONLY,27.2345,88.4972,180.0,86,21.03,22.1,0.23,1.05,2.22,0.358,75.0,0.0,IN_BANK_FLOW,3.0,0
REC_2022_LOC06_121,2022-09-29,LOC06,FLOOD_ONLY,27.1739,88.518,210.0,88,21.32,22.07,7.0,28.35,78.78,0.562,175.6,0.0,IN_BANK_FLOW,4.0,0
REC_2022_LOC01_122,2022-09-30,LOC01,COMPOUND,27.604,88.646,85.0,80,18.38,73.89,1.03,3.41,5.84,0.372,28.0,0.0,IN_BANK_FLOW,3.0,0
REC_2022_LOC02_122,2022-09-30,LOC02,COMPOUND,27.399,88.524,95.0,78,18.6,74.22,0.18,0.42,0.93,0.352,45.0,0.0,IN_BANK_FLOW,3.0,0
REC_2022_LOC03_122,2022-09-30,LOC03,LANDSLIDE_ONLY,27.385,88.755,15.0,68,16.54,14.49,8.14,19.83,40.45,0.486,0.0,0.0,NO_RIVER_ZONE,0.0,0
REC_2022_LOC04_122,2022-09-30,LOC04,LANDSLIDE_ONLY,27.545,88.455,25.0,72,17.12,22.51,6.34,17.04,30.97,0.48,0.0,0.0,NO_RIVER_ZONE,0.0,0
REC_2022_LOC05_122,2022-09-30,LOC05,FLOOD_ONLY,27.2345,88.4972,180.0,86,21.03,22.1,3.98,8.99,20.66,0.441,75.1,0.0,IN_BANK_FLOW,3.0,0
REC_2022_LOC06_122,2022-09-30,LOC06,FLOOD_ONLY,27.1739,88.518,210.0,88,21.32,22.07,0.15,0.69,1.26,0.354,95.0,0.0,IN_BANK_FLOW,3.0,0
REC_2022_LOC01_123,2022-10-01,LOC01,COMPOUND,27.604,88.646,85.0,80,18.38,73.89,0.11,0.3,0.67,0.352,28.0,0.0,IN_BANK_FLOW,3.0,0
REC_2022_LOC02_123,2022-10-01,LOC02,COMPOUND,27.399,88.524,95.0,78,18.6,74.22,3.13,7.17,18.7,0.411,45.0,0.0,IN_BANK_FLOW,3.0,0
REC_2022_LOC03_123,2022-10-01,LOC03,LANDSLIDE_ONLY,27.385,88.755,15.0,68,16.54,14.49,8.51,27.87,75.62,0.631,0.0,0.0,NO_RIVER_ZONE,0.0,0
REC_2022_LOC04_123,2022-10-01,LOC04,LANDSLIDE_ONLY,27.545,88.455,25.0,72,17.12,22.51,1.44,6.19,10.15,0.386,0.0,0.0,NO_RIVER_ZONE,0.0,0
REC_2022_LOC05_123,2022-10-01,LOC05,FLOOD_ONLY,27.2345,88.4972,180.0,86,21.03,22.1,0.67,1.51,3.07,0.361,75.0,0.0,IN_BANK_FLOW,3.0,0
REC_2022_LOC06_123,2022-10-01,LOC06,FLOOD_ONLY,27.1739,88.518,210.0,88,21.32,22.07,1.48,3.62,6.58,0.377,95.0,0.0,IN_BANK_FLOW,3.0,0
REC_2022_LOC01_124,2022-10-02,LOC01,COMPOUND,27.604,88.646,85.0,80,18.38,73.89,5.55,12.8,24.67,0.424,28.0,0.0,IN_BANK_FLOW,3.0,0
REC_2022_LOC02_124,2022-10-02,LOC02,COMPOUND,27.399,88.524,95.0,78,18.6,74.22,0.01,0.03,0.08,0.35,45.0,0.0,IN_BANK_FLOW,3.0,0
REC_2022_LOC03_124,2022-10-02,LOC03,LANDSLIDE_ONLY,27.385,88.755,15.0,68,16.54,14.49,0.24,1.3,3.49,0.361,0.0,0.0,NO_RIVER_ZONE,0.0,0
REC_2022_LOC04_124,2022-10-02,LOC04,LANDSLIDE_ONLY,27.545,88.455,25.0,72,17.12,22.51,0.92,4.33,8.49,0.379,0.0,0.0,NO_RIVER_ZONE,0.0,0
REC_2022_LOC05_124,2022-10-02,LOC05,FLOOD_ONLY,27.2345,88.4972,180.0,86,21.03,22.1,1.45,3.43,9.48,0.373,75.0,0.0,IN_BANK_FLOW,3.0,0
REC_2022_LOC06_124,2022-10-02,LOC06,FLOOD_ONLY,27.1739,88.518,210.0,88,21.32,22.07,1.87,6.1,12.18,0.4,95.0,0.0,IN_BANK_FLOW,3.0,0
REC_2022_LOC01_125,2022-10-03,LOC01,COMPOUND,27.604,88.646,85.0,80,18.38,73.89,0.15,0.48,0.83,0.352,28.0,0.0,IN_BANK_FLOW,3.0,0
REC_2022_LOC02_125,2022-10-03,LOC02,COMPOUND,27.399,88.524,95.0,78,18.6,74.22,0.55,1.58,2.87,0.36,45.0,0.0,IN_BANK_FLOW,3.0,0
REC_2022_LOC03_125,2022-10-03,LOC03,LANDSLIDE_ONLY,27.385,88.755,15.0,68,16.54,14.49,0.31,0.83,2.27,0.358,0.0,0.0,NO_RIVER_ZONE,0.0,0
REC_2022_LOC04_125,2022-10-03,LOC04,LANDSLIDE_ONLY,27.545,88.455,25.0,72,17.12,22.51,0.05,0.32,0.65,0.352,0.0,0.0,NO_RIVER_ZONE,0.0,0
REC_2022_LOC05_125,2022-10-03,LOC05,FLOOD_ONLY,27.2345,88.4972,180.0,86,21.03,22.1,3.31,17.25,38.73,0.483,88.5,0.0,IN_BANK_FLOW,3.0,0
REC_2022_LOC06_125,2022-10-03,LOC06,FLOOD_ONLY,27.1739,88.518,210.0,88,21.32,22.07,0.73,3.53,8.03,0.378,95.0,0.0,IN_BANK_FLOW,3.0,0
REC_2022_LOC01_126,2022-10-04,LOC01,COMPOUND,27.604,88.646,85.0,80,18.38,73.89,0.64,1.73,4.34,0.362,28.0,0.0,IN_BANK_FLOW,3.0,0
REC_2022_LOC02_126,2022-10-04,LOC02,COMPOUND,27.399,88.524,95.0,78,18.6,74.22,0.06,0.33,0.6,0.352,45.0,0.0,IN_BANK_FLOW,3.0,0
REC_2022_LOC03_126,2022-10-04,LOC03,LANDSLIDE_ONLY,27.385,88.755,15.0,68,16.54,14.49,0.17,0.53,1.2,0.355,0.0,0.0,NO_RIVER_ZONE,0.0,0
REC_2022_LOC04_126,2022-10-04,LOC04,LANDSLIDE_ONLY,27.545,88.455,25.0,72,17.12,22.51,0.22,1.44,3.18,0.362,0.0,0.0,NO_RIVER_ZONE,0.0,0
REC_2022_LOC05_126,2022-10-04,LOC05,FLOOD_ONLY,27.2345,88.4972,180.0,86,21.03,22.1,2.78,6.92,12.3,0.401,75.0,0.0,IN_BANK_FLOW,3.0,0
REC_2022_LOC06_126,2022-10-04,LOC06,FLOOD_ONLY,27.1739,88.518,210.0,88,21.32,22.07,0.92,2.63,6.86,0.37,95.0,0.0,IN_BANK_FLOW,3.0,0
REC_2022_LOC01_127,2022-10-05,LOC01,COMPOUND,27.604,88.646,85.0,80,18.38,73.89,0.89,4.04,8.46,0.375,28.0,0.0,IN_BANK_FLOW,3.0,0
REC_2022_LOC02_127,2022-10-05,LOC02,COMPOUND,27.399,88.524,95.0,78,18.6,74.22,0.06,0.17,0.46,0.351,45.0,0.0,IN_BANK_FLOW,3.0,0
REC_2022_LOC03_127,2022-10-05,LOC03,LANDSLIDE_ONLY,27.385,88.755,15.0,68,16.54,14.49,0.4,1.12,2.77,0.359,0.0,0.0,NO_RIVER_ZONE,0.0,0
REC_2022_LOC04_127,2022-10-05,LOC04,LANDSLIDE_ONLY,27.545,88.455,25.0,72,17.12,22.51,1.71,4.63,9.86,0.378,0.0,0.0,NO_RIVER_ZONE,0.0,0
REC_2022_LOC05_127,2022-10-05,LOC05,FLOOD_ONLY,27.2345,88.4972,180.0,86,21.03,22.1,0.18,0.7,1.15,0.354,75.0,0.0,IN_BANK_FLOW,3.0,0
REC_2022_LOC06_127,2022-10-05,LOC06,FLOOD_ONLY,27.1739,88.518,210.0,88,21.32,22.07,2.67,6.09,9.9,0.395,95.0,0.0,IN_BANK_FLOW,3.0,0
REC_2022_LOC01_128,2022-10-06,LOC01,COMPOUND,27.604,88.646,85.0,80,18.38,73.89,0.44,1.33,3.26,0.36,28.0,0.0,IN_BANK_FLOW,3.0,0
REC_2022_LOC02_128,2022-10-06,LOC02,COMPOUND,27.399,88.524,95.0,78,18.6,74.22,5.14,13.47,22.6,0.424,45.0,0.0,IN_BANK_FLOW,3.0,0
REC_2022_LOC03_128,2022-10-06,LOC03,LANDSLIDE_ONLY,27.385,88.755,15.0,68,16.54,14.49,4.01,14.79,28.84,0.44,0.0,0.0,NO_RIVER_ZONE,0.0,0
REC_2022_LOC04_128,2022-10-06,LOC04,LANDSLIDE_ONLY,27.545,88.455,25.0,72,17.12,22.51,0.0,0.01,0.02,0.35,0.0,0.0,NO_RIVER_ZONE,0.0,0
REC_2022_LOC05_128,2022-10-06,LOC05,FLOOD_ONLY,27.2345,88.4972,180.0,86,21.03,22.1,1.09,5.09,11.42,0.394,75.0,0.0,IN_BANK_FLOW,3.0,0
REC_2022_LOC06_128,2022-10-06,LOC06,FLOOD_ONLY,27.1739,88.518,210.0,88,21.32,22.07,5.71,18.81,37.0,0.457,124.9,0.0,IN_BANK_FLOW,3.0,0
REC_2022_LOC01_129,2022-10-07,LOC01,COMPOUND,27.604,88.646,85.0,80,18.38,73.89,0.45,1.54,4.1,0.364,28.0,0.0,IN_BANK_FLOW,3.0,0
REC_2022_LOC02_129,2022-10-07,LOC02,COMPOUND,27.399,88.524,95.0,78,18.6,74.22,1.44,4.15,6.89,0.372,45.0,0.0,IN_BANK_FLOW,3.0,0
REC_2022_LOC03_129,2022-10-07,LOC03,LANDSLIDE_ONLY,27.385,88.755,15.0,68,16.54,14.49,0.34,1.41,3.12,0.361,0.0,0.0,NO_RIVER_ZONE,0.0,0
REC_2022_LOC04_129,2022-10-07,LOC04,LANDSLIDE_ONLY,27.545,88.455,25.0,72,17.12,22.51,0.7,2.6,5.27,0.366,0.0,0.0,NO_RIVER_ZONE,0.0,0
REC_2022_LOC05_129,2022-10-07,LOC05,FLOOD_ONLY,27.2345,88.4972,180.0,86,21.03,22.1,1.64,5.83,13.11,0.387,75.0,0.0,IN_BANK_FLOW,3.0,0
REC_2022_LOC06_129,2022-10-07,LOC06,FLOOD_ONLY,27.1739,88.518,210.0,88,21.32,22.07,4.86,14.17,23.02,0.421,107.3,0.0,IN_BANK_FLOW,3.0,0
REC_2022_LOC01_130,2022-10-08,LOC01,COMPOUND,27.604,88.646,85.0,80,18.38,73.89,0.55,2.08,4.22,0.363,28.0,0.0,IN_BANK_FLOW,3.0,0
REC_2022_LOC02_130,2022-10-08,LOC02,COMPOUND,27.399,88.524,95.0,78,18.6,74.22,5.15,13.09,28.43,0.443,45.0,0.0,IN_BANK_FLOW,3.0,0
REC_2022_LOC03_130,2022-10-08,LOC03,LANDSLIDE_ONLY,27.385,88.755,15.0,68,16.54,14.49,1.37,4.29,11.49,0.395,0.0,0.0,NO_RIVER_ZONE,0.0,0
REC_2022_LOC04_130,2022-10-08,LOC04,LANDSLIDE_ONLY,27.545,88.455,25.0,72,17.12,22.51,0.46,1.23,2.6,0.358,0.0,0.0,NO_RIVER_ZONE,0.0,0
REC_2022_LOC05_130,2022-10-08,LOC05,FLOOD_ONLY,27.2345,88.4972,180.0,86,21.03,22.1,1.39,6.9,11.57,0.385,75.0,0.0,IN_BANK_FLOW,3.0,0
REC_2022_LOC06_130,2022-10-08,LOC06,FLOOD_ONLY,27.1739,88.518,210.0,88,21.32,22.07,0.05,0.33,0.92,0.353,95.0,0.0,IN_BANK_FLOW,3.0,0
REC_2022_LOC01_131,2022-10-09,LOC01,COMPOUND,27.604,88.646,85.0,80,18.38,73.89,3.04,7.33,13.35,0.393,28.0,0.0,IN_BANK_FLOW,3.0,0
REC_2022_LOC02_131,2022-10-09,LOC02,COMPOUND,27.399,88.524,95.0,78,18.6,74.22,9.3,22.48,56.33,0.531,48.7,0.0,IN_BANK_FLOW,3.0,0
REC_2022_LOC03_131,2022-10-09,LOC03,LANDSLIDE_ONLY,27.385,88.755,15.0,68,16.54,14.49,5.55,14.27,28.77,0.445,0.0,0.0,NO_RIVER_ZONE,0.0,0
REC_2022_LOC04_131,2022-10-09,LOC04,LANDSLIDE_ONLY,27.545,88.455,25.0,72,17.12,22.51,4.54,19.14,42.58,0.511,0.0,0.0,NO_RIVER_ZONE,0.0,0
REC_2022_LOC05_131,2022-10-09,LOC05,FLOOD_ONLY,27.2345,88.4972,180.0,86,21.03,22.1,3.8,13.54,27.81,0.469,80.0,0.0,IN_BANK_FLOW,3.0,0
REC_2022_LOC06_131,2022-10-09,LOC06,FLOOD_ONLY,27.1739,88.518,210.0,88,21.32,22.07,1.11,3.43,8.91,0.378,95.0,0.0,IN_BANK_FLOW,3.0,0
REC_2022_LOC01_132,2022-10-10,LOC01,COMPOUND,27.604,88.646,85.0,80,18.38,73.89,0.03,0.14,0.39,0.351,28.0,0.0,IN_BANK_FLOW,3.0,0
REC_2022_LOC02_132,2022-10-10,LOC02,COMPOUND,27.399,88.524,95.0,78,18.6,74.22,3.4,9.78,22.47,0.435,45.0,0.0,IN_BANK_FLOW,3.0,0
REC_2022_LOC03_132,2022-10-10,LOC03,LANDSLIDE_ONLY,27.385,88.755,15.0,68,16.54,14.49,0.39,1.18,2.24,0.357,0.0,0.0,NO_RIVER_ZONE,0.0,0
REC_2022_LOC04_132,2022-10-10,LOC04,LANDSLIDE_ONLY,27.545,88.455,25.0,72,17.12,22.51,5.02,14.01,22.55,0.42,0.0,0.0,NO_RIVER_ZONE,0.0,0
REC_2022_LOC05_132,2022-10-10,LOC05,FLOOD_ONLY,27.2345,88.4972,180.0,86,21.03,22.1,0.53,1.9,4.99,0.363,75.0,0.0,IN_BANK_FLOW,3.0,0
REC_2022_LOC06_132,2022-10-10,LOC06,FLOOD_ONLY,27.1739,88.518,210.0,88,21.32,22.07,3.28,18.39,37.61,0.469,123.1,0.0,IN_BANK_FLOW,3.0,0
REC_2022_LOC01_133,2022-10-11,LOC01,COMPOUND,27.604,88.646,85.0,80,18.38,73.89,0.93,2.83,6.21,0.376,28.0,0.0,IN_BANK_FLOW,3.0,0
REC_2022_LOC02_133,2022-10-11,LOC02,COMPOUND,27.399,88.524,95.0,78,18.6,74.22,4.18,18.4,35.4,0.454,46.0,0.0,IN_BANK_FLOW,3.0,0
REC_2022_LOC03_133,2022-10-11,LOC03,LANDSLIDE_ONLY,27.385,88.755,15.0,68,16.54,14.49,2.92,12.45,28.1,0.442,0.0,0.0,NO_RIVER_ZONE,0.0,0
REC_2022_LOC04_133,2022-10-11,LOC04,LANDSLIDE_ONLY,27.545,88.455,25.0,72,17.12,22.51,0.73,2.52,4.79,0.368,0.0,0.0,NO_RIVER_ZONE,0.0,0
REC_2022_LOC05_133,2022-10-11,LOC05,FLOOD_ONLY,27.2345,88.4972,180.0,86,21.03,22.1,1.83,4.43,7.37,0.376,75.0,0.0,IN_BANK_FLOW,3.0,0
REC_2022_LOC06_133,2022-10-11,LOC06,FLOOD_ONLY,27.1739,88.518,210.0,88,21.32,22.07,2.48,13.73,27.69,0.457,106.0,0.0,IN_BANK_FLOW,3.0,0
REC_2022_LOC01_134,2022-10-12,LOC01,COMPOUND,27.604,88.646,85.0,80,18.38,73.89,0.56,1.47,2.51,0.357,28.0,0.0,IN_BANK_FLOW,3.0,0
REC_2022_LOC02_134,2022-10-12,LOC02,COMPOUND,27.399,88.524,95.0,78,18.6,74.22,1.54,5.69,12.03,0.386,45.0,0.0,IN_BANK_FLOW,3.0,0
REC_2022_LOC03_134,2022-10-12,LOC03,LANDSLIDE_ONLY,27.385,88.755,15.0,68,16.54,14.49,2.07,5.4,10.68,0.393,0.0,0.0,NO_RIVER_ZONE,0.0,0
REC_2022_LOC04_134,2022-10-12,LOC04,LANDSLIDE_ONLY,27.545,88.455,25.0,72,17.12,22.51,0.21,1.0,2.52,0.356,0.0,0.0,NO_RIVER_ZONE,0.0,0
REC_2022_LOC05_134,2022-10-12,LOC05,FLOOD_ONLY,27.2345,88.4972,180.0,86,21.03,22.1,7.33,17.71,38.05,0.475,89.8,0.0,IN_BANK_FLOW,3.0,0
REC_2022_LOC06_134,2022-10-12,LOC06,FLOOD_ONLY,27.1739,88.518,210.0,88,21.32,22.07,1.33,4.48,7.27,0.372,95.0,0.0,IN_BANK_FLOW,3.0,0
REC_2022_LOC01_135,2022-10-13,LOC01,COMPOUND,27.604,88.646,85.0,80,18.38,73.89,2.37,5.7,11.35,0.383,28.0,0.0,IN_BANK_FLOW,3.0,0
REC_2022_LOC02_135,2022-10-13,LOC02,COMPOUND,27.399,88.524,95.0,78,18.6,74.22,0.6,3.87,6.35,0.371,45.0,0.0,IN_BANK_FLOW,3.0,0
REC_2022_LOC03_135,2022-10-13,LOC03,LANDSLIDE_ONLY,27.385,88.755,15.0,68,16.54,14.49,1.15,4.24,9.31,0.38,0.0,0.0,NO_RIVER_ZONE,0.0,0
REC_2022_LOC04_135,2022-10-13,LOC04,LANDSLIDE_ONLY,27.545,88.455,25.0,72,17.12,22.51,4.95,13.18,28.2,0.455,0.0,0.0,NO_RIVER_ZONE,0.0,0
REC_2022_LOC05_135,2022-10-13,LOC05,FLOOD_ONLY,27.2345,88.4972,180.0,86,21.03,22.1,2.3,7.25,17.2,0.413,75.0,0.0,IN_BANK_FLOW,3.0,0
REC_2022_LOC06_135,2022-10-13,LOC06,FLOOD_ONLY,27.1739,88.518,210.0,88,21.32,22.07,0.93,4.18,6.7,0.375,95.0,0.0,IN_BANK_FLOW,3.0,0
REC_2022_LOC01_136,2022-10-14,LOC01,COMPOUND,27.604,88.646,85.0,80,18.38,73.89,0.27,1.58,3.99,0.362,28.0,0.0,IN_BANK_FLOW,3.0,0
REC_2022_LOC02_136,2022-10-14,LOC02,COMPOUND,27.399,88.524,95.0,78,18.6,74.22,4.14,14.63,28.41,0.476,45.0,0.0,IN_BANK_FLOW,3.0,0
REC_2022_LOC03_136,2022-10-14,LOC03,LANDSLIDE_ONLY,27.385,88.755,15.0,68,16.54,14.49,7.97,25.09,51.38,0.54,0.0,0.0,NO_RIVER_ZONE,0.0,0
REC_2022_LOC04_136,2022-10-14,LOC04,LANDSLIDE_ONLY,27.545,88.455,25.0,72,17.12,22.51,5.35,13.26,29.37,0.441,0.0,0.0,NO_RIVER_ZONE,0.0,0
REC_2022_LOC05_136,2022-10-14,LOC05,FLOOD_ONLY,27.2345,88.4972,180.0,86,21.03,22.1,0.94,2.41,5.27,0.366,75.0,0.0,IN_BANK_FLOW,3.0,0
REC_2022_LOC06_136,2022-10-14,LOC06,FLOOD_ONLY,27.1739,88.518,210.0,88,21.32,22.07,4.88,20.54,38.45,0.486,132.8,0.0,IN_BANK_FLOW,3.0,0
REC_2022_LOC01_137,2022-10-15,LOC01,COMPOUND,27.604,88.646,85.0,80,18.38,73.89,0.83,4.51,10.25,0.387,28.0,0.0,IN_BANK_FLOW,3.0,0
REC_2022_LOC02_137,2022-10-15,LOC02,COMPOUND,27.399,88.524,95.0,78,18.6,74.22,0.44,1.15,2.01,0.356,45.0,0.0,IN_BANK_FLOW,3.0,0
REC_2022_LOC03_137,2022-10-15,LOC03,LANDSLIDE_ONLY,27.385,88.755,15.0,68,16.54,14.49,0.46,2.64,5.7,0.368,0.0,0.0,NO_RIVER_ZONE,0.0,0
REC_2022_LOC04_137,2022-10-15,LOC04,LANDSLIDE_ONLY,27.545,88.455,25.0,72,17.12,22.51,0.42,1.67,3.31,0.365,0.0,0.0,NO_RIVER_ZONE,0.0,0
REC_2022_LOC05_137,2022-10-15,LOC05,FLOOD_ONLY,27.2345,88.4972,180.0,86,21.03,22.1,6.7,16.82,30.21,0.456,87.4,0.0,IN_BANK_FLOW,3.0,0
REC_2022_LOC06_137,2022-10-15,LOC06,FLOOD_ONLY,27.1739,88.518,210.0,88,21.32,22.07,0.17,0.7,1.95,0.357,95.0,0.0,IN_BANK_FLOW,3.0,0
REC_2022_LOC01_138,2022-10-16,LOC01,COMPOUND,27.604,88.646,85.0,80,18.38,73.89,0.44,2.0,3.66,0.362,28.0,0.0,IN_BANK_FLOW,3.0,0
REC_2022_LOC02_138,2022-10-16,LOC02,COMPOUND,27.399,88.524,95.0,78,18.6,74.22,0.67,4.37,9.52,0.382,45.0,0.0,IN_BANK_FLOW,3.0,0
REC_2022_LOC03_138,2022-10-16,LOC03,LANDSLIDE_ONLY,27.385,88.755,15.0,68,16.54,14.49,0.21,0.63,1.58,0.355,0.0,0.0,NO_RIVER_ZONE,0.0,0
REC_2022_LOC04_138,2022-10-16,LOC04,LANDSLIDE_ONLY,27.545,88.455,25.0,72,17.12,22.51,4.7,11.37,30.99,0.447,0.0,0.0,NO_RIVER_ZONE,0.0,0
REC_2022_LOC05_138,2022-10-16,LOC05,FLOOD_ONLY,27.2345,88.4972,180.0,86,21.03,22.1,5.83,37.86,76.71,0.565,179.1,0.0,IN_BANK_FLOW,5.3,0
REC_2022_LOC06_138,2022-10-16,LOC06,FLOOD_ONLY,27.1739,88.518,210.0,88,21.32,22.07,3.39,9.47,18.0,0.409,96.7,0.0,IN_BANK_FLOW,3.0,0
REC_2022_LOC01_139,2022-10-17,LOC01,COMPOUND,27.604,88.646,85.0,80,18.38,73.89,6.58,16.75,44.78,0.49,29.0,0.0,IN_BANK_FLOW,3.0,0
REC_2022_LOC02_139,2022-10-17,LOC02,COMPOUND,27.399,88.524,95.0,78,18.6,74.22,0.26,0.95,1.83,0.355,45.0,0.0,IN_BANK_FLOW,3.0,0
REC_2022_LOC03_139,2022-10-17,LOC03,LANDSLIDE_ONLY,27.385,88.755,15.0,68,16.54,14.49,1.41,6.22,11.89,0.393,0.0,0.0,NO_RIVER_ZONE,0.0,0
REC_2022_LOC04_139,2022-10-17,LOC04,LANDSLIDE_ONLY,27.545,88.455,25.0,72,17.12,22.51,0.88,1.99,4.13,0.363,0.0,0.0,NO_RIVER_ZONE,0.0,0
REC_2022_LOC05_139,2022-10-17,LOC05,FLOOD_ONLY,27.2345,88.4972,180.0,86,21.03,22.1,0.07,0.25,0.52,0.352,75.0,0.0,IN_BANK_FLOW,3.0,0
REC_2022_LOC06_139,2022-10-17,LOC06,FLOOD_ONLY,27.1739,88.518,210.0,88,21.32,22.07,9.22,23.07,49.74,0.499,145.5,0.0,IN_BANK_FLOW,3.3,0
REC_2022_LOC01_140,2022-10-18,LOC01,COMPOUND,27.604,88.646,85.0,80,18.38,73.89,0.74,3.89,9.49,0.38,28.0,0.0,IN_BANK_FLOW,3.0,0
REC_2022_LOC02_140,2022-10-18,LOC02,COMPOUND,27.399,88.524,95.0,78,18.6,74.22,0.17,0.71,1.88,0.356,45.0,0.0,IN_BANK_FLOW,3.0,0
REC_2022_LOC03_140,2022-10-18,LOC03,LANDSLIDE_ONLY,27.385,88.755,15.0,68,16.54,14.49,0.62,2.59,5.09,0.371,0.0,0.0,NO_RIVER_ZONE,0.0,0
REC_2022_LOC04_140,2022-10-18,LOC04,LANDSLIDE_ONLY,27.545,88.455,25.0,72,17.12,22.51,0.7,2.08,4.48,0.365,0.0,0.0,NO_RIVER_ZONE,0.0,0
REC_2022_LOC05_140,2022-10-18,LOC05,FLOOD_ONLY,27.2345,88.4972,180.0,86,21.03,22.1,0.61,3.6,7.99,0.377,75.0,0.0,IN_BANK_FLOW,3.0,0
REC_2022_LOC06_140,2022-10-18,LOC06,FLOOD_ONLY,27.1739,88.518,210.0,88,21.32,22.07,1.35,7.44,14.17,0.409,95.1,0.0,IN_BANK_FLOW,3.0,0
REC_2022_LOC01_141,2022-10-19,LOC01,COMPOUND,27.604,88.646,85.0,80,18.38,73.89,4.07,10.12,19.74,0.428,28.0,0.0,IN_BANK_FLOW,3.0,0
REC_2022_LOC02_141,2022-10-19,LOC02,COMPOUND,27.399,88.524,95.0,78,18.6,74.22,0.4,0.92,1.61,0.356,45.0,0.0,IN_BANK_FLOW,3.0,0
REC_2022_LOC03_141,2022-10-19,LOC03,LANDSLIDE_ONLY,27.385,88.755,15.0,68,16.54,14.49,1.34,5.08,13.75,0.392,0.0,0.0,NO_RIVER_ZONE,0.0,0
REC_2022_LOC04_141,2022-10-19,LOC04,LANDSLIDE_ONLY,27.545,88.455,25.0,72,17.12,22.51,0.34,1.05,2.8,0.36,0.0,0.0,NO_RIVER_ZONE,0.0,0
REC_2022_LOC05_141,2022-10-19,LOC05,FLOOD_ONLY,27.2345,88.4972,180.0,86,21.03,22.1,5.16,18.16,32.83,0.437,91.1,0.0,IN_BANK_FLOW,3.0,0
REC_2022_LOC06_141,2022-10-19,LOC06,FLOOD_ONLY,27.1739,88.518,210.0,88,21.32,22.07,0.05,0.28,0.73,0.352,95.0,0.0,IN_BANK_FLOW,3.0,0
REC_2022_LOC01_142,2022-10-20,LOC01,COMPOUND,27.604,88.646,85.0,80,18.38,73.89,3.02,7.96,16.84,0.403,28.0,0.0,IN_BANK_FLOW,3.0,0
REC_2022_LOC02_142,2022-10-20,LOC02,COMPOUND,27.399,88.524,95.0,78,18.6,74.22,0.37,1.66,4.48,0.362,45.0,0.0,IN_BANK_FLOW,3.0,0
REC_2022_LOC03_142,2022-10-20,LOC03,LANDSLIDE_ONLY,27.385,88.755,15.0,68,16.54,14.49,15.98,42.51,117.54,0.843,0.0,0.0,NO_RIVER_ZONE,0.0,0
REC_2022_LOC04_142,2022-10-20,LOC04,LANDSLIDE_ONLY,27.545,88.455,25.0,72,17.12,22.51,1.24,3.6,7.28,0.373,0.0,0.0,NO_RIVER_ZONE,0.0,0
REC_2022_LOC05_142,2022-10-20,LOC05,FLOOD_ONLY,27.2345,88.4972,180.0,86,21.03,22.1,9.98,23.26,58.49,0.513,108.7,0.0,IN_BANK_FLOW,3.2,0
REC_2022_LOC06_142,2022-10-20,LOC06,FLOOD_ONLY,27.1739,88.518,210.0,88,21.32,22.07,2.28,10.91,25.31,0.411,99.0,0.0,IN_BANK_FLOW,3.0,0
REC_2022_LOC01_143,2022-10-21,LOC01,COMPOUND,27.604,88.646,85.0,80,18.38,73.89,5.94,22.52,36.29,0.453,33.2,0.0,IN_BANK_FLOW,3.0,0
REC_2022_LOC02_143,2022-10-21,LOC02,COMPOUND,27.399,88.524,95.0,78,18.6,74.22,1.28,3.14,6.62,0.375,45.0,0.0,IN_BANK_FLOW,3.0,0
REC_2022_LOC03_143,2022-10-21,LOC03,LANDSLIDE_ONLY,27.385,88.755,15.0,68,16.54,14.49,0.09,0.53,1.26,0.355,0.0,0.0,NO_RIVER_ZONE,0.0,0
REC_2022_LOC04_143,2022-10-21,LOC04,LANDSLIDE_ONLY,27.545,88.455,25.0,72,17.12,22.51,1.91,6.35,17.64,0.424,0.0,0.0,NO_RIVER_ZONE,0.0,0
REC_2022_LOC05_143,2022-10-21,LOC05,FLOOD_ONLY,27.2345,88.4972,180.0,86,21.03,22.1,0.46,2.16,5.9,0.368,75.0,0.0,IN_BANK_FLOW,3.0,0
REC_2022_LOC06_143,2022-10-21,LOC06,FLOOD_ONLY,27.1739,88.518,210.0,88,21.32,22.07,0.65,3.02,6.95,0.373,95.0,0.0,IN_BANK_FLOW,3.0,0
REC_2022_LOC01_144,2022-10-22,LOC01,COMPOUND,27.604,88.646,85.0,80,18.38,73.89,3.43,15.34,35.12,0.463,28.4,0.0,IN_BANK_FLOW,3.0,0
REC_2022_LOC02_144,2022-10-22,LOC02,COMPOUND,27.399,88.524,95.0,78,18.6,74.22,0.16,1.01,1.8,0.355,45.0,0.0,IN_BANK_FLOW,3.0,0
REC_2022_LOC03_144,2022-10-22,LOC03,LANDSLIDE_ONLY,27.385,88.755,15.0,68,16.54,14.49,0.12,0.57,1.54,0.354,0.0,0.0,NO_RIVER_ZONE,0.0,0
REC_2022_LOC04_144,2022-10-22,LOC04,LANDSLIDE_ONLY,27.545,88.455,25.0,72,17.12,22.51,1.35,6.22,16.28,0.409,0.0,0.0,NO_RIVER_ZONE,0.0,0
REC_2022_LOC05_144,2022-10-22,LOC05,FLOOD_ONLY,27.2345,88.4972,180.0,86,21.03,22.1,4.53,10.3,22.84,0.432,75.8,0.0,IN_BANK_FLOW,3.0,0
REC_2022_LOC06_144,2022-10-22,LOC06,FLOOD_ONLY,27.1739,88.518,210.0,88,21.32,22.07,2.39,11.22,25.3,0.419,99.7,0.0,IN_BANK_FLOW,3.0,0
REC_2022_LOC01_145,2022-10-23,LOC01,COMPOUND,27.604,88.646,85.0,80,18.38,73.89,1.17,6.29,12.52,0.387,28.0,0.0,IN_BANK_FLOW,3.0,0
REC_2022_LOC02_145,2022-10-23,LOC02,COMPOUND,27.399,88.524,95.0,78,18.6,74.22,1.59,4.25,8.24,0.374,45.0,0.0,IN_BANK_FLOW,3.0,0
REC_2022_LOC03_145,2022-10-23,LOC03,LANDSLIDE_ONLY,27.385,88.755,15.0,68,16.54,14.49,1.68,3.81,9.27,0.383,0.0,0.0,NO_RIVER_ZONE,0.0,0
REC_2022_LOC04_145,2022-10-23,LOC04,LANDSLIDE_ONLY,27.545,88.455,25.0,72,17.12,22.51,2.21,9.3,18.27,0.412,0.0,0.0,NO_RIVER_ZONE,0.0,0
REC_2022_LOC05_145,2022-10-23,LOC05,FLOOD_ONLY,27.2345,88.4972,180.0,86,21.03,22.1,2.18,11.89,30.86,0.437,77.5,0.0,IN_BANK_FLOW,3.0,0
REC_2022_LOC06_145,2022-10-23,LOC06,FLOOD_ONLY,27.1739,88.518,210.0,88,21.32,22.07,0.51,3.03,8.43,0.373,95.0,0.0,IN_BANK_FLOW,3.0,0
REC_2022_LOC01_146,2022-10-24,LOC01,COMPOUND,27.604,88.646,85.0,80,18.38,73.89,2.89,7.84,19.04,0.406,28.0,0.0,IN_BANK_FLOW,3.0,0
REC_2022_LOC02_146,2022-10-24,LOC02,COMPOUND,27.399,88.524,95.0,78,18.6,74.22,1.59,4.41,8.69,0.373,45.0,0.0,IN_BANK_FLOW,3.0,0
REC_2022_LOC03_146,2022-10-24,LOC03,LANDSLIDE_ONLY,27.385,88.755,15.0,68,16.54,14.49,1.09,3.01,6.76,0.372,0.0,0.0,NO_RIVER_ZONE,0.0,0
REC_2022_LOC04_146,2022-10-24,LOC04,LANDSLIDE_ONLY,27.545,88.455,25.0,72,17.12,22.51,0.46,2.39,4.27,0.368,0.0,0.0,NO_RIVER_ZONE,0.0,0
REC_2022_LOC05_146,2022-10-24,LOC05,FLOOD_ONLY,27.2345,88.4972,180.0,86,21.03,22.1,3.95,9.89,26.27,0.45,75.5,0.0,IN_BANK_FLOW,3.0,0
REC_2022_LOC06_146,2022-10-24,LOC06,FLOOD_ONLY,27.1739,88.518,210.0,88,21.32,22.07,1.4,4.8,9.47,0.381,95.0,0.0,IN_BANK_FLOW,3.0,0
REC_2022_LOC01_147,2022-10-25,LOC01,COMPOUND,27.604,88.646,85.0,80,18.38,73.89,7.78,18.85,37.38,0.456,30.2,0.0,IN_BANK_FLOW,3.0,0
REC_2022_LOC02_147,2022-10-25,LOC02,COMPOUND,27.399,88.524,95.0,78,18.6,74.22,1.09,2.65,5.34,0.368,45.0,0.0,IN_BANK_FLOW,3.0,0
REC_2022_LOC03_147,2022-10-25,LOC03,LANDSLIDE_ONLY,27.385,88.755,15.0,68,16.54,14.49,0.83,2.46,5.18,0.365,0.0,0.0,NO_RIVER_ZONE,0.0,0
REC_2022_LOC04_147,2022-10-25,LOC04,LANDSLIDE_ONLY,27.545,88.455,25.0,72,17.12,22.51,1.69,5.83,15.54,0.411,0.0,0.0,NO_RIVER_ZONE,0.0,0
REC_2022_LOC05_147,2022-10-25,LOC05,FLOOD_ONLY,27.2345,88.4972,180.0,86,21.03,22.1,1.76,4.29,11.63,0.375,75.0,0.0,IN_BANK_FLOW,3.0,0
REC_2022_LOC06_147,2022-10-25,LOC06,FLOOD_ONLY,27.1739,88.518,210.0,88,21.32,22.07,0.64,3.45,5.85,0.367,95.0,0.0,IN_BANK_FLOW,3.0,0
REC_2022_LOC01_148,2022-10-26,LOC01,COMPOUND,27.604,88.646,85.0,80,18.38,73.89,1.61,5.16,11.46,0.375,28.0,0.0,IN_BANK_FLOW,3.0,0
REC_2022_LOC02_148,2022-10-26,LOC02,COMPOUND,27.399,88.524,95.0,78,18.6,74.22,6.75,15.76,43.67,0.492,45.1,0.0,IN_BANK_FLOW,3.0,0
REC_2022_LOC03_148,2022-10-26,LOC03,LANDSLIDE_ONLY,27.385,88.755,15.0,68,16.54,14.49,4.79,11.49,30.12,0.454,0.0,0.0,NO_RIVER_ZONE,0.0,0
REC_2022_LOC04_148,2022-10-26,LOC04,LANDSLIDE_ONLY,27.545,88.455,25.0,72,17.12,22.51,6.79,37.9,99.55,0.709,0.0,0.0,NO_RIVER_ZONE,0.0,0
REC_2022_LOC05_148,2022-10-26,LOC05,FLOOD_ONLY,27.2345,88.4972,180.0,86,21.03,22.1,0.2,1.15,2.44,0.359,75.0,0.0,IN_BANK_FLOW,3.0,0
REC_2022_LOC06_148,2022-10-26,LOC06,FLOOD_ONLY,27.1739,88.518,210.0,88,21.32,22.07,3.5,20.82,55.75,0.514,134.2,0.0,IN_BANK_FLOW,3.0,0
REC_2022_LOC01_149,2022-10-27,LOC01,COMPOUND,27.604,88.646,85.0,80,18.38,73.89,0.32,1.5,2.74,0.361,28.0,0.0,IN_BANK_FLOW,3.0,0
REC_2022_LOC02_149,2022-10-27,LOC02,COMPOUND,27.399,88.524,95.0,78,18.6,74.22,2.53,7.08,17.0,0.408,45.0,0.0,IN_BANK_FLOW,3.0,0
REC_2022_LOC03_149,2022-10-27,LOC03,LANDSLIDE_ONLY,27.385,88.755,15.0,68,16.54,14.49,1.57,10.23,19.03,0.412,0.0,0.0,NO_RIVER_ZONE,0.0,0
REC_2022_LOC04_149,2022-10-27,LOC04,LANDSLIDE_ONLY,27.545,88.455,25.0,72,17.12,22.51,0.01,0.03,0.07,0.35,0.0,0.0,NO_RIVER_ZONE,0.0,0
REC_2022_LOC05_149,2022-10-27,LOC05,FLOOD_ONLY,27.2345,88.4972,180.0,86,21.03,22.1,0.23,1.1,2.03,0.356,75.0,0.0,IN_BANK_FLOW,3.0,0
REC_2022_LOC06_149,2022-10-27,LOC06,FLOOD_ONLY,27.1739,88.518,210.0,88,21.32,22.07,3.83,10.47,18.34,0.412,98.2,0.0,IN_BANK_FLOW,3.0,0
REC_2022_LOC01_150,2022-10-28,LOC01,COMPOUND,27.604,88.646,85.0,80,18.38,73.89,12.63,30.35,63.52,0.535,43.3,0.0,IN_BANK_FLOW,3.0,0
REC_2022_LOC02_150,2022-10-28,LOC02,COMPOUND,27.399,88.524,95.0,78,18.6,74.22,7.38,22.81,63.53,0.536,49.0,0.0,IN_BANK_FLOW,3.0,0
REC_2022_LOC03_150,2022-10-28,LOC03,LANDSLIDE_ONLY,27.385,88.755,15.0,68,16.54,14.49,0.47,1.08,3.01,0.357,0.0,0.0,NO_RIVER_ZONE,0.0,0
REC_2022_LOC04_150,2022-10-28,LOC04,LANDSLIDE_ONLY,27.545,88.455,25.0,72,17.12,22.51,0.6,3.17,6.81,0.369,0.0,0.0,NO_RIVER_ZONE,0.0,0
REC_2022_LOC05_150,2022-10-28,LOC05,FLOOD_ONLY,27.2345,88.4972,180.0,86,21.03,22.1,7.12,28.63,75.92,0.675,131.7,0.0,IN_BANK_FLOW,3.9,0
REC_2022_LOC06_150,2022-10-28,LOC06,FLOOD_ONLY,27.1739,88.518,210.0,88,21.32,22.07,0.16,0.55,1.53,0.356,95.0,0.0,IN_BANK_FLOW,3.0,0
REC_2022_LOC01_151,2022-10-29,LOC01,COMPOUND,27.604,88.646,85.0,80,18.38,73.89,3.07,10.0,27.09,0.46,28.0,0.0,IN_BANK_FLOW,3.0,0
REC_2022_LOC02_151,2022-10-29,LOC02,COMPOUND,27.399,88.524,95.0,78,18.6,74.22,0.11,0.25,0.58,0.351,45.0,0.0,IN_BANK_FLOW,3.0,0
REC_2022_LOC03_151,2022-10-29,LOC03,LANDSLIDE_ONLY,27.385,88.755,15.0,68,16.54,14.49,4.05,11.79,24.04,0.41,0.0,0.0,NO_RIVER_ZONE,0.0,0
REC_2022_LOC04_151,2022-10-29,LOC04,LANDSLIDE_ONLY,27.545,88.455,25.0,72,17.12,22.51,2.24,5.24,8.58,0.377,0.0,0.0,NO_RIVER_ZONE,0.0,0
REC_2022_LOC05_151,2022-10-29,LOC05,FLOOD_ONLY,27.2345,88.4972,180.0,86,21.03,22.1,0.18,0.46,1.03,0.352,75.0,0.0,IN_BANK_FLOW,3.0,0
REC_2022_LOC06_151,2022-10-29,LOC06,FLOOD_ONLY,27.1739,88.518,210.0,88,21.32,22.07,2.21,5.66,13.2,0.391,95.0,0.0,IN_BANK_FLOW,3.0,0
REC_2022_LOC01_152,2022-10-30,LOC01,COMPOUND,27.604,88.646,85.0,80,18.38,73.89,5.1,24.37,66.81,0.579,35.2,0.0,IN_BANK_FLOW,3.0,0
REC_2022_LOC02_152,2022-10-30,LOC02,COMPOUND,27.399,88.524,95.0,78,18.6,74.22,3.72,10.27,16.93,0.401,45.0,0.0,IN_BANK_FLOW,3.0,0
REC_2022_LOC03_152,2022-10-30,LOC03,LANDSLIDE_ONLY,27.385,88.755,15.0,68,16.54,14.49,2.52,8.9,21.24,0.41,0.0,0.0,NO_RIVER_ZONE,0.0,0
REC_2022_LOC04_152,2022-10-30,LOC04,LANDSLIDE_ONLY,27.545,88.455,25.0,72,17.12,22.51,3.17,12.45,25.9,0.448,0.0,0.0,NO_RIVER_ZONE,0.0,0
REC_2022_LOC05_152,2022-10-30,LOC05,FLOOD_ONLY,27.2345,88.4972,180.0,86,21.03,22.1,3.06,15.25,33.06,0.469,83.5,0.0,IN_BANK_FLOW,3.0,0
REC_2022_LOC06_152,2022-10-30,LOC06,FLOOD_ONLY,27.1739,88.518,210.0,88,21.32,22.07,3.6,9.44,26.08,0.429,96.7,0.0,IN_BANK_FLOW,3.0,0
REC_2022_LOC01_153,2022-10-31,LOC01,COMPOUND,27.604,88.646,85.0,80,18.38,73.89,1.32,6.16,16.43,0.399,28.0,0.0,IN_BANK_FLOW,3.0,0
REC_2022_LOC02_153,2022-10-31,LOC02,COMPOUND,27.399,88.524,95.0,78,18.6,74.22,2.21,5.2,14.39,0.386,45.0,0.0,IN_BANK_FLOW,3.0,0
REC_2022_LOC03_153,2022-10-31,LOC03,LANDSLIDE_ONLY,27.385,88.755,15.0,68,16.54,14.49,0.03,0.1,0.17,0.35,0.0,0.0,NO_RIVER_ZONE,0.0,0
REC_2022_LOC04_153,2022-10-31,LOC04,LANDSLIDE_ONLY,27.545,88.455,25.0,72,17.12,22.51,1.15,2.79,6.96,0.366,0.0,0.0,NO_RIVER_ZONE,0.0,0
REC_2022_LOC05_153,2022-10-31,LOC05,FLOOD_ONLY,27.2345,88.4972,180.0,86,21.03,22.1,2.88,10.17,20.49,0.425,75.7,0.0,IN_BANK_FLOW,3.0,0
REC_2022_LOC06_153,2022-10-31,LOC06,FLOOD_ONLY,27.1739,88.518,210.0,88,21.32,22.07,0.07,0.23,0.61,0.352,95.0,0.0,IN_BANK_FLOW,3.0,0
REC_2023_LOC01_001,2023-06-01,LOC01,COMPOUND,27.604,88.646,85.0,80,18.38,73.89,1.41,7.02,15.4,0.41,28.0,0.0,IN_BANK_FLOW,3.0,0
REC_2023_LOC02_001,2023-06-01,LOC02,COMPOUND,27.399,88.524,95.0,78,18.6,74.22,16.46,39.84,73.72,0.587,74.8,0.0,IN_BANK_FLOW,3.0,0
REC_2023_LOC03_001,2023-06-01,LOC03,LANDSLIDE_ONLY,27.385,88.755,15.0,68,16.54,14.49,7.0,24.51,54.62,0.517,0.0,0.0,NO_RIVER_ZONE,0.0,0
REC_2023_LOC04_001,2023-06-01,LOC04,LANDSLIDE_ONLY,27.545,88.455,25.0,72,17.12,22.51,0.76,2.29,4.32,0.365,0.0,0.0,NO_RIVER_ZONE,0.0,0
REC_2023_LOC05_001,2023-06-01,LOC05,FLOOD_ONLY,27.2345,88.4972,180.0,86,21.03,22.1,0.67,2.84,5.96,0.369,75.0,0.0,IN_BANK_FLOW,3.0,0
REC_2023_LOC06_001,2023-06-01,LOC06,FLOOD_ONLY,27.1739,88.518,210.0,88,21.32,22.07,0.97,5.15,12.94,0.391,95.0,0.0,IN_BANK_FLOW,3.0,0
REC_2023_LOC01_002,2023-06-02,LOC01,COMPOUND,27.604,88.646,85.0,80,18.38,73.89,2.45,15.08,37.18,0.45,28.3,0.0,IN_BANK_FLOW,3.0,0
REC_2023_LOC02_002,2023-06-02,LOC02,COMPOUND,27.399,88.524,95.0,78,18.6,74.22,1.01,2.26,6.03,0.37,45.0,0.0,IN_BANK_FLOW,3.0,0
REC_2023_LOC03_002,2023-06-02,LOC03,LANDSLIDE_ONLY,27.385,88.755,15.0,68,16.54,14.49,1.47,5.86,16.31,0.393,0.0,0.0,NO_RIVER_ZONE,0.0,0
REC_2023_LOC04_002,2023-06-02,LOC04,LANDSLIDE_ONLY,27.545,88.455,25.0,72,17.12,22.51,0.18,0.61,1.28,0.354,0.0,0.0,NO_RIVER_ZONE,0.0,0
REC_2023_LOC05_002,2023-06-02,LOC05,FLOOD_ONLY,27.2345,88.4972,180.0,86,21.03,22.1,8.31,18.53,47.86,0.504,92.2,0.0,IN_BANK_FLOW,3.0,0
REC_2023_LOC06_002,2023-06-02,LOC06,FLOOD_ONLY,27.1739,88.518,210.0,88,21.32,22.07,0.3,1.31,3.3,0.363,95.0,0.0,IN_BANK_FLOW,3.0,0
REC_2023_LOC01_003,2023-06-03,LOC01,COMPOUND,27.604,88.646,85.0,80,18.38,73.89,2.79,6.94,16.74,0.409,28.0,0.0,IN_BANK_FLOW,3.0,0
REC_2023_LOC02_003,2023-06-03,LOC02,COMPOUND,27.399,88.524,95.0,78,18.6,74.22,2.58,6.72,14.73,0.401,45.0,0.0,IN_BANK_FLOW,3.0,0
REC_2023_LOC03_003,2023-06-03,LOC03,LANDSLIDE_ONLY,27.385,88.755,15.0,68,16.54,14.49,2.66,8.74,17.47,0.408,0.0,0.0,NO_RIVER_ZONE,0.0,0
REC_2023_LOC04_003,2023-06-03,LOC04,LANDSLIDE_ONLY,27.545,88.455,25.0,72,17.12,22.51,5.48,16.58,30.2,0.443,0.0,0.0,NO_RIVER_ZONE,0.0,0
REC_2023_LOC05_003,2023-06-03,LOC05,FLOOD_ONLY,27.2345,88.4972,180.0,86,21.03,22.1,4.05,10.64,26.7,0.45,76.1,0.0,IN_BANK_FLOW,3.0,0
REC_2023_LOC06_003,2023-06-03,LOC06,FLOOD_ONLY,27.1739,88.518,210.0,88,21.32,22.07,7.59,24.19,45.04,0.498,151.5,0.0,IN_BANK_FLOW,3.4,0
REC_2023_LOC01_004,2023-06-04,LOC01,COMPOUND,27.604,88.646,85.0,80,18.38,73.89,5.64,15.87,29.53,0.485,28.6,0.0,IN_BANK_FLOW,3.0,0
REC_2023_LOC02_004,2023-06-04,LOC02,COMPOUND,27.399,88.524,95.0,78,18.6,74.22,2.05,10.74,24.12,0.421,45.0,0.0,IN_BANK_FLOW,3.0,0
REC_2023_LOC03_004,2023-06-04,LOC03,LANDSLIDE_ONLY,27.385,88.755,15.0,68,16.54,14.49,3.99,9.66,16.71,0.405,0.0,0.0,NO_RIVER_ZONE,0.0,0
REC_2023_LOC04_004,2023-06-04,LOC04,LANDSLIDE_ONLY,27.545,88.455,25.0,72,17.12,22.51,8.87,28.84,46.91,0.5,0.0,0.0,NO_RIVER_ZONE,0.0,0
REC_2023_LOC05_004,2023-06-04,LOC05,FLOOD_ONLY,27.2345,88.4972,180.0,86,21.03,22.1,2.24,5.93,16.28,0.406,75.0,0.0,IN_BANK_FLOW,3.0,0
REC_2023_LOC06_004,2023-06-04,LOC06,FLOOD_ONLY,27.1739,88.518,210.0,88,21.32,22.07,0.72,3.0,5.27,0.366,95.0,0.0,IN_BANK_FLOW,3.0,0
REC_2023_LOC01_005,2023-06-05,LOC01,COMPOUND,27.604,88.646,85.0,80,18.38,73.89,10.38,34.38,77.44,0.576,50.0,0.0,IN_BANK_FLOW,3.0,0
REC_2023_LOC02_005,2023-06-05,LOC02,COMPOUND,27.399,88.524,95.0,78,18.6,74.22,0.24,0.76,1.5,0.354,45.0,0.0,IN_BANK_FLOW,3.0,0
REC_2023_LOC03_005,2023-06-05,LOC03,LANDSLIDE_ONLY,27.385,88.755,15.0,68,16.54,14.49,2.38,13.31,26.96,0.447,0.0,0.0,NO_RIVER_ZONE,0.0,0
REC_2023_LOC04_005,2023-06-05,LOC04,LANDSLIDE_ONLY,27.545,88.455,25.0,72,17.12,22.51,4.42,10.29,27.98,0.435,0.0,0.0,NO_RIVER_ZONE,0.0,0
REC_2023_LOC05_005,2023-06-05,LOC05,FLOOD_ONLY,27.2345,88.4972,180.0,86,21.03,22.1,1.7,10.92,18.28,0.434,76.3,0.0,IN_BANK_FLOW,3.0,0
REC_2023_LOC06_005,2023-06-05,LOC06,FLOOD_ONLY,27.1739,88.518,210.0,88,21.32,22.07,6.39,22.95,39.84,0.484,144.9,0.0,IN_BANK_FLOW,3.3,0
REC_2023_LOC01_006,2023-06-06,LOC01,COMPOUND,27.604,88.646,85.0,80,18.38,73.89,3.26,10.48,22.3,0.431,28.0,0.0,IN_BANK_FLOW,3.0,0
REC_2023_LOC02_006,2023-06-06,LOC02,COMPOUND,27.399,88.524,95.0,78,18.6,74.22,0.11,0.35,0.93,0.352,45.0,0.0,IN_BANK_FLOW,3.0,0
REC_2023_LOC03_006,2023-06-06,LOC03,LANDSLIDE_ONLY,27.385,88.755,15.0,68,16.54,14.49,3.82,8.59,15.8,0.403,0.0,0.0,NO_RIVER_ZONE,0.0,0
REC_2023_LOC04_006,2023-06-06,LOC04,LANDSLIDE_ONLY,27.545,88.455,25.0,72,17.12,22.51,4.05,10.11,25.14,0.408,0.0,0.0,NO_RIVER_ZONE,0.0,0
REC_2023_LOC05_006,2023-06-06,LOC05,FLOOD_ONLY,27.2345,88.4972,180.0,86,21.03,22.1,13.83,31.66,84.07,0.616,146.3,0.0,IN_BANK_FLOW,4.3,0
REC_2023_LOC06_006,2023-06-06,LOC06,FLOOD_ONLY,27.1739,88.518,210.0,88,21.32,22.07,0.55,1.28,2.75,0.359,95.0,0.0,IN_BANK_FLOW,3.0,0
REC_2023_LOC01_007,2023-06-07,LOC01,COMPOUND,27.604,88.646,85.0,80,18.38,73.89,0.99,4.79,10.0,0.393,28.0,0.0,IN_BANK_FLOW,3.0,0
REC_2023_LOC02_007,2023-06-07,LOC02,COMPOUND,27.399,88.524,95.0,78,18.6,74.22,8.67,24.65,68.15,0.544,50.8,0.0,IN_BANK_FLOW,3.0,0
REC_2023_LOC03_007,2023-06-07,LOC03,LANDSLIDE_ONLY,27.385,88.755,15.0,68,16.54,14.49,3.53,12.49,26.68,0.417,0.0,0.0,NO_RIVER_ZONE,0.0,0
REC_2023_LOC04_007,2023-06-07,LOC04,LANDSLIDE_ONLY,27.545,88.455,25.0,72,17.12,22.51,0.0,0.02,0.04,0.35,0.0,0.0,NO_RIVER_ZONE,0.0,0
REC_2023_LOC05_007,2023-06-07,LOC05,FLOOD_ONLY,27.2345,88.4972,180.0,86,21.03,22.1,5.45,13.93,29.84,0.463,80.8,0.0,IN_BANK_FLOW,3.0,0
REC_2023_LOC06_007,2023-06-07,LOC06,FLOOD_ONLY,27.1739,88.518,210.0,88,21.32,22.07,2.86,7.57,13.7,0.39,95.1,0.0,IN_BANK_FLOW,3.0,0
REC_2023_LOC01_008,2023-06-08,LOC01,COMPOUND,27.604,88.646,85.0,80,18.38,73.89,8.65,22.4,45.64,0.535,33.1,0.0,IN_BANK_FLOW,3.0,0
REC_2023_LOC02_008,2023-06-08,LOC02,COMPOUND,27.399,88.524,95.0,78,18.6,74.22,6.87,18.32,33.62,0.481,45.9,0.0,IN_BANK_FLOW,3.0,0
REC_2023_LOC03_008,2023-06-08,LOC03,LANDSLIDE_ONLY,27.385,88.755,15.0,68,16.54,14.49,5.0,12.41,24.09,0.42,0.0,0.0,NO_RIVER_ZONE,0.0,0
REC_2023_LOC04_008,2023-06-08,LOC04,LANDSLIDE_ONLY,27.545,88.455,25.0,72,17.12,22.51,0.22,0.61,1.28,0.354,0.0,0.0,NO_RIVER_ZONE,0.0,0
REC_2023_LOC05_008,2023-06-08,LOC05,FLOOD_ONLY,27.2345,88.4972,180.0,86,21.03,22.1,2.52,6.79,17.17,0.395,75.0,0.0,IN_BANK_FLOW,3.0,0
REC_2023_LOC06_008,2023-06-08,LOC06,FLOOD_ONLY,27.1739,88.518,210.0,88,21.32,22.07,3.51,12.12,25.5,0.443,101.7,0.0,IN_BANK_FLOW,3.0,0
REC_2023_LOC01_009,2023-06-09,LOC01,COMPOUND,27.604,88.646,85.0,80,18.38,73.89,0.53,1.36,2.3,0.357,28.0,0.0,IN_BANK_FLOW,3.0,0
REC_2023_LOC02_009,2023-06-09,LOC02,COMPOUND,27.399,88.524,95.0,78,18.6,74.22,0.42,2.45,4.52,0.369,45.0,0.0,IN_BANK_FLOW,3.0,0
REC_2023_LOC03_009,2023-06-09,LOC03,LANDSLIDE_ONLY,27.385,88.755,15.0,68,16.54,14.49,0.08,0.46,0.88,0.353,0.0,0.0,NO_RIVER_ZONE,0.0,0
REC_2023_LOC04_009,2023-06-09,LOC04,LANDSLIDE_ONLY,27.545,88.455,25.0,72,17.12,22.51,0.68,1.76,3.58,0.363,0.0,0.0,NO_RIVER_ZONE,0.0,0
REC_2023_LOC05_009,2023-06-09,LOC05,FLOOD_ONLY,27.2345,88.4972,180.0,86,21.03,22.1,11.04,35.54,78.68,0.631,166.4,0.0,IN_BANK_FLOW,4.9,0
REC_2023_LOC06_009,2023-06-09,LOC06,FLOOD_ONLY,27.1739,88.518,210.0,88,21.32,22.07,0.57,1.9,4.32,0.361,95.0,0.0,IN_BANK_FLOW,3.0,0
REC_2023_LOC01_010,2023-06-10,LOC01,COMPOUND,27.604,88.646,85.0,80,18.38,73.89,2.42,6.4,13.97,0.385,28.0,0.0,IN_BANK_FLOW,3.0,0
REC_2023_LOC02_010,2023-06-10,LOC02,COMPOUND,27.399,88.524,95.0,78,18.6,74.22,14.67,89.03,189.58,0.916,214.8,0.0,IN_BANK_FLOW,8.3,0
REC_2023_LOC03_010,2023-06-10,LOC03,LANDSLIDE_ONLY,27.385,88.755,15.0,68,16.54,14.49,5.36,21.45,49.54,0.553,0.0,0.0,NO_RIVER_ZONE,0.0,0
REC_2023_LOC04_010,2023-06-10,LOC04,LANDSLIDE_ONLY,27.545,88.455,25.0,72,17.12,22.51,2.07,6.88,17.35,0.401,0.0,0.0,NO_RIVER_ZONE,0.0,0
REC_2023_LOC05_010,2023-06-10,LOC05,FLOOD_ONLY,27.2345,88.4972,180.0,86,21.03,22.1,1.97,7.91,16.56,0.419,75.0,0.0,IN_BANK_FLOW,3.0,0
REC_2023_LOC06_010,2023-06-10,LOC06,FLOOD_ONLY,27.1739,88.518,210.0,88,21.32,22.07,0.19,0.61,1.37,0.354,95.0,0.0,IN_BANK_FLOW,3.0,0
REC_2023_LOC01_011,2023-06-11,LOC01,COMPOUND,27.604,88.646,85.0,80,18.38,73.89,17.09,65.15,163.72,0.931,122.5,0.0,IN_BANK_FLOW,7.3,0
REC_2023_LOC02_011,2023-06-11,LOC02,COMPOUND,27.399,88.524,95.0,78,18.6,74.22,11.66,27.01,62.01,0.526,53.5,0.0,IN_BANK_FLOW,3.0,0
REC_2023_LOC03_011,2023-06-11,LOC03,LANDSLIDE_ONLY,27.385,88.755,15.0,68,16.54,14.49,0.45,2.74,6.63,0.369,0.0,0.0,NO_RIVER_ZONE,0.0,0
REC_2023_LOC04_011,2023-06-11,LOC04,LANDSLIDE_ONLY,27.545,88.455,25.0,72,17.12,22.51,0.25,1.22,2.27,0.357,0.0,0.0,NO_RIVER_ZONE,0.0,0
REC_2023_LOC05_011,2023-06-11,LOC05,FLOOD_ONLY,27.2345,88.4972,180.0,86,21.03,22.1,0.2,0.98,2.73,0.36,75.0,0.0,IN_BANK_FLOW,3.0,0
REC_2023_LOC06_011,2023-06-11,LOC06,FLOOD_ONLY,27.1739,88.518,210.0,88,21.32,22.07,1.07,3.0,5.78,0.368,95.0,0.0,IN_BANK_FLOW,3.0,0
REC_2023_LOC01_012,2023-06-12,LOC01,COMPOUND,27.604,88.646,85.0,80,18.38,73.89,2.43,9.36,22.23,0.416,28.0,0.0,IN_BANK_FLOW,3.0,0
REC_2023_LOC02_012,2023-06-12,LOC02,COMPOUND,27.399,88.524,95.0,78,18.6,74.22,6.11,23.05,49.93,0.529,49.2,0.0,IN_BANK_FLOW,3.0,0
REC_2023_LOC03_012,2023-06-12,LOC03,LANDSLIDE_ONLY,27.385,88.755,15.0,68,16.54,14.49,0.83,2.42,5.95,0.367,0.0,0.0,NO_RIVER_ZONE,0.0,0
REC_2023_LOC04_012,2023-06-12,LOC04,LANDSLIDE_ONLY,27.545,88.455,25.0,72,17.12,22.51,3.94,9.58,24.25,0.427,0.0,0.0,NO_RIVER_ZONE,0.0,0
REC_2023_LOC05_012,2023-06-12,LOC05,FLOOD_ONLY,27.2345,88.4972,180.0,86,21.03,22.1,0.74,2.11,3.97,0.361,75.0,0.0,IN_BANK_FLOW,3.0,0
REC_2023_LOC06_012,2023-06-12,LOC06,FLOOD_ONLY,27.1739,88.518,210.0,88,21.32,22.07,0.53,1.48,2.42,0.358,95.0,0.0,IN_BANK_FLOW,3.0,0
REC_2023_LOC01_013,2023-06-13,LOC01,COMPOUND,27.604,88.646,85.0,80,18.38,73.89,11.54,37.59,62.09,0.524,55.9,0.0,IN_BANK_FLOW,3.3,0
REC_2023_LOC02_013,2023-06-13,LOC02,COMPOUND,27.399,88.524,95.0,78,18.6,74.22,2.36,8.89,15.5,0.392,45.0,0.0,IN_BANK_FLOW,3.0,0
REC_2023_LOC03_013,2023-06-13,LOC03,LANDSLIDE_ONLY,27.385,88.755,15.0,68,16.54,14.49,3.2,12.67,23.71,0.433,0.0,0.0,NO_RIVER_ZONE,0.0,0
REC_2023_LOC04_013,2023-06-13,LOC04,LANDSLIDE_ONLY,27.545,88.455,25.0,72,17.12,22.51,2.28,9.46,21.48,0.409,0.0,0.0,NO_RIVER_ZONE,0.0,0
REC_2023_LOC05_013,2023-06-13,LOC05,FLOOD_ONLY,27.2345,88.4972,180.0,86,21.03,22.1,0.92,2.89,7.63,0.372,75.0,0.0,IN_BANK_FLOW,3.0,0
REC_2023_LOC06_013,2023-06-13,LOC06,FLOOD_ONLY,27.1739,88.518,210.0,88,21.32,22.07,7.58,20.3,54.49,0.475,131.7,0.0,IN_BANK_FLOW,3.0,0
REC_2023_LOC01_014,2023-06-14,LOC01,COMPOUND,27.604,88.646,85.0,80,18.38,73.89,0.27,0.82,1.87,0.355,28.0,0.0,IN_BANK_FLOW,3.0,0
REC_2023_LOC02_014,2023-06-14,LOC02,COMPOUND,27.399,88.524,95.0,78,18.6,74.22,1.53,4.47,9.66,0.383,45.0,0.0,IN_BANK_FLOW,3.0,0
REC_2023_LOC03_014,2023-06-14,LOC03,LANDSLIDE_ONLY,27.385,88.755,15.0,68,16.54,14.49,0.09,0.39,0.75,0.353,0.0,0.0,NO_RIVER_ZONE,0.0,0
REC_2023_LOC04_014,2023-06-14,LOC04,LANDSLIDE_ONLY,27.545,88.455,25.0,72,17.12,22.51,38.23,105.31,264.75,0.98,0.0,0.0,NO_RIVER_ZONE,0.0,0
REC_2023_LOC05_014,2023-06-14,LOC05,FLOOD_ONLY,27.2345,88.4972,180.0,86,21.03,22.1,9.22,43.22,95.29,0.646,210.1,0.0,IN_BANK_FLOW,6.2,0
REC_2023_LOC06_014,2023-06-14,LOC06,FLOOD_ONLY,27.1739,88.518,210.0,88,21.32,22.07,2.52,8.16,17.46,0.403,95.4,0.0,IN_BANK_FLOW,3.0,0
REC_2023_LOC01_015,2023-06-15,LOC01,COMPOUND,27.604,88.646,85.0,80,18.38,73.89,0.47,2.6,6.5,0.373,28.0,0.0,IN_BANK_FLOW,3.0,0
REC_2023_LOC02_015,2023-06-15,LOC02,COMPOUND,27.399,88.524,95.0,78,18.6,74.22,1.47,4.79,8.12,0.372,45.0,0.0,IN_BANK_FLOW,3.0,0
REC_2023_LOC03_015,2023-06-15,LOC03,LANDSLIDE_ONLY,27.385,88.755,15.0,68,16.54,14.49,0.05,0.15,0.32,0.351,0.0,0.0,NO_RIVER_ZONE,0.0,0
REC_2023_LOC04_015,2023-06-15,LOC04,LANDSLIDE_ONLY,27.545,88.455,25.0,72,17.12,22.51,0.25,1.07,2.02,0.356,0.0,0.0,NO_RIVER_ZONE,0.0,0
REC_2023_LOC05_015,2023-06-15,LOC05,FLOOD_ONLY,27.2345,88.4972,180.0,86,21.03,22.1,4.35,14.18,30.07,0.439,81.2,0.0,IN_BANK_FLOW,3.0,0
REC_2023_LOC06_015,2023-06-15,LOC06,FLOOD_ONLY,27.1739,88.518,210.0,88,21.32,22.07,0.35,2.01,5.41,0.37,95.0,0.0,IN_BANK_FLOW,3.0,0
REC_2023_LOC01_016,2023-06-16,LOC01,COMPOUND,27.604,88.646,85.0,80,18.38,73.89,4.95,27.6,52.12,0.548,39.3,0.0,IN_BANK_FLOW,3.0,0
REC_2023_LOC02_016,2023-06-16,LOC02,COMPOUND,27.399,88.524,95.0,78,18.6,74.22,6.44,31.24,73.21,0.617,59.4,0.0,IN_BANK_FLOW,3.0,0
REC_2023_LOC03_016,2023-06-16,LOC03,LANDSLIDE_ONLY,27.385,88.755,15.0,68,16.54,14.49,2.13,6.6,14.03,0.397,0.0,0.0,NO_RIVER_ZONE,0.0,0
REC_2023_LOC04_016,2023-06-16,LOC04,LANDSLIDE_ONLY,27.545,88.455,25.0,72,17.12,22.51,8.52,43.3,79.11,0.619,0.0,0.0,NO_RIVER_ZONE,0.0,0
REC_2023_LOC05_016,2023-06-16,LOC05,FLOOD_ONLY,27.2345,88.4972,180.0,86,21.03,22.1,0.14,0.47,0.86,0.353,75.0,0.0,IN_BANK_FLOW,3.0,0
REC_2023_LOC06_016,2023-06-16,LOC06,FLOOD_ONLY,27.1739,88.518,210.0,88,21.32,22.07,7.72,22.54,54.16,0.551,142.8,0.0,IN_BANK_FLOW,3.2,0
REC_2023_LOC01_017,2023-06-17,LOC01,COMPOUND,27.604,88.646,85.0,80,18.38,73.89,0.94,2.82,5.3,0.363,28.0,0.0,IN_BANK_FLOW,3.0,0
REC_2023_LOC02_017,2023-06-17,LOC02,COMPOUND,27.399,88.524,95.0,78,18.6,74.22,5.13,19.54,42.66,0.495,46.6,0.0,IN_BANK_FLOW,3.0,0
REC_2023_LOC03_017,2023-06-17,LOC03,LANDSLIDE_ONLY,27.385,88.755,15.0,68,16.54,14.49,15.58,38.52,104.17,0.677,0.0,0.0,NO_RIVER_ZONE,0.0,0
REC_2023_LOC04_017,2023-06-17,LOC04,LANDSLIDE_ONLY,27.545,88.455,25.0,72,17.12,22.51,11.31,30.99,86.69,0.644,0.0,0.0,NO_RIVER_ZONE,0.0,0
REC_2023_LOC05_017,2023-06-17,LOC05,FLOOD_ONLY,27.2345,88.4972,180.0,86,21.03,22.1,2.13,5.52,14.8,0.394,75.0,0.0,IN_BANK_FLOW,3.0,0
REC_2023_LOC06_017,2023-06-17,LOC06,FLOOD_ONLY,27.1739,88.518,210.0,88,21.32,22.07,0.96,3.63,8.66,0.375,95.0,0.0,IN_BANK_FLOW,3.0,0
REC_2023_LOC01_018,2023-06-18,LOC01,COMPOUND,27.604,88.646,85.0,80,18.38,73.89,0.07,0.31,0.78,0.353,28.0,0.0,IN_BANK_FLOW,3.0,0
REC_2023_LOC02_018,2023-06-18,LOC02,COMPOUND,27.399,88.524,95.0,78,18.6,74.22,3.88,11.29,20.35,0.431,45.0,0.0,IN_BANK_FLOW,3.0,0
REC_2023_LOC03_018,2023-06-18,LOC03,LANDSLIDE_ONLY,27.385,88.755,15.0,68,16.54,14.49,4.18,10.43,17.1,0.406,0.0,0.0,NO_RIVER_ZONE,0.0,0
REC_2023_LOC04_018,2023-06-18,LOC04,LANDSLIDE_ONLY,27.545,88.455,25.0,72,17.12,22.51,1.62,7.0,11.23,0.399,0.0,0.0,NO_RIVER_ZONE,0.0,0
REC_2023_LOC05_018,2023-06-18,LOC05,FLOOD_ONLY,27.2345,88.4972,180.0,86,21.03,22.1,1.22,3.62,5.84,0.372,75.0,0.0,IN_BANK_FLOW,3.0,0
REC_2023_LOC06_018,2023-06-18,LOC06,FLOOD_ONLY,27.1739,88.518,210.0,88,21.32,22.07,5.46,12.75,26.5,0.446,103.2,0.0,IN_BANK_FLOW,3.0,0
REC_2023_LOC01_019,2023-06-19,LOC01,COMPOUND,27.604,88.646,85.0,80,18.38,73.89,0.02,0.06,0.11,0.35,28.0,0.0,IN_BANK_FLOW,3.0,0
REC_2023_LOC02_019,2023-06-19,LOC02,COMPOUND,27.399,88.524,95.0,78,18.6,74.22,6.02,14.94,36.82,0.464,45.0,0.0,IN_BANK_FLOW,3.0,0
REC_2023_LOC03_019,2023-06-19,LOC03,LANDSLIDE_ONLY,27.385,88.755,15.0,68,16.54,14.49,0.08,0.19,0.52,0.352,0.0,0.0,NO_RIVER_ZONE,0.0,0
REC_2023_LOC04_019,2023-06-19,LOC04,LANDSLIDE_ONLY,27.545,88.455,25.0,72,17.12,22.51,6.22,31.94,82.76,0.626,0.0,0.0,NO_RIVER_ZONE,0.0,0
REC_2023_LOC05_019,2023-06-19,LOC05,FLOOD_ONLY,27.2345,88.4972,180.0,86,21.03,22.1,2.48,6.36,14.22,0.402,75.0,0.0,IN_BANK_FLOW,3.0,0
REC_2023_LOC06_019,2023-06-19,LOC06,FLOOD_ONLY,27.1739,88.518,210.0,88,21.32,22.07,8.49,37.69,93.5,0.605,237.4,0.0,IN_BANK_FLOW,5.4,0
REC_2023_LOC01_020,2023-06-20,LOC01,COMPOUND,27.604,88.646,85.0,80,18.38,73.89,7.27,30.03,72.98,0.565,42.8,0.0,IN_BANK_FLOW,3.0,0
REC_2023_LOC02_020,2023-06-20,LOC02,COMPOUND,27.399,88.524,95.0,78,18.6,74.22,1.52,6.15,14.91,0.397,45.0,0.0,IN_BANK_FLOW,3.0,0
REC_2023_LOC03_020,2023-06-20,LOC03,LANDSLIDE_ONLY,27.385,88.755,15.0,68,16.54,14.49,2.26,13.23,34.89,0.457,0.0,0.0,NO_RIVER_ZONE,0.0,0
REC_2023_LOC04_020,2023-06-20,LOC04,LANDSLIDE_ONLY,27.545,88.455,25.0,72,17.12,22.51,5.12,18.06,30.2,0.444,0.0,0.0,NO_RIVER_ZONE,0.0,0
REC_2023_LOC05_020,2023-06-20,LOC05,FLOOD_ONLY,27.2345,88.4972,180.0,86,21.03,22.1,3.33,10.11,21.73,0.417,75.7,0.0,IN_BANK_FLOW,3.0,0
REC_2023_LOC06_020,2023-06-20,LOC06,FLOOD_ONLY,27.1739,88.518,210.0,88,21.32,22.07,2.59,11.69,32.57,0.438,100.7,0.0,IN_BANK_FLOW,3.0,0
REC_2023_LOC01_021,2023-06-21,LOC01,COMPOUND,27.604,88.646,85.0,80,18.38,73.89,1.03,2.6,5.31,0.369,28.0,0.0,IN_BANK_FLOW,3.0,0
REC_2023_LOC02_021,2023-06-21,LOC02,COMPOUND,27.399,88.524,95.0,78,18.6,74.22,5.18,13.92,36.24,0.458,45.0,0.0,IN_BANK_FLOW,3.0,0
REC_2023_LOC03_021,2023-06-21,LOC03,LANDSLIDE_ONLY,27.385,88.755,15.0,68,16.54,14.49,1.74,9.95,24.71,0.447,0.0,0.0,NO_RIVER_ZONE,0.0,0
REC_2023_LOC04_021,2023-06-21,LOC04,LANDSLIDE_ONLY,27.545,88.455,25.0,72,17.12,22.51,1.11,3.33,8.22,0.382,0.0,0.0,NO_RIVER_ZONE,0.0,0
REC_2023_LOC05_021,2023-06-21,LOC05,FLOOD_ONLY,27.2345,88.4972,180.0,86,21.03,22.1,2.0,9.66,21.86,0.416,75.4,0.0,IN_BANK_FLOW,3.0,0
REC_2023_LOC06_021,2023-06-21,LOC06,FLOOD_ONLY,27.1739,88.518,210.0,88,21.32,22.07,0.34,0.84,2.31,0.357,95.0,0.0,IN_BANK_FLOW,3.0,0
REC_2023_LOC01_022,2023-06-22,LOC01,COMPOUND,27.604,88.646,85.0,80,18.38,73.89,5.36,20.33,44.21,0.469,31.3,0.0,IN_BANK_FLOW,3.0,0
REC_2023_LOC02_022,2023-06-22,LOC02,COMPOUND,27.399,88.524,95.0,78,18.6,74.22,5.23,18.05,30.75,0.438,45.8,0.0,IN_BANK_FLOW,3.0,0
REC_2023_LOC03_022,2023-06-22,LOC03,LANDSLIDE_ONLY,27.385,88.755,15.0,68,16.54,14.49,0.04,0.09,0.18,0.351,0.0,0.0,NO_RIVER_ZONE,0.0,0
REC_2023_LOC04_022,2023-06-22,LOC04,LANDSLIDE_ONLY,27.545,88.455,25.0,72,17.12,22.51,5.34,17.32,38.41,0.465,0.0,0.0,NO_RIVER_ZONE,0.0,0
REC_2023_LOC05_022,2023-06-22,LOC05,FLOOD_ONLY,27.2345,88.4972,180.0,86,21.03,22.1,1.62,4.68,10.49,0.384,75.0,0.0,IN_BANK_FLOW,3.0,0
REC_2023_LOC06_022,2023-06-22,LOC06,FLOOD_ONLY,27.1739,88.518,210.0,88,21.32,22.07,3.22,14.45,23.51,0.441,108.2,0.0,IN_BANK_FLOW,3.0,0
REC_2023_LOC01_023,2023-06-23,LOC01,COMPOUND,27.604,88.646,85.0,80,18.38,73.89,14.72,35.14,95.02,0.697,51.3,0.0,IN_BANK_FLOW,3.1,0
REC_2023_LOC02_023,2023-06-23,LOC02,COMPOUND,27.399,88.524,95.0,78,18.6,74.22,0.78,3.37,6.34,0.37,45.0,0.0,IN_BANK_FLOW,3.0,0
REC_2023_LOC03_023,2023-06-23,LOC03,LANDSLIDE_ONLY,27.385,88.755,15.0,68,16.54,14.49,9.31,28.99,76.94,0.535,0.0,0.0,NO_RIVER_ZONE,0.0,0
REC_2023_LOC04_023,2023-06-23,LOC04,LANDSLIDE_ONLY,27.545,88.455,25.0,72,17.12,22.51,5.87,15.11,37.8,0.483,0.0,0.0,NO_RIVER_ZONE,0.0,0
REC_2023_LOC05_023,2023-06-23,LOC05,FLOOD_ONLY,27.2345,88.4972,180.0,86,21.03,22.1,0.39,1.64,3.03,0.358,75.0,0.0,IN_BANK_FLOW,3.0,0
REC_2023_LOC06_023,2023-06-23,LOC06,FLOOD_ONLY,27.1739,88.518,210.0,88,21.32,22.07,6.0,17.25,29.97,0.433,118.3,0.0,IN_BANK_FLOW,3.0,0
REC_2023_LOC01_024,2023-06-24,LOC01,COMPOUND,27.604,88.646,85.0,80,18.38,73.89,2.57,5.85,13.53,0.393,28.0,0.0,IN_BANK_FLOW,3.0,0
REC_2023_LOC02_024,2023-06-24,LOC02,COMPOUND,27.399,88.524,95.0,78,18.6,74.22,5.74,16.21,36.69,0.485,45.2,0.0,IN_BANK_FLOW,3.0,0
REC_2023_LOC03_024,2023-06-24,LOC03,LANDSLIDE_ONLY,27.385,88.755,15.0,68,16.54,14.49,6.97,28.74,64.83,0.627,0.0,0.0,NO_RIVER_ZONE,0.0,0
REC_2023_LOC04_024,2023-06-24,LOC04,LANDSLIDE_ONLY,27.545,88.455,25.0,72,17.12,22.51,10.14,25.88,64.11,0.537,0.0,0.0,NO_RIVER_ZONE,0.0,0
REC_2023_LOC05_024,2023-06-24,LOC05,FLOOD_ONLY,27.2345,88.4972,180.0,86,21.03,22.1,5.5,30.13,63.7,0.601,138.8,0.0,IN_BANK_FLOW,4.1,0
REC_2023_LOC06_024,2023-06-24,LOC06,FLOOD_ONLY,27.1739,88.518,210.0,88,21.32,22.07,2.09,11.67,30.36,0.453,100.6,0.0,IN_BANK_FLOW,3.0,0
REC_2023_LOC01_025,2023-06-25,LOC01,COMPOUND,27.604,88.646,85.0,80,18.38,73.89,1.73,4.01,10.31,0.381,28.0,0.0,IN_BANK_FLOW,3.0,0
REC_2023_LOC02_025,2023-06-25,LOC02,COMPOUND,27.399,88.524,95.0,78,18.6,74.22,1.42,3.84,7.3,0.379,45.0,0.0,IN_BANK_FLOW,3.0,0
REC_2023_LOC03_025,2023-06-25,LOC03,LANDSLIDE_ONLY,27.385,88.755,15.0,68,16.54,14.49,0.92,5.02,10.98,0.388,0.0,0.0,NO_RIVER_ZONE,0.0,0
REC_2023_LOC04_025,2023-06-25,LOC04,LANDSLIDE_ONLY,27.545,88.455,25.0,72,17.12,22.51,0.15,0.46,0.77,0.353,0.0,0.0,NO_RIVER_ZONE,0.0,0
REC_2023_LOC05_025,2023-06-25,LOC05,FLOOD_ONLY,27.2345,88.4972,180.0,86,21.03,22.1,13.35,33.88,66.61,0.622,157.6,0.0,IN_BANK_FLOW,4.6,0
REC_2023_LOC06_025,2023-06-25,LOC06,FLOOD_ONLY,27.1739,88.518,210.0,88,21.32,22.07,6.9,37.24,69.95,0.583,234.3,0.0,IN_BANK_FLOW,5.3,0
REC_2023_LOC01_026,2023-06-26,LOC01,COMPOUND,27.604,88.646,85.0,80,18.38,73.89,1.44,4.7,12.33,0.394,28.0,0.0,IN_BANK_FLOW,3.0,0
REC_2023_LOC02_026,2023-06-26,LOC02,COMPOUND,27.399,88.524,95.0,78,18.6,74.22,0.49,1.78,2.91,0.359,45.0,0.0,IN_BANK_FLOW,3.0,0
REC_2023_LOC03_026,2023-06-26,LOC03,LANDSLIDE_ONLY,27.385,88.755,15.0,68,16.54,14.49,3.92,12.45,21.09,0.42,0.0,0.0,NO_RIVER_ZONE,0.0,0
REC_2023_LOC04_026,2023-06-26,LOC04,LANDSLIDE_ONLY,27.545,88.455,25.0,72,17.12,22.51,5.08,18.76,31.61,0.449,0.0,0.0,NO_RIVER_ZONE,0.0,0
REC_2023_LOC05_026,2023-06-26,LOC05,FLOOD_ONLY,27.2345,88.4972,180.0,86,21.03,22.1,1.5,6.99,17.55,0.424,75.0,0.0,IN_BANK_FLOW,3.0,0
REC_2023_LOC06_026,2023-06-26,LOC06,FLOOD_ONLY,27.1739,88.518,210.0,88,21.32,22.07,1.56,4.16,8.35,0.376,95.0,0.0,IN_BANK_FLOW,3.0,0
REC_2023_LOC01_027,2023-06-27,LOC01,COMPOUND,27.604,88.646,85.0,80,18.38,73.89,3.43,8.93,21.16,0.398,28.0,0.0,IN_BANK_FLOW,3.0,0
REC_2023_LOC02_027,2023-06-27,LOC02,COMPOUND,27.399,88.524,95.0,78,18.6,74.22,5.97,24.47,50.43,0.57,50.6,0.0,IN_BANK_FLOW,3.0,0
REC_2023_LOC03_027,2023-06-27,LOC03,LANDSLIDE_ONLY,27.385,88.755,15.0,68,16.54,14.49,0.27,1.74,3.01,0.36,0.0,0.0,NO_RIVER_ZONE,0.0,0
REC_2023_LOC04_027,2023-06-27,LOC04,LANDSLIDE_ONLY,27.545,88.455,25.0,72,17.12,22.51,4.22,13.39,25.45,0.419,0.0,0.0,NO_RIVER_ZONE,0.0,0
REC_2023_LOC05_027,2023-06-27,LOC05,FLOOD_ONLY,27.2345,88.4972,180.0,86,21.03,22.1,18.78,54.55,147.3,0.734,281.2,0.0,IN_BANK_FLOW,8.3,0
REC_2023_LOC06_027,2023-06-27,LOC06,FLOOD_ONLY,27.1739,88.518,210.0,88,21.32,22.07,1.09,4.08,9.69,0.377,95.0,0.0,IN_BANK_FLOW,3.0,0
REC_2023_LOC01_028,2023-06-28,LOC01,COMPOUND,27.604,88.646,85.0,80,18.38,73.89,6.45,22.44,41.28,0.483,33.2,0.0,IN_BANK_FLOW,3.0,0
REC_2023_LOC02_028,2023-06-28,LOC02,COMPOUND,27.399,88.524,95.0,78,18.6,74.22,5.63,29.72,51.91,0.514,57.1,0.0,IN_BANK_FLOW,3.0,0
REC_2023_LOC03_028,2023-06-28,LOC03,LANDSLIDE_ONLY,27.385,88.755,15.0,68,16.54,14.49,1.47,7.99,14.14,0.413,0.0,0.0,NO_RIVER_ZONE,0.0,0
REC_2023_LOC04_028,2023-06-28,LOC04,LANDSLIDE_ONLY,27.545,88.455,25.0,72,17.12,22.51,0.26,0.77,1.89,0.356,0.0,0.0,NO_RIVER_ZONE,0.0,0
REC_2023_LOC05_028,2023-06-28,LOC05,FLOOD_ONLY,27.2345,88.4972,180.0,86,21.03,22.1,0.2,0.94,1.58,0.357,75.0,0.0,IN_BANK_FLOW,3.0,0
REC_2023_LOC06_028,2023-06-28,LOC06,FLOOD_ONLY,27.1739,88.518,210.0,88,21.32,22.07,1.58,4.95,9.45,0.38,95.0,0.0,IN_BANK_FLOW,3.0,0
REC_2023_LOC01_029,2023-06-29,LOC01,COMPOUND,27.604,88.646,85.0,80,18.38,73.89,7.26,22.71,60.91,0.58,33.4,0.0,IN_BANK_FLOW,3.0,0
REC_2023_LOC02_029,2023-06-29,LOC02,COMPOUND,27.399,88.524,95.0,78,18.6,74.22,9.39,38.03,77.53,0.578,71.2,0.0,IN_BANK_FLOW,3.0,0
REC_2023_LOC03_029,2023-06-29,LOC03,LANDSLIDE_ONLY,27.385,88.755,15.0,68,16.54,14.49,0.64,2.27,4.11,0.363,0.0,0.0,NO_RIVER_ZONE,0.0,0
REC_2023_LOC04_029,2023-06-29,LOC04,LANDSLIDE_ONLY,27.545,88.455,25.0,72,17.12,22.51,1.95,4.82,10.36,0.379,0.0,0.0,NO_RIVER_ZONE,0.0,0
REC_2023_LOC05_029,2023-06-29,LOC05,FLOOD_ONLY,27.2345,88.4972,180.0,86,21.03,22.1,2.01,11.61,29.72,0.478,77.1,0.0,IN_BANK_FLOW,3.0,0
REC_2023_LOC06_029,2023-06-29,LOC06,FLOOD_ONLY,27.1739,88.518,210.0,88,21.32,22.07,4.58,14.75,31.73,0.452,109.2,0.0,IN_BANK_FLOW,3.0,0
REC_2023_LOC01_030,2023-06-30,LOC01,COMPOUND,27.604,88.646,85.0,80,18.38,73.89,1.08,5.28,13.2,0.391,28.0,0.0,IN_BANK_FLOW,3.0,0
REC_2023_LOC02_030,2023-06-30,LOC02,COMPOUND,27.399,88.524,95.0,78,18.6,74.22,6.13,38.03,83.68,0.671,71.2,0.0,IN_BANK_FLOW,3.0,0
REC_2023_LOC03_030,2023-06-30,LOC03,LANDSLIDE_ONLY,27.385,88.755,15.0,68,16.54,14.49,6.66,15.96,26.32,0.425,0.0,0.0,NO_RIVER_ZONE,0.0,0
REC_2023_LOC04_030,2023-06-30,LOC04,LANDSLIDE_ONLY,27.545,88.455,25.0,72,17.12,22.51,0.73,3.5,6.15,0.371,0.0,0.0,NO_RIVER_ZONE,0.0,0
REC_2023_LOC05_030,2023-06-30,LOC05,FLOOD_ONLY,27.2345,88.4972,180.0,86,21.03,22.1,14.26,37.85,96.43,0.652,179.1,0.0,IN_BANK_FLOW,5.3,0
REC_2023_LOC06_030,2023-06-30,LOC06,FLOOD_ONLY,27.1739,88.518,210.0,88,21.32,22.07,9.28,24.18,64.51,0.556,151.5,0.0,IN_BANK_FLOW,3.4,0
REC_2023_LOC01_031,2023-07-01,LOC01,COMPOUND,27.604,88.646,85.0,80,18.38,73.89,2.33,8.95,14.74,0.407,28.0,0.0,IN_BANK_FLOW,3.0,0
REC_2023_LOC02_031,2023-07-01,LOC02,COMPOUND,27.399,88.524,95.0,78,18.6,74.22,0.19,0.71,1.28,0.355,45.0,0.0,IN_BANK_FLOW,3.0,0
REC_2023_LOC03_031,2023-07-01,LOC03,LANDSLIDE_ONLY,27.385,88.755,15.0,68,16.54,14.49,3.84,19.94,38.11,0.467,0.0,0.0,NO_RIVER_ZONE,0.0,0
REC_2023_LOC04_031,2023-07-01,LOC04,LANDSLIDE_ONLY,27.545,88.455,25.0,72,17.12,22.51,14.39,33.12,57.59,0.527,0.0,0.0,NO_RIVER_ZONE,0.0,0
REC_2023_LOC05_031,2023-07-01,LOC05,FLOOD_ONLY,27.2345,88.4972,180.0,86,21.03,22.1,9.44,31.96,71.76,0.554,147.8,0.0,IN_BANK_FLOW,4.3,0
REC_2023_LOC06_031,2023-07-01,LOC06,FLOOD_ONLY,27.1739,88.518,210.0,88,21.32,22.07,6.38,24.67,55.6,0.522,154.2,0.0,IN_BANK_FLOW,3.5,0
REC_2023_LOC01_032,2023-07-02,LOC01,COMPOUND,27.604,88.646,85.0,80,18.38,73.89,10.99,27.02,58.38,0.534,38.5,0.0,IN_BANK_FLOW,3.0,0
REC_2023_LOC02_032,2023-07-02,LOC02,COMPOUND,27.399,88.524,95.0,78,18.6,74.22,19.1,45.73,108.49,0.678,87.6,0.0,IN_BANK_FLOW,3.4,0
REC_2023_LOC03_032,2023-07-02,LOC03,LANDSLIDE_ONLY,27.385,88.755,15.0,68,16.54,14.49,5.63,21.01,57.94,0.573,0.0,0.0,NO_RIVER_ZONE,0.0,0
REC_2023_LOC04_032,2023-07-02,LOC04,LANDSLIDE_ONLY,27.545,88.455,25.0,72,17.12,22.51,10.57,28.29,75.99,0.505,0.0,0.0,NO_RIVER_ZONE,0.0,0
REC_2023_LOC05_032,2023-07-02,LOC05,FLOOD_ONLY,27.2345,88.4972,180.0,86,21.03,22.1,17.81,82.22,178.19,0.855,475.2,0.0,IN_BANK_FLOW,14.0,0
REC_2023_LOC06_032,2023-07-02,LOC06,FLOOD_ONLY,27.1739,88.518,210.0,88,21.32,22.07,4.97,11.13,20.58,0.436,99.5,0.0,IN_BANK_FLOW,3.0,0
REC_2023_LOC01_033,2023-07-03,LOC01,COMPOUND,27.604,88.646,85.0,80,18.38,73.89,0.74,2.62,6.74,0.373,28.0,0.0,IN_BANK_FLOW,3.0,0
REC_2023_LOC02_033,2023-07-03,LOC02,COMPOUND,27.399,88.524,95.0,78,18.6,74.22,13.45,46.71,86.52,0.671,89.9,0.0,IN_BANK_FLOW,3.5,0
REC_2023_LOC03_033,2023-07-03,LOC03,LANDSLIDE_ONLY,27.385,88.755,15.0,68,16.54,14.49,4.24,10.78,24.81,0.415,0.0,0.0,NO_RIVER_ZONE,0.0,0
REC_2023_LOC04_033,2023-07-03,LOC04,LANDSLIDE_ONLY,27.545,88.455,25.0,72,17.12,22.51,9.74,22.84,40.7,0.51,0.0,0.0,NO_RIVER_ZONE,0.0,0
REC_2023_LOC05_033,2023-07-03,LOC05,FLOOD_ONLY,27.2345,88.4972,180.0,86,21.03,22.1,8.28,21.96,57.3,0.535,103.7,0.0,IN_BANK_FLOW,3.0,0
REC_2023_LOC06_033,2023-07-03,LOC06,FLOOD_ONLY,27.1739,88.518,210.0,88,21.32,22.07,1.9,10.09,17.61,0.397,97.6,0.0,IN_BANK_FLOW,3.0,0
REC_2023_LOC01_034,2023-07-04,LOC01,COMPOUND,27.604,88.646,85.0,80,18.38,73.89,30.9,74.89,198.54,0.848,150.6,0.0,IN_BANK_FLOW,9.0,0
REC_2023_LOC02_034,2023-07-04,LOC02,COMPOUND,27.399,88.524,95.0,78,18.6,74.22,1.42,6.38,17.79,0.42,45.0,0.0,IN_BANK_FLOW,3.0,0
REC_2023_LOC03_034,2023-07-04,LOC03,LANDSLIDE_ONLY,27.385,88.755,15.0,68,16.54,14.49,10.08,23.23,45.01,0.52,0.0,0.0,NO_RIVER_ZONE,0.0,0
REC_2023_LOC04_034,2023-07-04,LOC04,LANDSLIDE_ONLY,27.545,88.455,25.0,72,17.12,22.51,26.06,87.41,180.83,0.98,0.0,0.0,NO_RIVER_ZONE,0.0,0
REC_2023_LOC05_034,2023-07-04,LOC05,FLOOD_ONLY,27.2345,88.4972,180.0,86,21.03,22.1,2.72,17.5,44.35,0.481,89.2,0.0,IN_BANK_FLOW,3.0,0
REC_2023_LOC06_034,2023-07-04,LOC06,FLOOD_ONLY,27.1739,88.518,210.0,88,21.32,22.07,4.15,9.24,23.94,0.454,96.4,0.0,IN_BANK_FLOW,3.0,0
REC_2023_LOC01_035,2023-07-05,LOC01,COMPOUND,27.604,88.646,85.0,80,18.38,73.89,14.05,39.71,74.79,0.596,60.1,0.0,IN_BANK_FLOW,3.6,0
REC_2023_LOC02_035,2023-07-05,LOC02,COMPOUND,27.399,88.524,95.0,78,18.6,74.22,4.53,10.73,22.85,0.448,45.0,0.0,IN_BANK_FLOW,3.0,0
REC_2023_LOC03_035,2023-07-05,LOC03,LANDSLIDE_ONLY,27.385,88.755,15.0,68,16.54,14.49,4.33,12.65,34.58,0.442,0.0,0.0,NO_RIVER_ZONE,0.0,0
REC_2023_LOC04_035,2023-07-05,LOC04,LANDSLIDE_ONLY,27.545,88.455,25.0,72,17.12,22.51,21.97,74.83,129.07,0.883,0.0,0.0,NO_RIVER_ZONE,0.0,0
REC_2023_LOC05_035,2023-07-05,LOC05,FLOOD_ONLY,27.2345,88.4972,180.0,86,21.03,22.1,26.46,83.39,190.04,0.947,483.8,0.0,IN_BANK_FLOW,14.2,0
REC_2023_LOC06_035,2023-07-05,LOC06,FLOOD_ONLY,27.1739,88.518,210.0,88,21.32,22.07,1.37,6.53,14.7,0.402,95.0,0.0,IN_BANK_FLOW,3.0,0
REC_2023_LOC01_036,2023-07-06,LOC01,COMPOUND,27.604,88.646,85.0,80,18.38,73.89,6.47,14.49,30.83,0.436,28.2,0.0,IN_BANK_FLOW,3.0,0
REC_2023_LOC02_036,2023-07-06,LOC02,COMPOUND,27.399,88.524,95.0,78,18.6,74.22,28.73,63.96,123.99,0.772,135.5,0.0,IN_BANK_FLOW,5.2,0
REC_2023_LOC03_036,2023-07-06,LOC03,LANDSLIDE_ONLY,27.385,88.755,15.0,68,16.54,14.49,18.37,43.43,92.92,0.592,0.0,0.0,NO_RIVER_ZONE,0.0,0
REC_2023_LOC04_036,2023-07-06,LOC04,LANDSLIDE_ONLY,27.545,88.455,25.0,72,17.12,22.51,18.91,53.82,127.81,0.687,0.0,0.0,NO_RIVER_ZONE,0.0,0
REC_2023_LOC05_036,2023-07-06,LOC05,FLOOD_ONLY,27.2345,88.4972,180.0,86,21.03,22.1,35.74,114.83,281.58,0.98,722.8,0.2,BANKFULL_WARNING,52.0,0
REC_2023_LOC06_036,2023-07-06,LOC06,FLOOD_ONLY,27.1739,88.518,210.0,88,21.32,22.07,2.55,5.75,16.07,0.401,95.0,0.0,IN_BANK_FLOW,3.0,0
REC_2023_LOC01_037,2023-07-07,LOC01,COMPOUND,27.604,88.646,85.0,80,18.38,73.89,13.88,76.93,169.04,0.852,156.7,0.0,IN_BANK_FLOW,9.3,0
REC_2023_LOC02_037,2023-07-07,LOC02,COMPOUND,27.399,88.524,95.0,78,18.6,74.22,12.55,28.25,72.47,0.593,55.1,0.0,IN_BANK_FLOW,3.0,0
REC_2023_LOC03_037,2023-07-07,LOC03,LANDSLIDE_ONLY,27.385,88.755,15.0,68,16.54,14.49,0.46,1.05,1.86,0.356,0.0,0.0,NO_RIVER_ZONE,0.0,0
REC_2023_LOC04_037,2023-07-07,LOC04,LANDSLIDE_ONLY,27.545,88.455,25.0,72,17.12,22.51,0.32,0.87,1.68,0.356,0.0,0.0,NO_RIVER_ZONE,0.0,0
REC_2023_LOC05_037,2023-07-07,LOC05,FLOOD_ONLY,27.2345,88.4972,180.0,86,21.03,22.1,5.16,15.57,30.57,0.445,84.2,0.0,IN_BANK_FLOW,3.0,0
REC_2023_LOC06_037,2023-07-07,LOC06,FLOOD_ONLY,27.1739,88.518,210.0,88,21.32,22.07,4.3,26.27,52.71,0.493,163.2,0.0,IN_BANK_FLOW,3.7,0
REC_2023_LOC01_038,2023-07-08,LOC01,COMPOUND,27.604,88.646,85.0,80,18.38,73.89,0.17,0.46,0.98,0.354,28.0,0.0,IN_BANK_FLOW,3.0,0
REC_2023_LOC02_038,2023-07-08,LOC02,COMPOUND,27.399,88.524,95.0,78,18.6,74.22,14.91,34.14,78.39,0.602,64.1,0.0,IN_BANK_FLOW,3.0,0
REC_2023_LOC03_038,2023-07-08,LOC03,LANDSLIDE_ONLY,27.385,88.755,15.0,68,16.54,14.49,19.94,58.87,149.99,0.72,0.0,0.0,NO_RIVER_ZONE,0.0,0
REC_2023_LOC04_038,2023-07-08,LOC04,LANDSLIDE_ONLY,27.545,88.455,25.0,72,17.12,22.51,5.36,22.58,57.58,0.55,0.0,0.0,NO_RIVER_ZONE,0.0,0
REC_2023_LOC05_038,2023-07-08,LOC05,FLOOD_ONLY,27.2345,88.4972,180.0,86,21.03,22.1,37.2,110.47,181.49,0.859,688.9,0.2,BANKFULL_WARNING,51.2,0
REC_2023_LOC06_038,2023-07-08,LOC06,FLOOD_ONLY,27.1739,88.518,210.0,88,21.32,22.07,1.66,6.7,12.62,0.399,95.0,0.0,IN_BANK_FLOW,3.0,0
REC_2023_LOC01_039,2023-07-09,LOC01,COMPOUND,27.604,88.646,85.0,80,18.38,73.89,2.75,10.92,25.79,0.428,28.0,0.0,IN_BANK_FLOW,3.0,0
REC_2023_LOC02_039,2023-07-09,LOC02,COMPOUND,27.399,88.524,95.0,78,18.6,74.22,4.07,12.02,32.42,0.426,45.0,0.0,IN_BANK_FLOW,3.0,0
REC_2023_LOC03_039,2023-07-09,LOC03,LANDSLIDE_ONLY,27.385,88.755,15.0,68,16.54,14.49,4.64,12.58,23.79,0.447,0.0,0.0,NO_RIVER_ZONE,0.0,0
REC_2023_LOC04_039,2023-07-09,LOC04,LANDSLIDE_ONLY,27.545,88.455,25.0,72,17.12,22.51,1.25,5.99,9.63,0.393,0.0,0.0,NO_RIVER_ZONE,0.0,0
REC_2023_LOC05_039,2023-07-09,LOC05,FLOOD_ONLY,27.2345,88.4972,180.0,86,21.03,22.1,13.17,30.74,73.05,0.605,141.8,0.0,IN_BANK_FLOW,4.2,0
REC_2023_LOC06_039,2023-07-09,LOC06,FLOOD_ONLY,27.1739,88.518,210.0,88,21.32,22.07,0.01,0.03,0.08,0.35,95.0,0.0,IN_BANK_FLOW,3.0,0
REC_2023_LOC01_040,2023-07-10,LOC01,COMPOUND,27.604,88.646,85.0,80,18.38,73.89,0.7,1.87,3.01,0.362,28.0,0.0,IN_BANK_FLOW,3.0,0
REC_2023_LOC02_040,2023-07-10,LOC02,COMPOUND,27.399,88.524,95.0,78,18.6,74.22,10.73,41.54,79.45,0.636,78.4,0.0,IN_BANK_FLOW,3.0,0
REC_2023_LOC03_040,2023-07-10,LOC03,LANDSLIDE_ONLY,27.385,88.755,15.0,68,16.54,14.49,5.39,23.81,50.44,0.497,0.0,0.0,NO_RIVER_ZONE,0.0,0
REC_2023_LOC04_040,2023-07-10,LOC04,LANDSLIDE_ONLY,27.545,88.455,25.0,72,17.12,22.51,2.15,12.21,22.49,0.418,0.0,0.0,NO_RIVER_ZONE,0.0,0
REC_2023_LOC05_040,2023-07-10,LOC05,FLOOD_ONLY,27.2345,88.4972,180.0,86,21.03,22.1,0.56,1.7,3.79,0.365,75.0,0.0,IN_BANK_FLOW,3.0,0
REC_2023_LOC06_040,2023-07-10,LOC06,FLOOD_ONLY,27.1739,88.518,210.0,88,21.32,22.07,1.47,9.48,18.03,0.41,96.7,0.0,IN_BANK_FLOW,3.0,0
REC_2023_LOC01_041,2023-07-11,LOC01,COMPOUND,27.604,88.646,85.0,80,18.38,73.89,6.09,13.77,22.78,0.445,28.1,0.0,IN_BANK_FLOW,3.0,0
REC_2023_LOC02_041,2023-07-11,LOC02,COMPOUND,27.399,88.524,95.0,78,18.6,74.22,5.61,13.55,36.25,0.44,45.0,0.0,IN_BANK_FLOW,3.0,0
REC_2023_LOC03_041,2023-07-11,LOC03,LANDSLIDE_ONLY,27.385,88.755,15.0,68,16.54,14.49,3.01,8.72,21.36,0.427,0.0,0.0,NO_RIVER_ZONE,0.0,0
REC_2023_LOC04_041,2023-07-11,LOC04,LANDSLIDE_ONLY,27.545,88.455,25.0,72,17.12,22.51,7.8,21.17,42.64,0.486,0.0,0.0,NO_RIVER_ZONE,0.0,0
REC_2023_LOC05_041,2023-07-11,LOC05,FLOOD_ONLY,27.2345,88.4972,180.0,86,21.03,22.1,5.86,16.51,31.75,0.459,86.6,0.0,IN_BANK_FLOW,3.0,0
REC_2023_LOC06_041,2023-07-11,LOC06,FLOOD_ONLY,27.1739,88.518,210.0,88,21.32,22.07,8.37,36.73,72.02,0.628,230.7,0.0,IN_BANK_FLOW,5.2,0
REC_2023_LOC01_042,2023-07-12,LOC01,COMPOUND,27.604,88.646,85.0,80,18.38,73.89,2.55,11.25,20.12,0.411,28.0,0.0,IN_BANK_FLOW,3.0,0
REC_2023_LOC02_042,2023-07-12,LOC02,COMPOUND,27.399,88.524,95.0,78,18.6,74.22,0.6,3.85,9.79,0.382,45.0,0.0,IN_BANK_FLOW,3.0,0
REC_2023_LOC03_042,2023-07-12,LOC03,LANDSLIDE_ONLY,27.385,88.755,15.0,68,16.54,14.49,2.23,6.32,10.44,0.385,0.0,0.0,NO_RIVER_ZONE,0.0,0
REC_2023_LOC04_042,2023-07-12,LOC04,LANDSLIDE_ONLY,27.545,88.455,25.0,72,17.12,22.51,0.47,1.59,2.87,0.359,0.0,0.0,NO_RIVER_ZONE,0.0,0
REC_2023_LOC05_042,2023-07-12,LOC05,FLOOD_ONLY,27.2345,88.4972,180.0,86,21.03,22.1,1.98,7.51,19.37,0.395,75.0,0.0,IN_BANK_FLOW,3.0,0
REC_2023_LOC06_042,2023-07-12,LOC06,FLOOD_ONLY,27.1739,88.518,210.0,88,21.32,22.07,4.04,10.44,17.2,0.407,98.2,0.0,IN_BANK_FLOW,3.0,0
REC_2023_LOC01_043,2023-07-13,LOC01,COMPOUND,27.604,88.646,85.0,80,18.38,73.89,23.36,97.07,158.91,0.834,219.8,0.0,IN_BANK_FLOW,13.1,0
REC_2023_LOC02_043,2023-07-13,LOC02,COMPOUND,27.399,88.524,95.0,78,18.6,74.22,3.19,12.7,22.19,0.433,45.0,0.0,IN_BANK_FLOW,3.0,0
REC_2023_LOC03_043,2023-07-13,LOC03,LANDSLIDE_ONLY,27.385,88.755,15.0,68,16.54,14.49,5.9,21.21,40.02,0.486,0.0,0.0,NO_RIVER_ZONE,0.0,0
REC_2023_LOC04_043,2023-07-13,LOC04,LANDSLIDE_ONLY,27.545,88.455,25.0,72,17.12,22.51,1.15,2.77,5.9,0.37,0.0,0.0,NO_RIVER_ZONE,0.0,0
REC_2023_LOC05_043,2023-07-13,LOC05,FLOOD_ONLY,27.2345,88.4972,180.0,86,21.03,22.1,6.27,14.68,36.17,0.437,82.3,0.0,IN_BANK_FLOW,3.0,0
REC_2023_LOC06_043,2023-07-13,LOC06,FLOOD_ONLY,27.1739,88.518,210.0,88,21.32,22.07,6.15,18.11,38.52,0.462,121.9,0.0,IN_BANK_FLOW,3.0,0
REC_2023_LOC01_044,2023-07-14,LOC01,COMPOUND,27.604,88.646,85.0,80,18.38,73.89,1.69,8.52,17.82,0.416,28.0,0.0,IN_BANK_FLOW,3.0,0
REC_2023_LOC02_044,2023-07-14,LOC02,COMPOUND,27.399,88.524,95.0,78,18.6,74.22,5.94,37.65,80.6,0.646,70.5,0.0,IN_BANK_FLOW,3.0,0
REC_2023_LOC03_044,2023-07-14,LOC03,LANDSLIDE_ONLY,27.385,88.755,15.0,68,16.54,14.49,17.94,107.81,236.02,0.925,0.0,0.0,NO_RIVER_ZONE,0.0,0
REC_2023_LOC04_044,2023-07-14,LOC04,LANDSLIDE_ONLY,27.545,88.455,25.0,72,17.12,22.51,32.24,74.27,148.79,0.881,0.0,0.0,NO_RIVER_ZONE,0.0,0
REC_2023_LOC05_044,2023-07-14,LOC05,FLOOD_ONLY,27.2345,88.4972,180.0,86,21.03,22.1,0.0,0.01,0.02,0.35,75.0,0.0,IN_BANK_FLOW,3.0,0
REC_2023_LOC06_044,2023-07-14,LOC06,FLOOD_ONLY,27.1739,88.518,210.0,88,21.32,22.07,30.39,126.81,252.29,0.98,1010.6,0.2,BANKFULL_WARNING,53.4,0
REC_2023_LOC01_045,2023-07-15,LOC01,COMPOUND,27.604,88.646,85.0,80,18.38,73.89,0.33,1.11,2.71,0.359,28.0,0.0,IN_BANK_FLOW,3.0,0
REC_2023_LOC02_045,2023-07-15,LOC02,COMPOUND,27.399,88.524,95.0,78,18.6,74.22,8.41,42.3,81.43,0.572,80.0,0.0,IN_BANK_FLOW,3.1,0
REC_2023_LOC03_045,2023-07-15,LOC03,LANDSLIDE_ONLY,27.385,88.755,15.0,68,16.54,14.49,6.67,23.72,56.51,0.484,0.0,0.0,NO_RIVER_ZONE,0.0,0
REC_2023_LOC04_045,2023-07-15,LOC04,LANDSLIDE_ONLY,27.545,88.455,25.0,72,17.12,22.51,9.03,33.33,82.23,0.689,0.0,0.0,NO_RIVER_ZONE,0.0,0
REC_2023_LOC05_045,2023-07-15,LOC05,FLOOD_ONLY,27.2345,88.4972,180.0,86,21.03,22.1,9.27,20.62,37.97,0.473,99.0,0.0,IN_BANK_FLOW,3.0,0
REC_2023_LOC06_045,2023-07-15,LOC06,FLOOD_ONLY,27.1739,88.518,210.0,88,21.32,22.07,1.11,4.5,7.47,0.381,95.0,0.0,IN_BANK_FLOW,3.0,0
REC_2023_LOC01_046,2023-07-16,LOC01,COMPOUND,27.604,88.646,85.0,80,18.38,73.89,4.77,14.79,32.39,0.469,28.3,0.0,IN_BANK_FLOW,3.0,0
REC_2023_LOC02_046,2023-07-16,LOC02,COMPOUND,27.399,88.524,95.0,78,18.6,74.22,6.19,20.87,35.8,0.472,47.4,0.0,IN_BANK_FLOW,3.0,0
REC_2023_LOC03_046,2023-07-16,LOC03,LANDSLIDE_ONLY,27.385,88.755,15.0,68,16.54,14.49,5.55,23.42,61.23,0.543,0.0,0.0,NO_RIVER_ZONE,0.0,0
REC_2023_LOC04_046,2023-07-16,LOC04,LANDSLIDE_ONLY,27.545,88.455,25.0,72,17.12,22.51,1.41,8.83,14.35,0.408,0.0,0.0,NO_RIVER_ZONE,0.0,0
REC_2023_LOC05_046,2023-07-16,LOC05,FLOOD_ONLY,27.2345,88.4972,180.0,86,21.03,22.1,2.83,18.66,34.68,0.46,92.6,0.0,IN_BANK_FLOW,3.0,0
REC_2023_LOC06_046,2023-07-16,LOC06,FLOOD_ONLY,27.1739,88.518,210.0,88,21.32,22.07,1.15,5.84,13.74,0.406,95.0,0.0,IN_BANK_FLOW,3.0,0
REC_2023_LOC01_047,2023-07-17,LOC01,COMPOUND,27.604,88.646,85.0,80,18.38,73.89,59.33,158.36,370.13,0.98,432.2,0.08,OVERBANK_FLOODING,56.0,1
REC_2023_LOC02_047,2023-07-17,LOC02,COMPOUND,27.399,88.524,95.0,78,18.6,74.22,4.83,11.26,26.48,0.435,45.0,0.0,IN_BANK_FLOW,3.0,0
REC_2023_LOC03_047,2023-07-17,LOC03,LANDSLIDE_ONLY,27.385,88.755,15.0,68,16.54,14.49,2.55,7.9,17.8,0.414,0.0,0.0,NO_RIVER_ZONE,0.0,0
REC_2023_LOC04_047,2023-07-17,LOC04,LANDSLIDE_ONLY,27.545,88.455,25.0,72,17.12,22.51,1.66,4.32,10.35,0.385,0.0,0.0,NO_RIVER_ZONE,0.0,0
REC_2023_LOC05_047,2023-07-17,LOC05,FLOOD_ONLY,27.2345,88.4972,180.0,86,21.03,22.1,7.12,42.73,75.99,0.647,207.2,0.0,IN_BANK_FLOW,6.1,0
REC_2023_LOC06_047,2023-07-17,LOC06,FLOOD_ONLY,27.1739,88.518,210.0,88,21.32,22.07,7.53,30.29,66.39,0.65,187.6,0.0,IN_BANK_FLOW,4.3,0
REC_2023_LOC01_048,2023-07-18,LOC01,COMPOUND,27.604,88.646,85.0,80,18.38,73.89,2.23,7.91,15.64,0.403,28.0,0.0,IN_BANK_FLOW,3.0,0
REC_2023_LOC02_048,2023-07-18,LOC02,COMPOUND,27.399,88.524,95.0,78,18.6,74.22,6.02,37.73,62.53,0.595,70.7,0.0,IN_BANK_FLOW,3.0,0
REC_2023_LOC03_048,2023-07-18,LOC03,LANDSLIDE_ONLY,27.385,88.755,15.0,68,16.54,14.49,2.25,6.6,17.36,0.413,0.0,0.0,NO_RIVER_ZONE,0.0,0
REC_2023_LOC04_048,2023-07-18,LOC04,LANDSLIDE_ONLY,27.545,88.455,25.0,72,17.12,22.51,5.27,17.28,46.42,0.542,0.0,0.0,NO_RIVER_ZONE,0.0,0
REC_2023_LOC05_048,2023-07-18,LOC05,FLOOD_ONLY,27.2345,88.4972,180.0,86,21.03,22.1,7.59,41.4,105.72,0.689,199.3,0.0,IN_BANK_FLOW,5.9,0
REC_2023_LOC06_048,2023-07-18,LOC06,FLOOD_ONLY,27.1739,88.518,210.0,88,21.32,22.07,8.73,25.66,54.21,0.556,159.7,0.0,IN_BANK_FLOW,3.6,0
REC_2023_LOC01_049,2023-07-19,LOC01,COMPOUND,27.604,88.646,85.0,80,18.38,73.89,7.82,36.45,81.39,0.62,53.8,0.0,IN_BANK_FLOW,3.2,0
REC_2023_LOC02_049,2023-07-19,LOC02,COMPOUND,27.399,88.524,95.0,78,18.6,74.22,17.37,50.39,124.49,0.735,98.8,0.0,IN_BANK_FLOW,3.8,0
REC_2023_LOC03_049,2023-07-19,LOC03,LANDSLIDE_ONLY,27.385,88.755,15.0,68,16.54,14.49,2.95,12.07,24.94,0.417,0.0,0.0,NO_RIVER_ZONE,0.0,0
REC_2023_LOC04_049,2023-07-19,LOC04,LANDSLIDE_ONLY,27.545,88.455,25.0,72,17.12,22.51,5.15,19.89,46.46,0.556,0.0,0.0,NO_RIVER_ZONE,0.0,0
REC_2023_LOC05_049,2023-07-19,LOC05,FLOOD_ONLY,27.2345,88.4972,180.0,86,21.03,22.1,28.21,77.98,156.21,0.747,444.2,0.0,IN_BANK_FLOW,13.1,0
REC_2023_LOC06_049,2023-07-19,LOC06,FLOOD_ONLY,27.1739,88.518,210.0,88,21.32,22.07,15.28,39.44,104.88,0.725,250.0,0.0,IN_BANK_FLOW,5.7,0
REC_2023_LOC01_050,2023-07-20,LOC01,COMPOUND,27.604,88.646,85.0,80,18.38,73.89,9.13,25.65,68.92,0.565,36.7,0.0,IN_BANK_FLOW,3.0,0
REC_2023_LOC02_050,2023-07-20,LOC02,COMPOUND,27.399,88.524,95.0,78,18.6,74.22,8.07,38.1,85.07,0.561,71.4,0.0,IN_BANK_FLOW,3.0,0
REC_2023_LOC03_050,2023-07-20,LOC03,LANDSLIDE_ONLY,27.385,88.755,15.0,68,16.54,14.49,3.16,19.83,34.27,0.476,0.0,0.0,NO_RIVER_ZONE,0.0,0
REC_2023_LOC04_050,2023-07-20,LOC04,LANDSLIDE_ONLY,27.545,88.455,25.0,72,17.12,22.51,14.98,40.84,71.77,0.625,0.0,0.0,NO_RIVER_ZONE,0.0,0
REC_2023_LOC05_050,2023-07-20,LOC05,FLOOD_ONLY,27.2345,88.4972,180.0,86,21.03,22.1,7.95,22.48,57.72,0.529,105.7,0.0,IN_BANK_FLOW,3.1,0
REC_2023_LOC06_050,2023-07-20,LOC06,FLOOD_ONLY,27.1739,88.518,210.0,88,21.32,22.07,12.3,27.44,66.54,0.554,170.1,0.0,IN_BANK_FLOW,3.9,0
REC_2023_LOC01_051,2023-07-21,LOC01,COMPOUND,27.604,88.646,85.0,80,18.38,73.89,1.96,7.01,14.4,0.407,28.0,0.0,IN_BANK_FLOW,3.0,0
REC_2023_LOC02_051,2023-07-21,LOC02,COMPOUND,27.399,88.524,95.0,78,18.6,74.22,8.64,24.62,66.02,0.548,50.8,0.0,IN_BANK_FLOW,3.0,0
REC_2023_LOC03_051,2023-07-21,LOC03,LANDSLIDE_ONLY,27.385,88.755,15.0,68,16.54,14.49,0.6,2.15,4.03,0.363,0.0,0.0,NO_RIVER_ZONE,0.0,0
REC_2023_LOC04_051,2023-07-21,LOC04,LANDSLIDE_ONLY,27.545,88.455,25.0,72,17.12,22.51,6.25,20.03,42.32,0.517,0.0,0.0,NO_RIVER_ZONE,0.0,0
REC_2023_LOC05_051,2023-07-21,LOC05,FLOOD_ONLY,27.2345,88.4972,180.0,86,21.03,22.1,6.5,21.17,34.07,0.495,100.9,0.0,IN_BANK_FLOW,3.0,0
REC_2023_LOC06_051,2023-07-21,LOC06,FLOOD_ONLY,27.1739,88.518,210.0,88,21.32,22.07,25.08,61.36,119.2,0.701,422.5,0.0,IN_BANK_FLOW,9.6,0
REC_2023_LOC01_052,2023-07-22,LOC01,COMPOUND,27.604,88.646,85.0,80,18.38,73.89,8.24,51.05,140.05,0.91,85.5,0.0,IN_BANK_FLOW,5.1,0
REC_2023_LOC02_052,2023-07-22,LOC02,COMPOUND,27.399,88.524,95.0,78,18.6,74.22,3.94,9.02,23.34,0.416,45.0,0.0,IN_BANK_FLOW,3.0,0
REC_2023_LOC03_052,2023-07-22,LOC03,LANDSLIDE_ONLY,27.385,88.755,15.0,68,16.54,14.49,5.3,12.4,22.32,0.409,0.0,0.0,NO_RIVER_ZONE,0.0,0
REC_2023_LOC04_052,2023-07-22,LOC04,LANDSLIDE_ONLY,27.545,88.455,25.0,72,17.12,22.51,1.69,8.47,13.96,0.393,0.0,0.0,NO_RIVER_ZONE,0.0,0
REC_2023_LOC05_052,2023-07-22,LOC05,FLOOD_ONLY,27.2345,88.4972,180.0,86,21.03,22.1,14.22,46.68,115.54,0.642,231.1,0.0,IN_BANK_FLOW,6.8,0
REC_2023_LOC06_052,2023-07-22,LOC06,FLOOD_ONLY,27.1739,88.518,210.0,88,21.32,22.07,19.76,45.75,77.53,0.656,297.0,0.0,IN_BANK_FLOW,6.8,0
REC_2023_LOC01_053,2023-07-23,LOC01,COMPOUND,27.604,88.646,85.0,80,18.38,73.89,24.98,85.72,153.89,0.905,183.6,0.0,IN_BANK_FLOW,10.9,0
REC_2023_LOC02_053,2023-07-23,LOC02,COMPOUND,27.399,88.524,95.0,78,18.6,74.22,12.11,32.55,77.93,0.654,61.5,0.0,IN_BANK_FLOW,3.0,0
REC_2023_LOC03_053,2023-07-23,LOC03,LANDSLIDE_ONLY,27.385,88.755,15.0,68,16.54,14.49,8.91,30.51,59.61,0.591,0.0,0.0,NO_RIVER_ZONE,0.0,0
REC_2023_LOC04_053,2023-07-23,LOC04,LANDSLIDE_ONLY,27.545,88.455,25.0,72,17.12,22.51,9.42,52.4,125.1,0.766,0.0,0.0,NO_RIVER_ZONE,0.0,0
REC_2023_LOC05_053,2023-07-23,LOC05,FLOOD_ONLY,27.2345,88.4972,180.0,86,21.03,22.1,21.76,49.44,83.28,0.646,248.3,0.0,IN_BANK_FLOW,7.3,0
REC_2023_LOC06_053,2023-07-23,LOC06,FLOOD_ONLY,27.1739,88.518,210.0,88,21.32,22.07,5.99,17.2,42.04,0.484,118.1,0.0,IN_BANK_FLOW,3.0,0
REC_2023_LOC01_054,2023-07-24,LOC01,COMPOUND,27.604,88.646,85.0,80,18.38,73.89,20.59,50.25,106.84,0.752,83.6,0.0,IN_BANK_FLOW,5.0,0
REC_2023_LOC02_054,2023-07-24,LOC02,COMPOUND,27.399,88.524,95.0,78,18.6,74.22,11.89,35.72,62.12,0.59,66.9,0.0,IN_BANK_FLOW,3.0,0
REC_2023_LOC03_054,2023-07-24,LOC03,LANDSLIDE_ONLY,27.385,88.755,15.0,68,16.54,14.49,10.2,27.54,53.5,0.517,0.0,0.0,NO_RIVER_ZONE,0.0,0
REC_2023_LOC04_054,2023-07-24,LOC04,LANDSLIDE_ONLY,27.545,88.455,25.0,72,17.12,22.51,12.67,36.35,72.33,0.589,0.0,0.0,NO_RIVER_ZONE,0.0,0
REC_2023_LOC05_054,2023-07-24,LOC05,FLOOD_ONLY,27.2345,88.4972,180.0,86,21.03,22.1,5.92,14.8,25.55,0.444,82.5,0.0,IN_BANK_FLOW,3.0,0
REC_2023_LOC06_054,2023-07-24,LOC06,FLOOD_ONLY,27.1739,88.518,210.0,88,21.32,22.07,1.99,5.43,9.24,0.384,95.0,0.0,IN_BANK_FLOW,3.0,0
REC_2023_LOC01_055,2023-07-25,LOC01,COMPOUND,27.604,88.646,85.0,80,18.38,73.89,3.38,19.05,35.14,0.453,30.3,0.0,IN_BANK_FLOW,3.0,0
REC_2023_LOC02_055,2023-07-25,LOC02,COMPOUND,27.399,88.524,95.0,78,18.6,74.22,22.15,60.53,102.47,0.701,125.7,0.0,IN_BANK_FLOW,4.8,0
REC_2023_LOC03_055,2023-07-25,LOC03,LANDSLIDE_ONLY,27.385,88.755,15.0,68,16.54,14.49,7.74,17.69,44.17,0.498,0.0,0.0,NO_RIVER_ZONE,0.0,0
REC_2023_LOC04_055,2023-07-25,LOC04,LANDSLIDE_ONLY,27.545,88.455,25.0,72,17.12,22.51,2.79,8.69,16.37,0.397,0.0,0.0,NO_RIVER_ZONE,0.0,0
REC_2023_LOC05_055,2023-07-25,LOC05,FLOOD_ONLY,27.2345,88.4972,180.0,86,21.03,22.1,4.7,13.71,23.63,0.446,80.3,0.0,IN_BANK_FLOW,3.0,0
REC_2023_LOC06_055,2023-07-25,LOC06,FLOOD_ONLY,27.1739,88.518,210.0,88,21.32,22.07,7.39,16.87,28.81,0.477,116.8,0.0,IN_BANK_FLOW,3.0,0
REC_2023_LOC01_056,2023-07-26,LOC01,COMPOUND,27.604,88.646,85.0,80,18.38,73.89,1.46,9.1,23.64,0.439,28.0,0.0,IN_BANK_FLOW,3.0,0
REC_2023_LOC02_056,2023-07-26,LOC02,COMPOUND,27.399,88.524,95.0,78,18.6,74.22,11.53,31.33,84.44,0.681,59.5,0.0,IN_BANK_FLOW,3.0,0
REC_2023_LOC03_056,2023-07-26,LOC03,LANDSLIDE_ONLY,27.385,88.755,15.0,68,16.54,14.49,5.25,12.47,29.69,0.426,0.0,0.0,NO_RIVER_ZONE,0.0,0
REC_2023_LOC04_056,2023-07-26,LOC04,LANDSLIDE_ONLY,27.545,88.455,25.0,72,17.12,22.51,1.56,7.22,16.12,0.403,0.0,0.0,NO_RIVER_ZONE,0.0,0
REC_2023_LOC05_056,2023-07-26,LOC05,FLOOD_ONLY,27.2345,88.4972,180.0,86,21.03,22.1,0.88,3.57,7.47,0.381,75.0,0.0,IN_BANK_FLOW,3.0,0
REC_2023_LOC06_056,2023-07-26,LOC06,FLOOD_ONLY,27.1739,88.518,210.0,88,21.32,22.07,43.36,99.54,226.54,0.98,758.5,0.0,IN_BANK_FLOW,17.2,0
REC_2023_LOC01_057,2023-07-27,LOC01,COMPOUND,27.604,88.646,85.0,80,18.38,73.89,14.88,42.39,105.11,0.638,65.7,0.0,IN_BANK_FLOW,3.9,0
REC_2023_LOC02_057,2023-07-27,LOC02,COMPOUND,27.399,88.524,95.0,78,18.6,74.22,6.12,13.63,31.8,0.455,45.0,0.0,IN_BANK_FLOW,3.0,0
REC_2023_LOC03_057,2023-07-27,LOC03,LANDSLIDE_ONLY,27.385,88.755,15.0,68,16.54,14.49,6.38,26.75,60.41,0.565,0.0,0.0,NO_RIVER_ZONE,0.0,0
REC_2023_LOC04_057,2023-07-27,LOC04,LANDSLIDE_ONLY,27.545,88.455,25.0,72,17.12,22.51,31.99,80.02,154.04,0.805,0.0,0.0,NO_RIVER_ZONE,0.0,0
REC_2023_LOC05_057,2023-07-27,LOC05,FLOOD_ONLY,27.2345,88.4972,180.0,86,21.03,22.1,12.84,32.13,89.01,0.638,148.7,0.0,IN_BANK_FLOW,4.4,0
REC_2023_LOC06_057,2023-07-27,LOC06,FLOOD_ONLY,27.1739,88.518,210.0,88,21.32,22.07,5.28,11.79,18.88,0.404,100.9,0.0,IN_BANK_FLOW,3.0,0
REC_2023_LOC01_058,2023-07-28,LOC01,COMPOUND,27.604,88.646,85.0,80,18.38,73.89,0.98,3.6,6.21,0.368,28.0,0.0,IN_BANK_FLOW,3.0,0
REC_2023_LOC02_058,2023-07-28,LOC02,COMPOUND,27.399,88.524,95.0,78,18.6,74.22,7.94,28.83,59.33,0.523,55.9,0.0,IN_BANK_FLOW,3.0,0
REC_2023_LOC03_058,2023-07-28,LOC03,LANDSLIDE_ONLY,27.385,88.755,15.0,68,16.54,14.49,12.08,30.22,75.58,0.572,0.0,0.0,NO_RIVER_ZONE,0.0,0
REC_2023_LOC04_058,2023-07-28,LOC04,LANDSLIDE_ONLY,27.545,88.455,25.0,72,17.12,22.51,2.04,10.77,28.37,0.437,0.0,0.0,NO_RIVER_ZONE,0.0,0
REC_2023_LOC05_058,2023-07-28,LOC05,FLOOD_ONLY,27.2345,88.4972,180.0,86,21.03,22.1,18.91,57.5,159.04,0.796,300.8,0.0,IN_BANK_FLOW,8.8,0
REC_2023_LOC06_058,2023-07-28,LOC06,FLOOD_ONLY,27.1739,88.518,210.0,88,21.32,22.07,6.53,19.59,48.47,0.54,128.4,0.0,IN_BANK_FLOW,3.0,0
REC_2023_LOC01_059,2023-07-29,LOC01,COMPOUND,27.604,88.646,85.0,80,18.38,73.89,14.62,33.53,56.82,0.537,48.5,0.0,IN_BANK_FLOW,3.0,0
REC_2023_LOC02_059,2023-07-29,LOC02,COMPOUND,27.399,88.524,95.0,78,18.6,74.22,3.19,20.87,52.93,0.578,47.4,0.0,IN_BANK_FLOW,3.0,0
REC_2023_LOC03_059,2023-07-29,LOC03,LANDSLIDE_ONLY,27.385,88.755,15.0,68,16.54,14.49,3.12,12.46,28.39,0.43,0.0,0.0,NO_RIVER_ZONE,0.0,0
REC_2023_LOC04_059,2023-07-29,LOC04,LANDSLIDE_ONLY,27.545,88.455,25.0,72,17.12,22.51,4.15,11.04,22.79,0.424,0.0,0.0,NO_RIVER_ZONE,0.0,0
REC_2023_LOC05_059,2023-07-29,LOC05,FLOOD_ONLY,27.2345,88.4972,180.0,86,21.03,22.1,2.39,8.61,18.86,0.42,75.0,0.0,IN_BANK_FLOW,3.0,0
REC_2023_LOC06_059,2023-07-29,LOC06,FLOOD_ONLY,27.1739,88.518,210.0,88,21.32,22.07,6.07,16.24,28.34,0.436,114.4,0.0,IN_BANK_FLOW,3.0,0
REC_2023_LOC01_060,2023-07-30,LOC01,COMPOUND,27.604,88.646,85.0,80,18.38,73.89,2.64,8.78,20.62,0.416,28.0,0.0,IN_BANK_FLOW,3.0,0
REC_2023_LOC02_060,2023-07-30,LOC02,COMPOUND,27.399,88.524,95.0,78,18.6,74.22,8.29,37.17,98.87,0.685,69.6,0.0,IN_BANK_FLOW,3.0,0
REC_2023_LOC03_060,2023-07-30,LOC03,LANDSLIDE_ONLY,27.385,88.755,15.0,68,16.54,14.49,7.75,20.61,43.69,0.47,0.0,0.0,NO_RIVER_ZONE,0.0,0
REC_2023_LOC04_060,2023-07-30,LOC04,LANDSLIDE_ONLY,27.545,88.455,25.0,72,17.12,22.51,7.77,20.27,44.74,0.512,0.0,0.0,NO_RIVER_ZONE,0.0,0
REC_2023_LOC05_060,2023-07-30,LOC05,FLOOD_ONLY,27.2345,88.4972,180.0,86,21.03,22.1,13.81,51.08,105.33,0.656,258.7,0.0,IN_BANK_FLOW,7.6,0
REC_2023_LOC06_060,2023-07-30,LOC06,FLOOD_ONLY,27.1739,88.518,210.0,88,21.32,22.07,4.13,17.88,45.48,0.497,120.9,0.0,IN_BANK_FLOW,3.0,0
REC_2023_LOC01_061,2023-07-31,LOC01,COMPOUND,27.604,88.646,85.0,80,18.38,73.89,7.99,35.21,75.11,0.605,51.5,0.0,IN_BANK_FLOW,3.1,0
REC_2023_LOC02_061,2023-07-31,LOC02,COMPOUND,27.399,88.524,95.0,78,18.6,74.22,1.05,2.73,6.73,0.369,45.0,0.0,IN_BANK_FLOW,3.0,0
REC_2023_LOC03_061,2023-07-31,LOC03,LANDSLIDE_ONLY,27.385,88.755,15.0,68,16.54,14.49,1.61,7.36,18.89,0.415,0.0,0.0,NO_RIVER_ZONE,0.0,0
REC_2023_LOC04_061,2023-07-31,LOC04,LANDSLIDE_ONLY,27.545,88.455,25.0,72,17.12,22.51,1.85,4.75,13.11,0.405,0.0,0.0,NO_RIVER_ZONE,0.0,0
REC_2023_LOC05_061,2023-07-31,LOC05,FLOOD_ONLY,27.2345,88.4972,180.0,86,21.03,22.1,1.26,5.11,8.22,0.378,75.0,0.0,IN_BANK_FLOW,3.0,0
REC_2023_LOC06_061,2023-07-31,LOC06,FLOOD_ONLY,27.1739,88.518,210.0,88,21.32,22.07,16.82,75.54,186.24,0.919,543.8,0.0,IN_BANK_FLOW,12.4,0
REC_2023_LOC01_062,2023-08-01,LOC01,COMPOUND,27.604,88.646,85.0,80,18.38,73.89,6.39,21.82,55.32,0.527,32.6,0.0,IN_BANK_FLOW,3.0,0
REC_2023_LOC02_062,2023-08-01,LOC02,COMPOUND,27.399,88.524,95.0,78,18.6,74.22,23.68,89.75,212.38,0.98,217.2,0.0,IN_BANK_FLOW,8.4,0
REC_2023_LOC03_062,2023-08-01,LOC03,LANDSLIDE_ONLY,27.385,88.755,15.0,68,16.54,14.49,0.58,1.52,3.85,0.362,0.0,0.0,NO_RIVER_ZONE,0.0,0
REC_2023_LOC04_062,2023-08-01,LOC04,LANDSLIDE_ONLY,27.545,88.455,25.0,72,17.12,22.51,3.19,14.29,28.85,0.427,0.0,0.0,NO_RIVER_ZONE,0.0,0
REC_2023_LOC05_062,2023-08-01,LOC05,FLOOD_ONLY,27.2345,88.4972,180.0,86,21.03,22.1,5.81,17.15,46.41,0.468,88.2,0.0,IN_BANK_FLOW,3.0,0
REC_2023_LOC06_062,2023-08-01,LOC06,FLOOD_ONLY,27.1739,88.518,210.0,88,21.32,22.07,0.57,3.58,9.98,0.384,95.0,0.0,IN_BANK_FLOW,3.0,0
REC_2023_LOC01_063,2023-08-02,LOC01,COMPOUND,27.604,88.646,85.0,80,18.38,73.89,0.56,1.91,3.99,0.363,28.0,0.0,IN_BANK_FLOW,3.0,0
REC_2023_LOC02_063,2023-08-02,LOC02,COMPOUND,27.399,88.524,95.0,78,18.6,74.22,11.11,26.51,47.09,0.476,52.9,0.0,IN_BANK_FLOW,3.0,0
REC_2023_LOC03_063,2023-08-02,LOC03,LANDSLIDE_ONLY,27.385,88.755,15.0,68,16.54,14.49,2.4,8.68,24.12,0.417,0.0,0.0,NO_RIVER_ZONE,0.0,0
REC_2023_LOC04_063,2023-08-02,LOC04,LANDSLIDE_ONLY,27.545,88.455,25.0,72,17.12,22.51,7.29,16.79,34.75,0.444,0.0,0.0,NO_RIVER_ZONE,0.0,0
REC_2023_LOC05_063,2023-08-02,LOC05,FLOOD_ONLY,27.2345,88.4972,180.0,86,21.03,22.1,3.67,21.56,46.52,0.504,102.3,0.0,IN_BANK_FLOW,3.0,0
REC_2023_LOC06_063,2023-08-02,LOC06,FLOOD_ONLY,27.1739,88.518,210.0,88,21.32,22.07,3.85,14.43,29.02,0.427,108.1,0.0,IN_BANK_FLOW,3.0,0
REC_2023_LOC01_064,2023-08-03,LOC01,COMPOUND,27.604,88.646,85.0,80,18.38,73.89,8.37,20.03,48.87,0.509,31.0,0.0,IN_BANK_FLOW,3.0,0
REC_2023_LOC02_064,2023-08-03,LOC02,COMPOUND,27.399,88.524,95.0,78,18.6,74.22,6.78,16.73,45.47,0.477,45.3,0.0,IN_BANK_FLOW,3.0,0
REC_2023_LOC03_064,2023-08-03,LOC03,LANDSLIDE_ONLY,27.385,88.755,15.0,68,16.54,14.49,4.85,14.64,31.85,0.457,0.0,0.0,NO_RIVER_ZONE,0.0,0
REC_2023_LOC04_064,2023-08-03,LOC04,LANDSLIDE_ONLY,27.545,88.455,25.0,72,17.12,22.51,0.6,1.79,4.33,0.365,0.0,0.0,NO_RIVER_ZONE,0.0,0
REC_2023_LOC05_064,2023-08-03,LOC05,FLOOD_ONLY,27.2345,88.4972,180.0,86,21.03,22.1,0.91,3.38,5.71,0.372,75.0,0.0,IN_BANK_FLOW,3.0,0
REC_2023_LOC06_064,2023-08-03,LOC06,FLOOD_ONLY,27.1739,88.518,210.0,88,21.32,22.07,17.74,60.42,137.36,0.795,414.6,0.0,IN_BANK_FLOW,9.4,0
REC_2023_LOC01_065,2023-08-04,LOC01,COMPOUND,27.604,88.646,85.0,80,18.38,73.89,12.08,28.69,76.34,0.607,40.8,0.0,IN_BANK_FLOW,3.0,0
REC_2023_LOC02_065,2023-08-04,LOC02,COMPOUND,27.399,88.524,95.0,78,18.6,74.22,22.76,53.03,141.83,0.799,105.4,0.0,IN_BANK_FLOW,4.1,0
REC_2023_LOC03_065,2023-08-04,LOC03,LANDSLIDE_ONLY,27.385,88.755,15.0,68,16.54,14.49,6.29,16.38,37.26,0.489,0.0,0.0,NO_RIVER_ZONE,0.0,0
REC_2023_LOC04_065,2023-08-04,LOC04,LANDSLIDE_ONLY,27.545,88.455,25.0,72,17.12,22.51,6.21,15.26,34.42,0.441,0.0,0.0,NO_RIVER_ZONE,0.0,0
REC_2023_LOC05_065,2023-08-04,LOC05,FLOOD_ONLY,27.2345,88.4972,180.0,86,21.03,22.1,12.84,56.94,115.38,0.718,297.0,0.0,IN_BANK_FLOW,8.7,0
REC_2023_LOC06_065,2023-08-04,LOC06,FLOOD_ONLY,27.1739,88.518,210.0,88,21.32,22.07,3.19,18.06,44.71,0.509,121.7,0.0,IN_BANK_FLOW,3.0,0
REC_2023_LOC01_066,2023-08-05,LOC01,COMPOUND,27.604,88.646,85.0,80,18.38,73.89,26.23,58.68,134.82,0.723,104.9,0.0,IN_BANK_FLOW,6.2,0
REC_2023_LOC02_066,2023-08-05,LOC02,COMPOUND,27.399,88.524,95.0,78,18.6,74.22,1.87,10.31,25.56,0.419,45.0,0.0,IN_BANK_FLOW,3.0,0
REC_2023_LOC03_066,2023-08-05,LOC03,LANDSLIDE_ONLY,27.385,88.755,15.0,68,16.54,14.49,3.45,10.08,19.41,0.414,0.0,0.0,NO_RIVER_ZONE,0.0,0
REC_2023_LOC04_066,2023-08-05,LOC04,LANDSLIDE_ONLY,27.545,88.455,25.0,72,17.12,22.51,5.65,27.57,47.96,0.557,0.0,0.0,NO_RIVER_ZONE,0.0,0
REC_2023_LOC05_066,2023-08-05,LOC05,FLOOD_ONLY,27.2345,88.4972,180.0,86,21.03,22.1,0.9,2.97,4.82,0.364,75.0,0.0,IN_BANK_FLOW,3.0,0
REC_2023_LOC06_066,2023-08-05,LOC06,FLOOD_ONLY,27.1739,88.518,210.0,88,21.32,22.07,0.27,1.04,2.61,0.359,95.0,0.0,IN_BANK_FLOW,3.0,0
REC_2023_LOC01_067,2023-08-06,LOC01,COMPOUND,27.604,88.646,85.0,80,18.38,73.89,12.31,67.41,110.52,0.829,128.9,0.0,IN_BANK_FLOW,7.7,0
REC_2023_LOC02_067,2023-08-06,LOC02,COMPOUND,27.399,88.524,95.0,78,18.6,74.22,4.86,14.14,32.05,0.478,45.0,0.0,IN_BANK_FLOW,3.0,0
REC_2023_LOC03_067,2023-08-06,LOC03,LANDSLIDE_ONLY,27.385,88.755,15.0,68,16.54,14.49,4.75,13.88,29.8,0.427,0.0,0.0,NO_RIVER_ZONE,0.0,0
REC_2023_LOC04_067,2023-08-06,LOC04,LANDSLIDE_ONLY,27.545,88.455,25.0,72,17.12,22.51,9.05,38.74,86.28,0.573,0.0,0.0,NO_RIVER_ZONE,0.0,0
REC_2023_LOC05_067,2023-08-06,LOC05,FLOOD_ONLY,27.2345,88.4972,180.0,86,21.03,22.1,4.29,9.57,18.78,0.41,75.3,0.0,IN_BANK_FLOW,3.0,0
REC_2023_LOC06_067,2023-08-06,LOC06,FLOOD_ONLY,27.1739,88.518,210.0,88,21.32,22.07,0.6,1.42,2.41,0.36,95.0,0.0,IN_BANK_FLOW,3.0,0
REC_2023_LOC01_068,2023-08-07,LOC01,COMPOUND,27.604,88.646,85.0,80,18.38,73.89,4.88,15.8,35.03,0.443,28.6,0.0,IN_BANK_FLOW,3.0,0
REC_2023_LOC02_068,2023-08-07,LOC02,COMPOUND,27.399,88.524,95.0,78,18.6,74.22,0.88,2.75,6.28,0.368,45.0,0.0,IN_BANK_FLOW,3.0,0
REC_2023_LOC03_068,2023-08-07,LOC03,LANDSLIDE_ONLY,27.385,88.755,15.0,68,16.54,14.49,6.05,15.84,38.76,0.462,0.0,0.0,NO_RIVER_ZONE,0.0,0
REC_2023_LOC04_068,2023-08-07,LOC04,LANDSLIDE_ONLY,27.545,88.455,25.0,72,17.12,22.51,7.81,33.31,64.8,0.584,0.0,0.0,NO_RIVER_ZONE,0.0,0
REC_2023_LOC05_068,2023-08-07,LOC05,FLOOD_ONLY,27.2345,88.4972,180.0,86,21.03,22.1,1.16,2.99,7.09,0.379,75.0,0.0,IN_BANK_FLOW,3.0,0
REC_2023_LOC06_068,2023-08-07,LOC06,FLOOD_ONLY,27.1739,88.518,210.0,88,21.32,22.07,5.34,12.1,30.04,0.443,101.6,0.0,IN_BANK_FLOW,3.0,0
REC_2023_LOC01_069,2023-08-08,LOC01,COMPOUND,27.604,88.646,85.0,80,18.38,73.89,13.94,44.85,87.32,0.613,71.1,0.0,IN_BANK_FLOW,4.2,0
REC_2023_LOC02_069,2023-08-08,LOC02,COMPOUND,27.399,88.524,95.0,78,18.6,74.22,8.84,21.03,41.4,0.492,47.6,0.0,IN_BANK_FLOW,3.0,0
REC_2023_LOC03_069,2023-08-08,LOC03,LANDSLIDE_ONLY,27.385,88.755,15.0,68,16.54,14.49,0.78,4.05,9.11,0.381,0.0,0.0,NO_RIVER_ZONE,0.0,0
REC_2023_LOC04_069,2023-08-08,LOC04,LANDSLIDE_ONLY,27.545,88.455,25.0,72,17.12,22.51,5.08,14.63,31.0,0.457,0.0,0.0,NO_RIVER_ZONE,0.0,0
REC_2023_LOC05_069,2023-08-08,LOC05,FLOOD_ONLY,27.2345,88.4972,180.0,86,21.03,22.1,1.86,11.85,28.47,0.446,77.4,0.0,IN_BANK_FLOW,3.0,0
REC_2023_LOC06_069,2023-08-08,LOC06,FLOOD_ONLY,27.1739,88.518,210.0,88,21.32,22.07,7.16,30.05,68.8,0.532,186.1,0.0,IN_BANK_FLOW,4.2,0
REC_2023_LOC01_070,2023-08-09,LOC01,COMPOUND,27.604,88.646,85.0,80,18.38,73.89,0.57,2.86,6.77,0.373,28.0,0.0,IN_BANK_FLOW,3.0,0
REC_2023_LOC02_070,2023-08-09,LOC02,COMPOUND,27.399,88.524,95.0,78,18.6,74.22,1.3,8.36,21.08,0.424,45.0,0.0,IN_BANK_FLOW,3.0,0
REC_2023_LOC03_070,2023-08-09,LOC03,LANDSLIDE_ONLY,27.385,88.755,15.0,68,16.54,14.49,1.55,7.54,20.86,0.431,0.0,0.0,NO_RIVER_ZONE,0.0,0
REC_2023_LOC04_070,2023-08-09,LOC04,LANDSLIDE_ONLY,27.545,88.455,25.0,72,17.12,22.51,5.23,18.77,30.43,0.441,0.0,0.0,NO_RIVER_ZONE,0.0,0
REC_2023_LOC05_070,2023-08-09,LOC05,FLOOD_ONLY,27.2345,88.4972,180.0,86,21.03,22.1,1.45,6.22,16.66,0.399,75.0,0.0,IN_BANK_FLOW,3.0,0
REC_2023_LOC06_070,2023-08-09,LOC06,FLOOD_ONLY,27.1739,88.518,210.0,88,21.32,22.07,3.28,8.59,23.76,0.427,95.7,0.0,IN_BANK_FLOW,3.0,0
REC_2023_LOC01_071,2023-08-10,LOC01,COMPOUND,27.604,88.646,85.0,80,18.38,73.89,1.89,5.23,10.15,0.387,28.0,0.0,IN_BANK_FLOW,3.0,0
REC_2023_LOC02_071,2023-08-10,LOC02,COMPOUND,27.399,88.524,95.0,78,18.6,74.22,0.86,2.94,6.92,0.372,45.0,0.0,IN_BANK_FLOW,3.0,0
REC_2023_LOC03_071,2023-08-10,LOC03,LANDSLIDE_ONLY,27.385,88.755,15.0,68,16.54,14.49,7.06,25.3,43.96,0.495,0.0,0.0,NO_RIVER_ZONE,0.0,0
REC_2023_LOC04_071,2023-08-10,LOC04,LANDSLIDE_ONLY,27.545,88.455,25.0,72,17.12,22.51,5.23,23.73,43.2,0.474,0.0,0.0,NO_RIVER_ZONE,0.0,0
REC_2023_LOC05_071,2023-08-10,LOC05,FLOOD_ONLY,27.2345,88.4972,180.0,86,21.03,22.1,0.35,1.24,3.16,0.363,75.0,0.0,IN_BANK_FLOW,3.0,0
REC_2023_LOC06_071,2023-08-10,LOC06,FLOOD_ONLY,27.1739,88.518,210.0,88,21.32,22.07,23.5,104.07,225.4,0.98,799.9,0.0,IN_BANK_FLOW,18.2,0
REC_2023_LOC01_072,2023-08-11,LOC01,COMPOUND,27.604,88.646,85.0,80,18.38,73.89,0.95,2.11,4.77,0.366,28.0,0.0,IN_BANK_FLOW,3.0,0
REC_2023_LOC02_072,2023-08-11,LOC02,COMPOUND,27.399,88.524,95.0,78,18.6,74.22,0.97,4.08,7.27,0.372,45.0,0.0,IN_BANK_FLOW,3.0,0
REC_2023_LOC03_072,2023-08-11,LOC03,LANDSLIDE_ONLY,27.385,88.755,15.0,68,16.54,14.49,4.4,16.17,26.74,0.479,0.0,0.0,NO_RIVER_ZONE,0.0,0
REC_2023_LOC04_072,2023-08-11,LOC04,LANDSLIDE_ONLY,27.545,88.455,25.0,72,17.12,22.51,4.28,19.36,37.07,0.472,0.0,0.0,NO_RIVER_ZONE,0.0,0
REC_2023_LOC05_072,2023-08-11,LOC05,FLOOD_ONLY,27.2345,88.4972,180.0,86,21.03,22.1,5.1,14.71,26.88,0.437,82.3,0.0,IN_BANK_FLOW,3.0,0
REC_2023_LOC06_072,2023-08-11,LOC06,FLOOD_ONLY,27.1739,88.518,210.0,88,21.32,22.07,3.51,9.8,26.75,0.424,97.2,0.0,IN_BANK_FLOW,3.0,0
REC_2023_LOC01_073,2023-08-12,LOC01,COMPOUND,27.604,88.646,85.0,80,18.38,73.89,0.35,1.31,3.52,0.359,28.0,0.0,IN_BANK_FLOW,3.0,0
REC_2023_LOC02_073,2023-08-12,LOC02,COMPOUND,27.399,88.524,95.0,78,18.6,74.22,4.05,12.52,26.99,0.413,45.0,0.0,IN_BANK_FLOW,3.0,0
REC_2023_LOC03_073,2023-08-12,LOC03,LANDSLIDE_ONLY,27.385,88.755,15.0,68,16.54,14.49,0.54,2.52,5.15,0.367,0.0,0.0,NO_RIVER_ZONE,0.0,0
REC_2023_LOC04_073,2023-08-12,LOC04,LANDSLIDE_ONLY,27.545,88.455,25.0,72,17.12,22.51,6.27,24.08,61.12,0.489,0.0,0.0,NO_RIVER_ZONE,0.0,0
REC_2023_LOC05_073,2023-08-12,LOC05,FLOOD_ONLY,27.2345,88.4972,180.0,86,21.03,22.1,9.61,31.5,72.03,0.584,145.5,0.0,IN_BANK_FLOW,4.3,0
REC_2023_LOC06_073,2023-08-12,LOC06,FLOOD_ONLY,27.1739,88.518,210.0,88,21.32,22.07,30.92,74.75,177.41,0.926,536.9,0.0,IN_BANK_FLOW,12.2,0
REC_2023_LOC01_074,2023-08-13,LOC01,COMPOUND,27.604,88.646,85.0,80,18.38,73.89,3.77,11.71,24.75,0.434,28.0,0.0,IN_BANK_FLOW,3.0,0
REC_2023_LOC02_074,2023-08-13,LOC02,COMPOUND,27.399,88.524,95.0,78,18.6,74.22,4.28,10.29,25.79,0.442,45.0,0.0,IN_BANK_FLOW,3.0,0
REC_2023_LOC03_074,2023-08-13,LOC03,LANDSLIDE_ONLY,27.385,88.755,15.0,68,16.54,14.49,6.75,17.35,45.3,0.484,0.0,0.0,NO_RIVER_ZONE,0.0,0
REC_2023_LOC04_074,2023-08-13,LOC04,LANDSLIDE_ONLY,27.545,88.455,25.0,72,17.12,22.51,9.24,29.65,54.51,0.515,0.0,0.0,NO_RIVER_ZONE,0.0,0
REC_2023_LOC05_074,2023-08-13,LOC05,FLOOD_ONLY,27.2345,88.4972,180.0,86,21.03,22.1,2.7,13.88,34.26,0.458,80.7,0.0,IN_BANK_FLOW,3.0,0
REC_2023_LOC06_074,2023-08-13,LOC06,FLOOD_ONLY,27.1739,88.518,210.0,88,21.32,22.07,4.42,27.62,54.01,0.512,171.2,0.0,IN_BANK_FLOW,3.9,0
REC_2023_LOC01_075,2023-08-14,LOC01,COMPOUND,27.604,88.646,85.0,80,18.38,73.89,11.77,32.02,77.82,0.647,46.0,0.0,IN_BANK_FLOW,3.0,0
REC_2023_LOC02_075,2023-08-14,LOC02,COMPOUND,27.399,88.524,95.0,78,18.6,74.22,11.66,28.25,54.43,0.556,55.1,0.0,IN_BANK_FLOW,3.0,0
REC_2023_LOC03_075,2023-08-14,LOC03,LANDSLIDE_ONLY,27.385,88.755,15.0,68,16.54,14.49,10.92,24.41,63.18,0.539,0.0,0.0,NO_RIVER_ZONE,0.0,0
REC_2023_LOC04_075,2023-08-14,LOC04,LANDSLIDE_ONLY,27.545,88.455,25.0,72,17.12,22.51,12.27,49.3,82.55,0.612,0.0,0.0,NO_RIVER_ZONE,0.0,0
REC_2023_LOC05_075,2023-08-14,LOC05,FLOOD_ONLY,27.2345,88.4972,180.0,86,21.03,22.1,5.16,13.52,35.31,0.471,80.0,0.0,IN_BANK_FLOW,3.0,0
REC_2023_LOC06_075,2023-08-14,LOC06,FLOOD_ONLY,27.1739,88.518,210.0,88,21.32,22.07,16.16,37.15,80.18,0.662,233.6,0.0,IN_BANK_FLOW,5.3,0
REC_2023_LOC01_076,2023-08-15,LOC01,COMPOUND,27.604,88.646,85.0,80,18.38,73.89,2.25,13.35,34.89,0.486,28.0,0.0,IN_BANK_FLOW,3.0,0
REC_2023_LOC02_076,2023-08-15,LOC02,COMPOUND,27.399,88.524,95.0,78,18.6,74.22,5.23,27.63,66.34,0.585,54.3,0.0,IN_BANK_FLOW,3.0,0
REC_2023_LOC03_076,2023-08-15,LOC03,LANDSLIDE_ONLY,27.385,88.755,15.0,68,16.54,14.49,0.8,1.92,5.07,0.37,0.0,0.0,NO_RIVER_ZONE,0.0,0
REC_2023_LOC04_076,2023-08-15,LOC04,LANDSLIDE_ONLY,27.545,88.455,25.0,72,17.12,22.51,8.51,24.67,66.15,0.63,0.0,0.0,NO_RIVER_ZONE,0.0,0
REC_2023_LOC05_076,2023-08-15,LOC05,FLOOD_ONLY,27.2345,88.4972,180.0,86,21.03,22.1,0.46,1.3,2.59,0.359,75.0,0.0,IN_BANK_FLOW,3.0,0
REC_2023_LOC06_076,2023-08-15,LOC06,FLOOD_ONLY,27.1739,88.518,210.0,88,21.32,22.07,2.44,10.99,22.5,0.428,99.2,0.0,IN_BANK_FLOW,3.0,0
REC_2023_LOC01_077,2023-08-16,LOC01,COMPOUND,27.604,88.646,85.0,80,18.38,73.89,5.5,17.74,29.14,0.457,29.5,0.0,IN_BANK_FLOW,3.0,0
REC_2023_LOC02_077,2023-08-16,LOC02,COMPOUND,27.399,88.524,95.0,78,18.6,74.22,0.25,0.95,2.23,0.356,45.0,0.0,IN_BANK_FLOW,3.0,0
REC_2023_LOC03_077,2023-08-16,LOC03,LANDSLIDE_ONLY,27.385,88.755,15.0,68,16.54,14.49,2.77,15.8,26.16,0.434,0.0,0.0,NO_RIVER_ZONE,0.0,0
REC_2023_LOC04_077,2023-08-16,LOC04,LANDSLIDE_ONLY,27.545,88.455,25.0,72,17.12,22.51,20.29,55.26,142.5,0.974,0.0,0.0,NO_RIVER_ZONE,0.0,0
REC_2023_LOC05_077,2023-08-16,LOC05,FLOOD_ONLY,27.2345,88.4972,180.0,86,21.03,22.1,2.08,10.19,24.7,0.442,75.7,0.0,IN_BANK_FLOW,3.0,0
REC_2023_LOC06_077,2023-08-16,LOC06,FLOOD_ONLY,27.1739,88.518,210.0,88,21.32,22.07,3.57,11.83,24.14,0.452,101.0,0.0,IN_BANK_FLOW,3.0,0
REC_2023_LOC01_078,2023-08-17,LOC01,COMPOUND,27.604,88.646,85.0,80,18.38,73.89,2.27,9.36,23.14,0.406,28.0,0.0,IN_BANK_FLOW,3.0,0
REC_2023_LOC02_078,2023-08-17,LOC02,COMPOUND,27.399,88.524,95.0,78,18.6,74.22,3.01,8.87,21.22,0.437,45.0,0.0,IN_BANK_FLOW,3.0,0
REC_2023_LOC03_078,2023-08-17,LOC03,LANDSLIDE_ONLY,27.385,88.755,15.0,68,16.54,14.49,2.4,8.6,21.13,0.402,0.0,0.0,NO_RIVER_ZONE,0.0,0
REC_2023_LOC04_078,2023-08-17,LOC04,LANDSLIDE_ONLY,27.545,88.455,25.0,72,17.12,22.51,11.6,29.47,74.85,0.597,0.0,0.0,NO_RIVER_ZONE,0.0,0
REC_2023_LOC05_078,2023-08-17,LOC05,FLOOD_ONLY,27.2345,88.4972,180.0,86,21.03,22.1,1.21,5.08,12.36,0.389,75.0,0.0,IN_BANK_FLOW,3.0,0
REC_2023_LOC06_078,2023-08-17,LOC06,FLOOD_ONLY,27.1739,88.518,210.0,88,21.32,22.07,6.02,24.18,64.14,0.49,151.5,0.0,IN_BANK_FLOW,3.4,0
REC_2023_LOC01_079,2023-08-18,LOC01,COMPOUND,27.604,88.646,85.0,80,18.38,73.89,0.57,1.52,2.73,0.36,28.0,0.0,IN_BANK_FLOW,3.0,0
REC_2023_LOC02_079,2023-08-18,LOC02,COMPOUND,27.399,88.524,95.0,78,18.6,74.22,1.99,6.16,14.0,0.406,45.0,0.0,IN_BANK_FLOW,3.0,0
REC_2023_LOC03_079,2023-08-18,LOC03,LANDSLIDE_ONLY,27.385,88.755,15.0,68,16.54,14.49,16.69,49.57,138.21,0.73,0.0,0.0,NO_RIVER_ZONE,0.0,0
REC_2023_LOC04_079,2023-08-18,LOC04,LANDSLIDE_ONLY,27.545,88.455,25.0,72,17.12,22.51,9.02,28.63,72.82,0.535,0.0,0.0,NO_RIVER_ZONE,0.0,0
REC_2023_LOC05_079,2023-08-18,LOC05,FLOOD_ONLY,27.2345,88.4972,180.0,86,21.03,22.1,6.48,26.13,61.05,0.49,120.5,0.0,IN_BANK_FLOW,3.5,0
REC_2023_LOC06_079,2023-08-18,LOC06,FLOOD_ONLY,27.1739,88.518,210.0,88,21.32,22.07,16.2,39.92,72.12,0.622,253.4,0.0,IN_BANK_FLOW,5.8,0
REC_2023_LOC01_080,2023-08-19,LOC01,COMPOUND,27.604,88.646,85.0,80,18.38,73.89,1.57,4.79,11.92,0.38,28.0,0.0,IN_BANK_FLOW,3.0,0
REC_2023_LOC02_080,2023-08-19,LOC02,COMPOUND,27.399,88.524,95.0,78,18.6,74.22,0.79,4.08,8.07,0.376,45.0,0.0,IN_BANK_FLOW,3.0,0
REC_2023_LOC03_080,2023-08-19,LOC03,LANDSLIDE_ONLY,27.385,88.755,15.0,68,16.54,14.49,0.74,2.32,4.05,0.361,0.0,0.0,NO_RIVER_ZONE,0.0,0
REC_2023_LOC04_080,2023-08-19,LOC04,LANDSLIDE_ONLY,27.545,88.455,25.0,72,17.12,22.51,5.57,13.94,23.96,0.419,0.0,0.0,NO_RIVER_ZONE,0.0,0
REC_2023_LOC05_080,2023-08-19,LOC05,FLOOD_ONLY,27.2345,88.4972,180.0,86,21.03,22.1,2.83,11.76,19.95,0.432,77.3,0.0,IN_BANK_FLOW,3.0,0
REC_2023_LOC06_080,2023-08-19,LOC06,FLOOD_ONLY,27.1739,88.518,210.0,88,21.32,22.07,0.72,2.1,3.75,0.363,95.0,0.0,IN_BANK_FLOW,3.0,0
REC_2023_LOC01_081,2023-08-20,LOC01,COMPOUND,27.604,88.646,85.0,80,18.38,73.89,0.92,3.62,5.98,0.377,28.0,0.0,IN_BANK_FLOW,3.0,0
REC_2023_LOC02_081,2023-08-20,LOC02,COMPOUND,27.399,88.524,95.0,78,18.6,74.22,5.89,14.46,32.71,0.458,45.0,0.0,IN_BANK_FLOW,3.0,0
REC_2023_LOC03_081,2023-08-20,LOC03,LANDSLIDE_ONLY,27.385,88.755,15.0,68,16.54,14.49,16.28,57.09,116.82,0.79,0.0,0.0,NO_RIVER_ZONE,0.0,0
REC_2023_LOC04_081,2023-08-20,LOC04,LANDSLIDE_ONLY,27.545,88.455,25.0,72,17.12,22.51,13.76,70.8,176.62,0.859,0.0,0.0,NO_RIVER_ZONE,0.0,0
REC_2023_LOC05_081,2023-08-20,LOC05,FLOOD_ONLY,27.2345,88.4972,180.0,86,21.03,22.1,4.22,12.19,26.88,0.444,77.9,0.0,IN_BANK_FLOW,3.0,0
REC_2023_LOC06_081,2023-08-20,LOC06,FLOOD_ONLY,27.1739,88.518,210.0,88,21.32,22.07,3.03,14.14,38.48,0.456,107.2,0.0,IN_BANK_FLOW,3.0,0
REC_2023_LOC01_082,2023-08-21,LOC01,COMPOUND,27.604,88.646,85.0,80,18.38,73.89,2.17,6.06,15.37,0.39,28.0,0.0,IN_BANK_FLOW,3.0,0
REC_2023_LOC02_082,2023-08-21,LOC02,COMPOUND,27.399,88.524,95.0,78,18.6,74.22,0.76,4.22,10.19,0.386,45.0,0.0,IN_BANK_FLOW,3.0,0
REC_2023_LOC03_082,2023-08-21,LOC03,LANDSLIDE_ONLY,27.385,88.755,15.0,68,16.54,14.49,4.82,11.01,27.76,0.426,0.0,0.0,NO_RIVER_ZONE,0.0,0
REC_2023_LOC04_082,2023-08-21,LOC04,LANDSLIDE_ONLY,27.545,88.455,25.0,72,17.12,22.51,5.56,14.14,35.65,0.482,0.0,0.0,NO_RIVER_ZONE,0.0,0
REC_2023_LOC05_082,2023-08-21,LOC05,FLOOD_ONLY,27.2345,88.4972,180.0,86,21.03,22.1,16.13,70.17,134.81,0.928,388.1,0.0,IN_BANK_FLOW,11.4,0
REC_2023_LOC06_082,2023-08-21,LOC06,FLOOD_ONLY,27.1739,88.518,210.0,88,21.32,22.07,1.05,3.5,6.25,0.365,95.0,0.0,IN_BANK_FLOW,3.0,0
REC_2023_LOC01_083,2023-08-22,LOC01,COMPOUND,27.604,88.646,85.0,80,18.38,73.89,1.75,8.73,23.83,0.415,28.0,0.0,IN_BANK_FLOW,3.0,0
REC_2023_LOC02_083,2023-08-22,LOC02,COMPOUND,27.399,88.524,95.0,78,18.6,74.22,9.45,27.74,75.88,0.609,54.4,0.0,IN_BANK_FLOW,3.0,0
REC_2023_LOC03_083,2023-08-22,LOC03,LANDSLIDE_ONLY,27.385,88.755,15.0,68,16.54,14.49,8.38,24.32,40.62,0.504,0.0,0.0,NO_RIVER_ZONE,0.0,0
REC_2023_LOC04_083,2023-08-22,LOC04,LANDSLIDE_ONLY,27.545,88.455,25.0,72,17.12,22.51,9.88,32.16,51.96,0.568,0.0,0.0,NO_RIVER_ZONE,0.0,0
REC_2023_LOC05_083,2023-08-22,LOC05,FLOOD_ONLY,27.2345,88.4972,180.0,86,21.03,22.1,0.9,2.73,5.6,0.37,75.0,0.0,IN_BANK_FLOW,3.0,0
REC_2023_LOC06_083,2023-08-22,LOC06,FLOOD_ONLY,27.1739,88.518,210.0,88,21.32,22.07,31.3,95.78,159.61,0.902,724.3,0.0,IN_BANK_FLOW,16.5,0
REC_2023_LOC01_084,2023-08-23,LOC01,COMPOUND,27.604,88.646,85.0,80,18.38,73.89,6.63,15.06,41.26,0.528,28.3,0.0,IN_BANK_FLOW,3.0,0
REC_2023_LOC02_084,2023-08-23,LOC02,COMPOUND,27.399,88.524,95.0,78,18.6,74.22,14.44,39.82,109.72,0.636,74.8,0.0,IN_BANK_FLOW,3.0,0
REC_2023_LOC03_084,2023-08-23,LOC03,LANDSLIDE_ONLY,27.385,88.755,15.0,68,16.54,14.49,1.49,5.57,12.91,0.388,0.0,0.0,NO_RIVER_ZONE,0.0,0
REC_2023_LOC04_084,2023-08-23,LOC04,LANDSLIDE_ONLY,27.545,88.455,25.0,72,17.12,22.51,0.06,0.22,0.51,0.352,0.0,0.0,NO_RIVER_ZONE,0.0,0
REC_2023_LOC05_084,2023-08-23,LOC05,FLOOD_ONLY,27.2345,88.4972,180.0,86,21.03,22.1,18.69,83.94,206.6,0.888,487.9,0.0,IN_BANK_FLOW,14.3,0
REC_2023_LOC06_084,2023-08-23,LOC06,FLOOD_ONLY,27.1739,88.518,210.0,88,21.32,22.07,1.22,3.83,9.18,0.379,95.0,0.0,IN_BANK_FLOW,3.0,0
REC_2023_LOC01_085,2023-08-24,LOC01,COMPOUND,27.604,88.646,85.0,80,18.38,73.89,4.25,14.17,24.85,0.45,28.1,0.0,IN_BANK_FLOW,3.0,0
REC_2023_LOC02_085,2023-08-24,LOC02,COMPOUND,27.399,88.524,95.0,78,18.6,74.22,11.94,37.25,64.46,0.544,69.7,0.0,IN_BANK_FLOW,3.0,0
REC_2023_LOC03_085,2023-08-24,LOC03,LANDSLIDE_ONLY,27.385,88.755,15.0,68,16.54,14.49,3.6,12.84,34.49,0.465,0.0,0.0,NO_RIVER_ZONE,0.0,0
REC_2023_LOC04_085,2023-08-24,LOC04,LANDSLIDE_ONLY,27.545,88.455,25.0,72,17.12,22.51,5.17,19.21,53.57,0.563,0.0,0.0,NO_RIVER_ZONE,0.0,0
REC_2023_LOC05_085,2023-08-24,LOC05,FLOOD_ONLY,27.2345,88.4972,180.0,86,21.03,22.1,1.11,4.58,11.58,0.392,75.0,0.0,IN_BANK_FLOW,3.0,0
REC_2023_LOC06_085,2023-08-24,LOC06,FLOOD_ONLY,27.1739,88.518,210.0,88,21.32,22.07,6.79,16.29,45.41,0.453,114.6,0.0,IN_BANK_FLOW,3.0,0
REC_2023_LOC01_086,2023-08-25,LOC01,COMPOUND,27.604,88.646,85.0,80,18.38,73.89,8.04,29.61,69.68,0.602,42.2,0.0,IN_BANK_FLOW,3.0,0
REC_2023_LOC02_086,2023-08-25,LOC02,COMPOUND,27.399,88.524,95.0,78,18.6,74.22,3.72,11.85,25.53,0.463,45.0,0.0,IN_BANK_FLOW,3.0,0
REC_2023_LOC03_086,2023-08-25,LOC03,LANDSLIDE_ONLY,27.385,88.755,15.0,68,16.54,14.49,7.6,28.3,53.18,0.492,0.0,0.0,NO_RIVER_ZONE,0.0,0
REC_2023_LOC04_086,2023-08-25,LOC04,LANDSLIDE_ONLY,27.545,88.455,25.0,72,17.12,22.51,17.01,69.71,187.03,0.81,0.0,0.0,NO_RIVER_ZONE,0.0,0
REC_2023_LOC05_086,2023-08-25,LOC05,FLOOD_ONLY,27.2345,88.4972,180.0,86,21.03,22.1,0.22,1.02,2.19,0.357,75.0,0.0,IN_BANK_FLOW,3.0,0
REC_2023_LOC06_086,2023-08-25,LOC06,FLOOD_ONLY,27.1739,88.518,210.0,88,21.32,22.07,14.88,33.91,74.54,0.587,211.3,0.0,IN_BANK_FLOW,4.8,0
REC_2023_LOC01_087,2023-08-26,LOC01,COMPOUND,27.604,88.646,85.0,80,18.38,73.89,7.15,43.33,115.19,0.761,67.7,0.0,IN_BANK_FLOW,4.0,0
REC_2023_LOC02_087,2023-08-26,LOC02,COMPOUND,27.399,88.524,95.0,78,18.6,74.22,21.13,115.26,266.05,0.98,307.9,0.0,IN_BANK_FLOW,11.8,0
REC_2023_LOC03_087,2023-08-26,LOC03,LANDSLIDE_ONLY,27.385,88.755,15.0,68,16.54,14.49,0.73,2.78,4.91,0.371,0.0,0.0,NO_RIVER_ZONE,0.0,0
REC_2023_LOC04_087,2023-08-26,LOC04,LANDSLIDE_ONLY,27.545,88.455,25.0,72,17.12,22.51,3.09,15.84,31.61,0.452,0.0,0.0,NO_RIVER_ZONE,0.0,0
REC_2023_LOC05_087,2023-08-26,LOC05,FLOOD_ONLY,27.2345,88.4972,180.0,86,21.03,22.1,7.6,26.4,46.52,0.491,121.6,0.0,IN_BANK_FLOW,3.6,0
REC_2023_LOC06_087,2023-08-26,LOC06,FLOOD_ONLY,27.1739,88.518,210.0,88,21.32,22.07,9.97,28.45,71.06,0.523,176.2,0.0,IN_BANK_FLOW,4.0,0
REC_2023_LOC01_088,2023-08-27,LOC01,COMPOUND,27.604,88.646,85.0,80,18.38,73.89,12.83,30.0,50.11,0.51,42.8,0.0,IN_BANK_FLOW,3.0,0
REC_2023_LOC02_088,2023-08-27,LOC02,COMPOUND,27.399,88.524,95.0,78,18.6,74.22,3.2,17.73,42.04,0.485,45.7,0.0,IN_BANK_FLOW,3.0,0
REC_2023_LOC03_088,2023-08-27,LOC03,LANDSLIDE_ONLY,27.385,88.755,15.0,68,16.54,14.49,18.51,59.85,162.04,0.828,0.0,0.0,NO_RIVER_ZONE,0.0,0
REC_2023_LOC04_088,2023-08-27,LOC04,LANDSLIDE_ONLY,27.545,88.455,25.0,72,17.12,22.51,6.22,20.86,56.23,0.498,0.0,0.0,NO_RIVER_ZONE,0.0,0
REC_2023_LOC05_088,2023-08-27,LOC05,FLOOD_ONLY,27.2345,88.4972,180.0,86,21.03,22.1,3.83,12.95,35.63,0.449,79.0,0.0,IN_BANK_FLOW,3.0,0
REC_2023_LOC06_088,2023-08-27,LOC06,FLOOD_ONLY,27.1739,88.518,210.0,88,21.32,22.07,11.05,30.34,59.27,0.565,188.0,0.0,IN_BANK_FLOW,4.3,0
REC_2023_LOC01_089,2023-08-28,LOC01,COMPOUND,27.604,88.646,85.0,80,18.38,73.89,16.65,42.59,93.09,0.686,66.1,0.0,IN_BANK_FLOW,3.9,0
REC_2023_LOC02_089,2023-08-28,LOC02,COMPOUND,27.399,88.524,95.0,78,18.6,74.22,3.05,15.86,38.54,0.455,45.1,0.0,IN_BANK_FLOW,3.0,0
REC_2023_LOC03_089,2023-08-28,LOC03,LANDSLIDE_ONLY,27.385,88.755,15.0,68,16.54,14.49,15.46,40.93,94.9,0.658,0.0,0.0,NO_RIVER_ZONE,0.0,0
REC_2023_LOC04_089,2023-08-28,LOC04,LANDSLIDE_ONLY,27.545,88.455,25.0,72,17.12,22.51,3.15,16.84,37.86,0.507,0.0,0.0,NO_RIVER_ZONE,0.0,0
REC_2023_LOC05_089,2023-08-28,LOC05,FLOOD_ONLY,27.2345,88.4972,180.0,86,21.03,22.1,1.65,5.46,15.07,0.41,75.0,0.0,IN_BANK_FLOW,3.0,0
REC_2023_LOC06_089,2023-08-28,LOC06,FLOOD_ONLY,27.1739,88.518,210.0,88,21.32,22.07,3.83,21.56,37.42,0.474,137.8,0.0,IN_BANK_FLOW,3.1,0
REC_2023_LOC01_090,2023-08-29,LOC01,COMPOUND,27.604,88.646,85.0,80,18.38,73.89,6.48,17.91,43.37,0.488,29.6,0.0,IN_BANK_FLOW,3.0,0
REC_2023_LOC02_090,2023-08-29,LOC02,COMPOUND,27.399,88.524,95.0,78,18.6,74.22,2.05,9.0,22.43,0.429,45.0,0.0,IN_BANK_FLOW,3.0,0
REC_2023_LOC03_090,2023-08-29,LOC03,LANDSLIDE_ONLY,27.385,88.755,15.0,68,16.54,14.49,0.27,1.03,2.07,0.359,0.0,0.0,NO_RIVER_ZONE,0.0,0
REC_2023_LOC04_090,2023-08-29,LOC04,LANDSLIDE_ONLY,27.545,88.455,25.0,72,17.12,22.51,11.86,26.95,69.35,0.555,0.0,0.0,NO_RIVER_ZONE,0.0,0
REC_2023_LOC05_090,2023-08-29,LOC05,FLOOD_ONLY,27.2345,88.4972,180.0,86,21.03,22.1,2.76,6.48,17.57,0.425,75.0,0.0,IN_BANK_FLOW,3.0,0
REC_2023_LOC06_090,2023-08-29,LOC06,FLOOD_ONLY,27.1739,88.518,210.0,88,21.32,22.07,17.21,42.13,98.56,0.717,269.7,0.0,IN_BANK_FLOW,6.1,0
REC_2023_LOC01_091,2023-08-30,LOC01,COMPOUND,27.604,88.646,85.0,80,18.38,73.89,14.81,55.59,122.53,0.755,96.9,0.0,IN_BANK_FLOW,5.8,0
REC_2023_LOC02_091,2023-08-30,LOC02,COMPOUND,27.399,88.524,95.0,78,18.6,74.22,5.24,31.72,71.82,0.534,60.1,0.0,IN_BANK_FLOW,3.0,0
REC_2023_LOC03_091,2023-08-30,LOC03,LANDSLIDE_ONLY,27.385,88.755,15.0,68,16.54,14.49,1.32,5.67,13.06,0.385,0.0,0.0,NO_RIVER_ZONE,0.0,0
REC_2023_LOC04_091,2023-08-30,LOC04,LANDSLIDE_ONLY,27.545,88.455,25.0,72,17.12,22.51,3.75,9.04,23.01,0.421,0.0,0.0,NO_RIVER_ZONE,0.0,0
REC_2023_LOC05_091,2023-08-30,LOC05,FLOOD_ONLY,27.2345,88.4972,180.0,86,21.03,22.1,7.8,20.24,50.58,0.502,97.7,0.0,IN_BANK_FLOW,3.0,0
REC_2023_LOC06_091,2023-08-30,LOC06,FLOOD_ONLY,27.1739,88.518,210.0,88,21.32,22.07,14.51,36.57,79.27,0.545,229.6,0.0,IN_BANK_FLOW,5.2,0
REC_2023_LOC01_092,2023-08-31,LOC01,COMPOUND,27.604,88.646,85.0,80,18.38,73.89,1.5,3.49,9.73,0.381,28.0,0.0,IN_BANK_FLOW,3.0,0
REC_2023_LOC02_092,2023-08-31,LOC02,COMPOUND,27.399,88.524,95.0,78,18.6,74.22,14.19,76.95,176.74,0.98,175.1,0.0,IN_BANK_FLOW,6.7,0
REC_2023_LOC03_092,2023-08-31,LOC03,LANDSLIDE_ONLY,27.385,88.755,15.0,68,16.54,14.49,3.45,12.48,23.76,0.458,0.0,0.0,NO_RIVER_ZONE,0.0,0
REC_2023_LOC04_092,2023-08-31,LOC04,LANDSLIDE_ONLY,27.545,88.455,25.0,72,17.12,22.51,16.23,71.93,121.22,0.705,0.0,0.0,NO_RIVER_ZONE,0.0,0
REC_2023_LOC05_092,2023-08-31,LOC05,FLOOD_ONLY,27.2345,88.4972,180.0,86,21.03,22.1,1.03,5.68,15.59,0.394,75.0,0.0,IN_BANK_FLOW,3.0,0
REC_2023_LOC06_092,2023-08-31,LOC06,FLOOD_ONLY,27.1739,88.518,210.0,88,21.32,22.07,10.92,27.39,72.67,0.634,169.8,0.0,IN_BANK_FLOW,3.9,0
REC_2023_LOC01_093,2023-09-01,LOC01,COMPOUND,27.604,88.646,85.0,80,18.38,73.89,5.53,13.1,21.59,0.437,28.0,0.0,IN_BANK_FLOW,3.0,0
REC_2023_LOC02_093,2023-09-01,LOC02,COMPOUND,27.399,88.524,95.0,78,18.6,74.22,13.1,34.23,80.65,0.681,64.3,0.0,IN_BANK_FLOW,3.0,0
REC_2023_LOC03_093,2023-09-01,LOC03,LANDSLIDE_ONLY,27.385,88.755,15.0,68,16.54,14.49,3.14,8.16,14.63,0.404,0.0,0.0,NO_RIVER_ZONE,0.0,0
REC_2023_LOC04_093,2023-09-01,LOC04,LANDSLIDE_ONLY,27.545,88.455,25.0,72,17.12,22.51,2.44,14.55,25.89,0.434,0.0,0.0,NO_RIVER_ZONE,0.0,0
REC_2023_LOC05_093,2023-09-01,LOC05,FLOOD_ONLY,27.2345,88.4972,180.0,86,21.03,22.1,0.46,1.65,2.69,0.36,75.0,0.0,IN_BANK_FLOW,3.0,0
REC_2023_LOC06_093,2023-09-01,LOC06,FLOOD_ONLY,27.1739,88.518,210.0,88,21.32,22.07,0.02,0.09,0.21,0.351,95.0,0.0,IN_BANK_FLOW,3.0,0
REC_2023_LOC01_094,2023-09-02,LOC01,COMPOUND,27.604,88.646,85.0,80,18.38,73.89,8.43,47.4,93.25,0.661,76.9,0.0,IN_BANK_FLOW,4.6,0
REC_2023_LOC02_094,2023-09-02,LOC02,COMPOUND,27.399,88.524,95.0,78,18.6,74.22,6.35,18.49,42.4,0.469,46.0,0.0,IN_BANK_FLOW,3.0,0
REC_2023_LOC03_094,2023-09-02,LOC03,LANDSLIDE_ONLY,27.385,88.755,15.0,68,16.54,14.49,12.6,42.83,69.25,0.623,0.0,0.0,NO_RIVER_ZONE,0.0,0
REC_2023_LOC04_094,2023-09-02,LOC04,LANDSLIDE_ONLY,27.545,88.455,25.0,72,17.12,22.51,1.4,4.83,11.0,0.395,0.0,0.0,NO_RIVER_ZONE,0.0,0
REC_2023_LOC05_094,2023-09-02,LOC05,FLOOD_ONLY,27.2345,88.4972,180.0,86,21.03,22.1,2.9,7.35,16.13,0.411,75.0,0.0,IN_BANK_FLOW,3.0,0
REC_2023_LOC06_094,2023-09-02,LOC06,FLOOD_ONLY,27.1739,88.518,210.0,88,21.32,22.07,1.24,4.84,12.04,0.38,95.0,0.0,IN_BANK_FLOW,3.0,0
REC_2023_LOC01_095,2023-09-03,LOC01,COMPOUND,27.604,88.646,85.0,80,18.38,73.89,4.22,11.63,21.66,0.438,28.0,0.0,IN_BANK_FLOW,3.0,0
REC_2023_LOC02_095,2023-09-03,LOC02,COMPOUND,27.399,88.524,95.0,78,18.6,74.22,0.46,1.68,4.59,0.367,45.0,0.0,IN_BANK_FLOW,3.0,0
REC_2023_LOC03_095,2023-09-03,LOC03,LANDSLIDE_ONLY,27.385,88.755,15.0,68,16.54,14.49,4.39,14.61,40.4,0.479,0.0,0.0,NO_RIVER_ZONE,0.0,0
REC_2023_LOC04_095,2023-09-03,LOC04,LANDSLIDE_ONLY,27.545,88.455,25.0,72,17.12,22.51,10.86,38.97,100.43,0.704,0.0,0.0,NO_RIVER_ZONE,0.0,0
REC_2023_LOC05_095,2023-09-03,LOC05,FLOOD_ONLY,27.2345,88.4972,180.0,86,21.03,22.1,3.65,17.62,36.9,0.438,89.5,0.0,IN_BANK_FLOW,3.0,0
REC_2023_LOC06_095,2023-09-03,LOC06,FLOOD_ONLY,27.1739,88.518,210.0,88,21.32,22.07,2.62,11.7,28.34,0.442,100.7,0.0,IN_BANK_FLOW,3.0,0
REC_2023_LOC01_096,2023-09-04,LOC01,COMPOUND,27.604,88.646,85.0,80,18.38,73.89,0.82,5.46,14.41,0.392,28.0,0.0,IN_BANK_FLOW,3.0,0
REC_2023_LOC02_096,2023-09-04,LOC02,COMPOUND,27.399,88.524,95.0,78,18.6,74.22,7.24,17.74,31.37,0.439,45.7,0.0,IN_BANK_FLOW,3.0,0
REC_2023_LOC03_096,2023-09-04,LOC03,LANDSLIDE_ONLY,27.385,88.755,15.0,68,16.54,14.49,11.83,38.4,100.6,0.588,0.0,0.0,NO_RIVER_ZONE,0.0,0
REC_2023_LOC04_096,2023-09-04,LOC04,LANDSLIDE_ONLY,27.545,88.455,25.0,72,17.12,22.51,7.26,27.28,50.35,0.474,0.0,0.0,NO_RIVER_ZONE,0.0,0
REC_2023_LOC05_096,2023-09-04,LOC05,FLOOD_ONLY,27.2345,88.4972,180.0,86,21.03,22.1,7.72,21.76,38.35,0.48,103.0,0.0,IN_BANK_FLOW,3.0,0
REC_2023_LOC06_096,2023-09-04,LOC06,FLOOD_ONLY,27.1739,88.518,210.0,88,21.32,22.07,0.05,0.2,0.32,0.351,95.0,0.0,IN_BANK_FLOW,3.0,0
REC_2023_LOC01_097,2023-09-05,LOC01,COMPOUND,27.604,88.646,85.0,80,18.38,73.89,2.52,7.13,13.16,0.39,28.0,0.0,IN_BANK_FLOW,3.0,0
REC_2023_LOC02_097,2023-09-05,LOC02,COMPOUND,27.399,88.524,95.0,78,18.6,74.22,1.69,6.82,14.19,0.402,45.0,0.0,IN_BANK_FLOW,3.0,0
REC_2023_LOC03_097,2023-09-05,LOC03,LANDSLIDE_ONLY,27.385,88.755,15.0,68,16.54,14.49,1.01,3.34,7.37,0.369,0.0,0.0,NO_RIVER_ZONE,0.0,0
REC_2023_LOC04_097,2023-09-05,LOC04,LANDSLIDE_ONLY,27.545,88.455,25.0,72,17.12,22.51,1.25,6.42,10.31,0.4,0.0,0.0,NO_RIVER_ZONE,0.0,0
REC_2023_LOC05_097,2023-09-05,LOC05,FLOOD_ONLY,27.2345,88.4972,180.0,86,21.03,22.1,3.21,18.81,32.75,0.487,93.1,0.0,IN_BANK_FLOW,3.0,0
REC_2023_LOC06_097,2023-09-05,LOC06,FLOOD_ONLY,27.1739,88.518,210.0,88,21.32,22.07,0.17,0.84,1.41,0.354,95.0,0.0,IN_BANK_FLOW,3.0,0
REC_2023_LOC01_098,2023-09-06,LOC01,COMPOUND,27.604,88.646,85.0,80,18.38,73.89,2.03,6.99,14.78,0.411,28.0,0.0,IN_BANK_FLOW,3.0,0
REC_2023_LOC02_098,2023-09-06,LOC02,COMPOUND,27.399,88.524,95.0,78,18.6,74.22,5.24,24.43,63.39,0.596,50.6,0.0,IN_BANK_FLOW,3.0,0
REC_2023_LOC03_098,2023-09-06,LOC03,LANDSLIDE_ONLY,27.385,88.755,15.0,68,16.54,14.49,0.25,0.63,1.11,0.354,0.0,0.0,NO_RIVER_ZONE,0.0,0
REC_2023_LOC04_098,2023-09-06,LOC04,LANDSLIDE_ONLY,27.545,88.455,25.0,72,17.12,22.51,2.87,15.74,37.57,0.468,0.0,0.0,NO_RIVER_ZONE,0.0,0
REC_2023_LOC05_098,2023-09-06,LOC05,FLOOD_ONLY,27.2345,88.4972,180.0,86,21.03,22.1,2.44,10.34,20.94,0.42,75.8,0.0,IN_BANK_FLOW,3.0,0
REC_2023_LOC06_098,2023-09-06,LOC06,FLOOD_ONLY,27.1739,88.518,210.0,88,21.32,22.07,3.44,13.02,26.46,0.429,104.0,0.0,IN_BANK_FLOW,3.0,0
REC_2023_LOC01_099,2023-09-07,LOC01,COMPOUND,27.604,88.646,85.0,80,18.38,73.89,0.45,2.79,5.29,0.374,28.0,0.0,IN_BANK_FLOW,3.0,0
REC_2023_LOC02_099,2023-09-07,LOC02,COMPOUND,27.399,88.524,95.0,78,18.6,74.22,4.41,9.9,19.36,0.413,45.0,0.0,IN_BANK_FLOW,3.0,0
REC_2023_LOC03_099,2023-09-07,LOC03,LANDSLIDE_ONLY,27.385,88.755,15.0,68,16.54,14.49,2.05,6.11,11.8,0.39,0.0,0.0,NO_RIVER_ZONE,0.0,0
REC_2023_LOC04_099,2023-09-07,LOC04,LANDSLIDE_ONLY,27.545,88.455,25.0,72,17.12,22.51,2.58,13.75,25.12,0.443,0.0,0.0,NO_RIVER_ZONE,0.0,0
REC_2023_LOC05_099,2023-09-07,LOC05,FLOOD_ONLY,27.2345,88.4972,180.0,86,21.03,22.1,0.45,1.96,5.39,0.364,75.0,0.0,IN_BANK_FLOW,3.0,0
REC_2023_LOC06_099,2023-09-07,LOC06,FLOOD_ONLY,27.1739,88.518,210.0,88,21.32,22.07,4.95,17.27,39.11,0.475,118.4,0.0,IN_BANK_FLOW,3.0,0
REC_2023_LOC01_100,2023-09-08,LOC01,COMPOUND,27.604,88.646,85.0,80,18.38,73.89,0.47,1.2,2.98,0.36,28.0,0.0,IN_BANK_FLOW,3.0,0
REC_2023_LOC02_100,2023-09-08,LOC02,COMPOUND,27.399,88.524,95.0,78,18.6,74.22,2.39,7.8,12.98,0.4,45.0,0.0,IN_BANK_FLOW,3.0,0
REC_2023_LOC03_100,2023-09-08,LOC03,LANDSLIDE_ONLY,27.385,88.755,15.0,68,16.54,14.49,17.65,39.25,106.1,0.77,0.0,0.0,NO_RIVER_ZONE,0.0,0
REC_2023_LOC04_100,2023-09-08,LOC04,LANDSLIDE_ONLY,27.545,88.455,25.0,72,17.12,22.51,6.91,18.99,52.84,0.5,0.0,0.0,NO_RIVER_ZONE,0.0,0
REC_2023_LOC05_100,2023-09-08,LOC05,FLOOD_ONLY,27.2345,88.4972,180.0,86,21.03,22.1,2.64,13.11,21.33,0.432,79.3,0.0,IN_BANK_FLOW,3.0,0
REC_2023_LOC06_100,2023-09-08,LOC06,FLOOD_ONLY,27.1739,88.518,210.0,88,21.32,22.07,22.92,51.43,108.33,0.679,341.3,0.0,IN_BANK_FLOW,7.8,0
REC_2023_LOC01_101,2023-09-09,LOC01,COMPOUND,27.604,88.646,85.0,80,18.38,73.89,2.25,11.89,31.46,0.45,28.0,0.0,IN_BANK_FLOW,3.0,0
REC_2023_LOC02_101,2023-09-09,LOC02,COMPOUND,27.399,88.524,95.0,78,18.6,74.22,30.46,81.02,223.16,0.902,188.2,0.0,IN_BANK_FLOW,7.2,0
REC_2023_LOC03_101,2023-09-09,LOC03,LANDSLIDE_ONLY,27.385,88.755,15.0,68,16.54,14.49,1.19,3.23,6.57,0.368,0.0,0.0,NO_RIVER_ZONE,0.0,0
REC_2023_LOC04_101,2023-09-09,LOC04,LANDSLIDE_ONLY,27.545,88.455,25.0,72,17.12,22.51,3.4,11.05,19.52,0.441,0.0,0.0,NO_RIVER_ZONE,0.0,0
REC_2023_LOC05_101,2023-09-09,LOC05,FLOOD_ONLY,27.2345,88.4972,180.0,86,21.03,22.1,39.45,87.89,231.07,0.98,517.2,0.0,IN_BANK_FLOW,15.2,0
REC_2023_LOC06_101,2023-09-09,LOC06,FLOOD_ONLY,27.1739,88.518,210.0,88,21.32,22.07,1.87,6.47,11.49,0.393,95.0,0.0,IN_BANK_FLOW,3.0,0
REC_2023_LOC01_102,2023-09-10,LOC01,COMPOUND,27.604,88.646,85.0,80,18.38,73.89,17.17,41.42,67.87,0.627,63.6,0.0,IN_BANK_FLOW,3.8,0
REC_2023_LOC02_102,2023-09-10,LOC02,COMPOUND,27.399,88.524,95.0,78,18.6,74.22,13.03,79.86,150.24,0.836,184.4,0.0,IN_BANK_FLOW,7.1,0
REC_2023_LOC03_102,2023-09-10,LOC03,LANDSLIDE_ONLY,27.385,88.755,15.0,68,16.54,14.49,0.21,0.78,1.64,0.357,0.0,0.0,NO_RIVER_ZONE,0.0,0
REC_2023_LOC04_102,2023-09-10,LOC04,LANDSLIDE_ONLY,27.545,88.455,25.0,72,17.12,22.51,8.41,24.69,46.53,0.546,0.0,0.0,NO_RIVER_ZONE,0.0,0
REC_2023_LOC05_102,2023-09-10,LOC05,FLOOD_ONLY,27.2345,88.4972,180.0,86,21.03,22.1,9.93,50.81,111.64,0.699,257.0,0.0,IN_BANK_FLOW,7.6,0
REC_2023_LOC06_102,2023-09-10,LOC06,FLOOD_ONLY,27.1739,88.518,210.0,88,21.32,22.07,22.43,98.45,244.41,0.98,748.6,0.0,IN_BANK_FLOW,17.0,0
REC_2023_LOC01_103,2023-09-11,LOC01,COMPOUND,27.604,88.646,85.0,80,18.38,73.89,9.18,29.28,54.58,0.518,41.7,0.0,IN_BANK_FLOW,3.0,0
REC_2023_LOC02_103,2023-09-11,LOC02,COMPOUND,27.399,88.524,95.0,78,18.6,74.22,14.98,55.76,90.98,0.695,112.6,0.0,IN_BANK_FLOW,4.3,0
REC_2023_LOC03_103,2023-09-11,LOC03,LANDSLIDE_ONLY,27.385,88.755,15.0,68,16.54,14.49,0.31,1.32,2.25,0.359,0.0,0.0,NO_RIVER_ZONE,0.0,0
REC_2023_LOC04_103,2023-09-11,LOC04,LANDSLIDE_ONLY,27.545,88.455,25.0,72,17.12,22.51,18.03,59.5,140.8,0.814,0.0,0.0,NO_RIVER_ZONE,0.0,0
REC_2023_LOC05_103,2023-09-11,LOC05,FLOOD_ONLY,27.2345,88.4972,180.0,86,21.03,22.1,10.48,27.15,49.66,0.507,124.9,0.0,IN_BANK_FLOW,3.7,0
REC_2023_LOC06_103,2023-09-11,LOC06,FLOOD_ONLY,27.1739,88.518,210.0,88,21.32,22.07,11.68,28.96,71.95,0.591,179.3,0.0,IN_BANK_FLOW,4.1,0
REC_2023_LOC01_104,2023-09-12,LOC01,COMPOUND,27.604,88.646,85.0,80,18.38,73.89,1.84,6.97,19.17,0.407,28.0,0.0,IN_BANK_FLOW,3.0,0
REC_2023_LOC02_104,2023-09-12,LOC02,COMPOUND,27.399,88.524,95.0,78,18.6,74.22,5.68,22.8,56.24,0.547,49.0,0.0,IN_BANK_FLOW,3.0,0
REC_2023_LOC03_104,2023-09-12,LOC03,LANDSLIDE_ONLY,27.385,88.755,15.0,68,16.54,14.49,2.1,5.67,13.08,0.391,0.0,0.0,NO_RIVER_ZONE,0.0,0
REC_2023_LOC04_104,2023-09-12,LOC04,LANDSLIDE_ONLY,27.545,88.455,25.0,72,17.12,22.51,10.21,36.01,79.55,0.598,0.0,0.0,NO_RIVER_ZONE,0.0,0
REC_2023_LOC05_104,2023-09-12,LOC05,FLOOD_ONLY,27.2345,88.4972,180.0,86,21.03,22.1,0.76,2.27,6.34,0.373,75.0,0.0,IN_BANK_FLOW,3.0,0
REC_2023_LOC06_104,2023-09-12,LOC06,FLOOD_ONLY,27.1739,88.518,210.0,88,21.32,22.07,6.49,21.63,49.42,0.544,138.1,0.0,IN_BANK_FLOW,3.1,0
REC_2023_LOC01_105,2023-09-13,LOC01,COMPOUND,27.604,88.646,85.0,80,18.38,73.89,3.01,11.9,27.16,0.425,28.0,0.0,IN_BANK_FLOW,3.0,0
REC_2023_LOC02_105,2023-09-13,LOC02,COMPOUND,27.399,88.524,95.0,78,18.6,74.22,2.17,9.22,24.76,0.425,45.0,0.0,IN_BANK_FLOW,3.0,0
REC_2023_LOC03_105,2023-09-13,LOC03,LANDSLIDE_ONLY,27.385,88.755,15.0,68,16.54,14.49,6.58,35.12,77.0,0.547,0.0,0.0,NO_RIVER_ZONE,0.0,0
REC_2023_LOC04_105,2023-09-13,LOC04,LANDSLIDE_ONLY,27.545,88.455,25.0,72,17.12,22.51,8.03,18.62,31.71,0.453,0.0,0.0,NO_RIVER_ZONE,0.0,0
REC_2023_LOC05_105,2023-09-13,LOC05,FLOOD_ONLY,27.2345,88.4972,180.0,86,21.03,22.1,1.56,9.84,24.13,0.438,75.5,0.0,IN_BANK_FLOW,3.0,0
REC_2023_LOC06_105,2023-09-13,LOC06,FLOOD_ONLY,27.1739,88.518,210.0,88,21.32,22.07,1.26,4.5,12.21,0.383,95.0,0.0,IN_BANK_FLOW,3.0,0
REC_2023_LOC01_106,2023-09-14,LOC01,COMPOUND,27.604,88.646,85.0,80,18.38,73.89,2.61,9.74,22.18,0.404,28.0,0.0,IN_BANK_FLOW,3.0,0
REC_2023_LOC02_106,2023-09-14,LOC02,COMPOUND,27.399,88.524,95.0,78,18.6,74.22,9.09,24.91,58.12,0.541,51.1,0.0,IN_BANK_FLOW,3.0,0
REC_2023_LOC03_106,2023-09-14,LOC03,LANDSLIDE_ONLY,27.385,88.755,15.0,68,16.54,14.49,2.34,8.61,14.79,0.401,0.0,0.0,NO_RIVER_ZONE,0.0,0
REC_2023_LOC04_106,2023-09-14,LOC04,LANDSLIDE_ONLY,27.545,88.455,25.0,72,17.12,22.51,0.25,1.3,2.15,0.358,0.0,0.0,NO_RIVER_ZONE,0.0,0
REC_2023_LOC05_106,2023-09-14,LOC05,FLOOD_ONLY,27.2345,88.4972,180.0,86,21.03,22.1,7.83,17.43,32.75,0.474,89.0,0.0,IN_BANK_FLOW,3.0,0
REC_2023_LOC06_106,2023-09-14,LOC06,FLOOD_ONLY,27.1739,88.518,210.0,88,21.32,22.07,20.11,45.25,116.64,0.682,293.1,0.0,IN_BANK_FLOW,6.7,0
REC_2023_LOC01_107,2023-09-15,LOC01,COMPOUND,27.604,88.646,85.0,80,18.38,73.89,0.85,3.04,7.17,0.371,28.0,0.0,IN_BANK_FLOW,3.0,0
REC_2023_LOC02_107,2023-09-15,LOC02,COMPOUND,27.399,88.524,95.0,78,18.6,74.22,2.37,5.27,12.16,0.395,45.0,0.0,IN_BANK_FLOW,3.0,0
REC_2023_LOC03_107,2023-09-15,LOC03,LANDSLIDE_ONLY,27.385,88.755,15.0,68,16.54,14.49,13.47,37.89,79.42,0.627,0.0,0.0,NO_RIVER_ZONE,0.0,0
REC_2023_LOC04_107,2023-09-15,LOC04,LANDSLIDE_ONLY,27.545,88.455,25.0,72,17.12,22.51,2.48,5.79,13.1,0.391,0.0,0.0,NO_RIVER_ZONE,0.0,0
REC_2023_LOC05_107,2023-09-15,LOC05,FLOOD_ONLY,27.2345,88.4972,180.0,86,21.03,22.1,0.26,0.86,1.87,0.356,75.0,0.0,IN_BANK_FLOW,3.0,0
REC_2023_LOC06_107,2023-09-15,LOC06,FLOOD_ONLY,27.1739,88.518,210.0,88,21.32,22.07,0.39,1.86,5.21,0.365,95.0,0.0,IN_BANK_FLOW,3.0,0
REC_2023_LOC01_108,2023-09-16,LOC01,COMPOUND,27.604,88.646,85.0,80,18.38,73.89,2.34,15.27,40.55,0.5,28.4,0.0,IN_BANK_FLOW,3.0,0
REC_2023_LOC02_108,2023-09-16,LOC02,COMPOUND,27.399,88.524,95.0,78,18.6,74.22,0.45,1.21,2.43,0.357,45.0,0.0,IN_BANK_FLOW,3.0,0
REC_2023_LOC03_108,2023-09-16,LOC03,LANDSLIDE_ONLY,27.385,88.755,15.0,68,16.54,14.49,2.79,6.68,13.64,0.39,0.0,0.0,NO_RIVER_ZONE,0.0,0
REC_2023_LOC04_108,2023-09-16,LOC04,LANDSLIDE_ONLY,27.545,88.455,25.0,72,17.12,22.51,25.88,64.09,137.52,0.78,0.0,0.0,NO_RIVER_ZONE,0.0,0
REC_2023_LOC05_108,2023-09-16,LOC05,FLOOD_ONLY,27.2345,88.4972,180.0,86,21.03,22.1,1.57,7.19,17.71,0.413,75.0,0.0,IN_BANK_FLOW,3.0,0
REC_2023_LOC06_108,2023-09-16,LOC06,FLOOD_ONLY,27.1739,88.518,210.0,88,21.32,22.07,12.67,30.09,68.8,0.621,186.4,0.0,IN_BANK_FLOW,4.2,0
REC_2023_LOC01_109,2023-09-17,LOC01,COMPOUND,27.604,88.646,85.0,80,18.38,73.89,28.93,103.57,255.97,0.98,241.1,0.0,IN_BANK_FLOW,14.4,0
REC_2023_LOC02_109,2023-09-17,LOC02,COMPOUND,27.399,88.524,95.0,78,18.6,74.22,9.1,20.24,41.09,0.498,47.0,0.0,IN_BANK_FLOW,3.0,0
REC_2023_LOC03_109,2023-09-17,LOC03,LANDSLIDE_ONLY,27.385,88.755,15.0,68,16.54,14.49,0.16,0.91,1.48,0.356,0.0,0.0,NO_RIVER_ZONE,0.0,0
REC_2023_LOC04_109,2023-09-17,LOC04,LANDSLIDE_ONLY,27.545,88.455,25.0,72,17.12,22.51,2.23,5.73,14.66,0.402,0.0,0.0,NO_RIVER_ZONE,0.0,0
REC_2023_LOC05_109,2023-09-17,LOC05,FLOOD_ONLY,27.2345,88.4972,180.0,86,21.03,22.1,0.82,3.46,6.3,0.375,75.0,0.0,IN_BANK_FLOW,3.0,0
REC_2023_LOC06_109,2023-09-17,LOC06,FLOOD_ONLY,27.1739,88.518,210.0,88,21.32,22.07,12.3,40.67,84.93,0.603,258.9,0.0,IN_BANK_FLOW,5.9,0
REC_2023_LOC01_110,2023-09-18,LOC01,COMPOUND,27.604,88.646,85.0,80,18.38,73.89,1.97,4.71,10.54,0.387,28.0,0.0,IN_BANK_FLOW,3.0,0
REC_2023_LOC02_110,2023-09-18,LOC02,COMPOUND,27.399,88.524,95.0,78,18.6,74.22,0.63,2.65,5.77,0.368,45.0,0.0,IN_BANK_FLOW,3.0,0
REC_2023_LOC03_110,2023-09-18,LOC03,LANDSLIDE_ONLY,27.385,88.755,15.0,68,16.54,14.49,4.09,10.01,26.46,0.45,0.0,0.0,NO_RIVER_ZONE,0.0,0
REC_2023_LOC04_110,2023-09-18,LOC04,LANDSLIDE_ONLY,27.545,88.455,25.0,72,17.12,22.51,4.88,16.67,29.17,0.453,0.0,0.0,NO_RIVER_ZONE,0.0,0
REC_2023_LOC05_110,2023-09-18,LOC05,FLOOD_ONLY,27.2345,88.4972,180.0,86,21.03,22.1,6.04,18.33,33.79,0.472,91.6,0.0,IN_BANK_FLOW,3.0,0
REC_2023_LOC06_110,2023-09-18,LOC06,FLOOD_ONLY,27.1739,88.518,210.0,88,21.32,22.07,6.87,16.1,27.61,0.445,113.9,0.0,IN_BANK_FLOW,3.0,0
REC_2023_LOC01_111,2023-09-19,LOC01,COMPOUND,27.604,88.646,85.0,80,18.38,73.89,0.19,1.11,1.83,0.357,28.0,0.0,IN_BANK_FLOW,3.0,0
REC_2023_LOC02_111,2023-09-19,LOC02,COMPOUND,27.399,88.524,95.0,78,18.6,74.22,4.42,19.52,45.3,0.504,46.6,0.0,IN_BANK_FLOW,3.0,0
REC_2023_LOC03_111,2023-09-19,LOC03,LANDSLIDE_ONLY,27.385,88.755,15.0,68,16.54,14.49,17.8,64.0,132.49,0.708,0.0,0.0,NO_RIVER_ZONE,0.0,0
REC_2023_LOC04_111,2023-09-19,LOC04,LANDSLIDE_ONLY,27.545,88.455,25.0,72,17.12,22.51,0.63,2.17,3.48,0.36,0.0,0.0,NO_RIVER_ZONE,0.0,0
REC_2023_LOC05_111,2023-09-19,LOC05,FLOOD_ONLY,27.2345,88.4972,180.0,86,21.03,22.1,3.21,11.43,21.98,0.417,76.9,0.0,IN_BANK_FLOW,3.0,0
REC_2023_LOC06_111,2023-09-19,LOC06,FLOOD_ONLY,27.1739,88.518,210.0,88,21.32,22.07,3.37,11.6,25.48,0.428,100.5,0.0,IN_BANK_FLOW,3.0,0
REC_2023_LOC01_112,2023-09-20,LOC01,COMPOUND,27.604,88.646,85.0,80,18.38,73.89,5.49,20.87,43.75,0.491,31.7,0.0,IN_BANK_FLOW,3.0,0
REC_2023_LOC02_112,2023-09-20,LOC02,COMPOUND,27.399,88.524,95.0,78,18.6,74.22,8.4,20.02,49.07,0.545,46.9,0.0,IN_BANK_FLOW,3.0,0
REC_2023_LOC03_112,2023-09-20,LOC03,LANDSLIDE_ONLY,27.385,88.755,15.0,68,16.54,14.49,18.98,68.95,127.86,0.819,0.0,0.0,NO_RIVER_ZONE,0.0,0
REC_2023_LOC04_112,2023-09-20,LOC04,LANDSLIDE_ONLY,27.545,88.455,25.0,72,17.12,22.51,26.0,62.05,120.99,0.716,0.0,0.0,NO_RIVER_ZONE,0.0,0
REC_2023_LOC05_112,2023-09-20,LOC05,FLOOD_ONLY,27.2345,88.4972,180.0,86,21.03,22.1,6.26,24.11,64.03,0.532,112.0,0.0,IN_BANK_FLOW,3.3,0
REC_2023_LOC06_112,2023-09-20,LOC06,FLOOD_ONLY,27.1739,88.518,210.0,88,21.32,22.07,2.53,8.29,16.49,0.398,95.5,0.0,IN_BANK_FLOW,3.0,0
REC_2023_LOC01_113,2023-09-21,LOC01,COMPOUND,27.604,88.646,85.0,80,18.38,73.89,1.6,9.34,24.96,0.418,28.0,0.0,IN_BANK_FLOW,3.0,0
REC_2023_LOC02_113,2023-09-21,LOC02,COMPOUND,27.399,88.524,95.0,78,18.6,74.22,0.35,1.05,2.7,0.358,45.0,0.0,IN_BANK_FLOW,3.0,0
REC_2023_LOC03_113,2023-09-21,LOC03,LANDSLIDE_ONLY,27.385,88.755,15.0,68,16.54,14.49,8.44,49.19,107.4,0.675,0.0,0.0,NO_RIVER_ZONE,0.0,0
REC_2023_LOC04_113,2023-09-21,LOC04,LANDSLIDE_ONLY,27.545,88.455,25.0,72,17.12,22.51,0.1,0.31,0.68,0.352,0.0,0.0,NO_RIVER_ZONE,0.0,0
REC_2023_LOC05_113,2023-09-21,LOC05,FLOOD_ONLY,27.2345,88.4972,180.0,86,21.03,22.1,3.2,13.08,33.1,0.464,79.2,0.0,IN_BANK_FLOW,3.0,0
REC_2023_LOC06_113,2023-09-21,LOC06,FLOOD_ONLY,27.1739,88.518,210.0,88,21.32,22.07,14.2,46.83,101.19,0.667,305.3,0.0,IN_BANK_FLOW,6.9,0
REC_2023_LOC01_114,2023-09-22,LOC01,COMPOUND,27.604,88.646,85.0,80,18.38,73.89,6.81,29.44,66.32,0.582,41.9,0.0,IN_BANK_FLOW,3.0,0
REC_2023_LOC02_114,2023-09-22,LOC02,COMPOUND,27.399,88.524,95.0,78,18.6,74.22,1.63,8.24,21.97,0.434,45.0,0.0,IN_BANK_FLOW,3.0,0
REC_2023_LOC03_114,2023-09-22,LOC03,LANDSLIDE_ONLY,27.385,88.755,15.0,68,16.54,14.49,3.31,20.28,36.28,0.438,0.0,0.0,NO_RIVER_ZONE,0.0,0
REC_2023_LOC04_114,2023-09-22,LOC04,LANDSLIDE_ONLY,27.545,88.455,25.0,72,17.12,22.51,0.78,4.63,10.35,0.385,0.0,0.0,NO_RIVER_ZONE,0.0,0
REC_2023_LOC05_114,2023-09-22,LOC05,FLOOD_ONLY,27.2345,88.4972,180.0,86,21.03,22.1,1.77,3.94,9.96,0.382,75.0,0.0,IN_BANK_FLOW,3.0,0
REC_2023_LOC06_114,2023-09-22,LOC06,FLOOD_ONLY,27.1739,88.518,210.0,88,21.32,22.07,3.58,20.51,41.57,0.473,132.7,0.0,IN_BANK_FLOW,3.0,0
REC_2023_LOC01_115,2023-09-23,LOC01,COMPOUND,27.604,88.646,85.0,80,18.38,73.89,1.93,11.43,31.27,0.469,28.0,0.0,IN_BANK_FLOW,3.0,0
REC_2023_LOC02_115,2023-09-23,LOC02,COMPOUND,27.399,88.524,95.0,78,18.6,74.22,5.63,12.67,31.64,0.47,45.0,0.0,IN_BANK_FLOW,3.0,0
REC_2023_LOC03_115,2023-09-23,LOC03,LANDSLIDE_ONLY,27.385,88.755,15.0,68,16.54,14.49,0.77,2.06,3.96,0.367,0.0,0.0,NO_RIVER_ZONE,0.0,0
REC_2023_LOC04_115,2023-09-23,LOC04,LANDSLIDE_ONLY,27.545,88.455,25.0,72,17.12,22.51,0.36,1.89,3.17,0.359,0.0,0.0,NO_RIVER_ZONE,0.0,0
REC_2023_LOC05_115,2023-09-23,LOC05,FLOOD_ONLY,27.2345,88.4972,180.0,86,21.03,22.1,13.22,34.31,76.74,0.586,159.9,0.0,IN_BANK_FLOW,4.7,0
REC_2023_LOC06_115,2023-09-23,LOC06,FLOOD_ONLY,27.1739,88.518,210.0,88,21.32,22.07,14.5,34.46,69.15,0.578,215.0,0.0,IN_BANK_FLOW,4.9,0
REC_2023_LOC01_116,2023-09-24,LOC01,COMPOUND,27.604,88.646,85.0,80,18.38,73.89,11.73,51.3,138.03,0.801,86.1,0.0,IN_BANK_FLOW,5.1,0
REC_2023_LOC02_116,2023-09-24,LOC02,COMPOUND,27.399,88.524,95.0,78,18.6,74.22,8.75,22.48,42.64,0.526,48.7,0.0,IN_BANK_FLOW,3.0,0
REC_2023_LOC03_116,2023-09-24,LOC03,LANDSLIDE_ONLY,27.385,88.755,15.0,68,16.54,14.49,0.52,1.62,4.49,0.365,0.0,0.0,NO_RIVER_ZONE,0.0,0
REC_2023_LOC04_116,2023-09-24,LOC04,LANDSLIDE_ONLY,27.545,88.455,25.0,72,17.12,22.51,0.88,2.99,6.45,0.376,0.0,0.0,NO_RIVER_ZONE,0.0,0
REC_2023_LOC05_116,2023-09-24,LOC05,FLOOD_ONLY,27.2345,88.4972,180.0,86,21.03,22.1,1.03,2.3,5.81,0.37,75.0,0.0,IN_BANK_FLOW,3.0,0
REC_2023_LOC06_116,2023-09-24,LOC06,FLOOD_ONLY,27.1739,88.518,210.0,88,21.32,22.07,8.27,19.65,35.3,0.465,128.6,0.0,IN_BANK_FLOW,3.0,0
REC_2023_LOC01_117,2023-09-25,LOC01,COMPOUND,27.604,88.646,85.0,80,18.38,73.89,2.58,6.53,14.76,0.411,28.0,0.0,IN_BANK_FLOW,3.0,0
REC_2023_LOC02_117,2023-09-25,LOC02,COMPOUND,27.399,88.524,95.0,78,18.6,74.22,4.09,9.8,21.18,0.422,45.0,0.0,IN_BANK_FLOW,3.0,0
REC_2023_LOC03_117,2023-09-25,LOC03,LANDSLIDE_ONLY,27.385,88.755,15.0,68,16.54,14.49,3.61,9.32,17.56,0.421,0.0,0.0,NO_RIVER_ZONE,0.0,0
REC_2023_LOC04_117,2023-09-25,LOC04,LANDSLIDE_ONLY,27.545,88.455,25.0,72,17.12,22.51,4.79,11.4,30.24,0.423,0.0,0.0,NO_RIVER_ZONE,0.0,0
REC_2023_LOC05_117,2023-09-25,LOC05,FLOOD_ONLY,27.2345,88.4972,180.0,86,21.03,22.1,4.52,22.0,44.35,0.506,103.9,0.0,IN_BANK_FLOW,3.1,0
REC_2023_LOC06_117,2023-09-25,LOC06,FLOOD_ONLY,27.1739,88.518,210.0,88,21.32,22.07,1.44,8.99,15.85,0.399,96.1,0.0,IN_BANK_FLOW,3.0,0
REC_2023_LOC01_118,2023-09-26,LOC01,COMPOUND,27.604,88.646,85.0,80,18.38,73.89,1.64,6.67,13.29,0.398,28.0,0.0,IN_BANK_FLOW,3.0,0
REC_2023_LOC02_118,2023-09-26,LOC02,COMPOUND,27.399,88.524,95.0,78,18.6,74.22,0.08,0.38,0.66,0.352,45.0,0.0,IN_BANK_FLOW,3.0,0
REC_2023_LOC03_118,2023-09-26,LOC03,LANDSLIDE_ONLY,27.385,88.755,15.0,68,16.54,14.49,0.5,1.28,2.94,0.36,0.0,0.0,NO_RIVER_ZONE,0.0,0
REC_2023_LOC04_118,2023-09-26,LOC04,LANDSLIDE_ONLY,27.545,88.455,25.0,72,17.12,22.51,0.97,5.74,15.09,0.389,0.0,0.0,NO_RIVER_ZONE,0.0,0
REC_2023_LOC05_118,2023-09-26,LOC05,FLOOD_ONLY,27.2345,88.4972,180.0,86,21.03,22.1,0.28,0.75,1.72,0.356,75.0,0.0,IN_BANK_FLOW,3.0,0
REC_2023_LOC06_118,2023-09-26,LOC06,FLOOD_ONLY,27.1739,88.518,210.0,88,21.32,22.07,14.38,41.0,87.15,0.677,261.3,0.0,IN_BANK_FLOW,5.9,0
REC_2023_LOC01_119,2023-09-27,LOC01,COMPOUND,27.604,88.646,85.0,80,18.38,73.89,1.99,5.83,12.24,0.391,28.0,0.0,IN_BANK_FLOW,3.0,0
REC_2023_LOC02_119,2023-09-27,LOC02,COMPOUND,27.399,88.524,95.0,78,18.6,74.22,7.69,19.73,43.25,0.472,46.7,0.0,IN_BANK_FLOW,3.0,0
REC_2023_LOC03_119,2023-09-27,LOC03,LANDSLIDE_ONLY,27.385,88.755,15.0,68,16.54,14.49,6.05,20.03,37.85,0.467,0.0,0.0,NO_RIVER_ZONE,0.0,0
REC_2023_LOC04_119,2023-09-27,LOC04,LANDSLIDE_ONLY,27.545,88.455,25.0,72,17.12,22.51,0.35,1.17,2.57,0.36,0.0,0.0,NO_RIVER_ZONE,0.0,0
REC_2023_LOC05_119,2023-09-27,LOC05,FLOOD_ONLY,27.2345,88.4972,180.0,86,21.03,22.1,5.42,16.78,35.34,0.495,87.3,0.0,IN_BANK_FLOW,3.0,0
REC_2023_LOC06_119,2023-09-27,LOC06,FLOOD_ONLY,27.1739,88.518,210.0,88,21.32,22.07,3.13,16.54,43.98,0.516,115.6,0.0,IN_BANK_FLOW,3.0,0
REC_2023_LOC01_120,2023-09-28,LOC01,COMPOUND,27.604,88.646,85.0,80,18.38,73.89,4.59,14.06,28.08,0.427,28.1,0.0,IN_BANK_FLOW,3.0,0
REC_2023_LOC02_120,2023-09-28,LOC02,COMPOUND,27.399,88.524,95.0,78,18.6,74.22,22.58,51.45,116.63,0.691,101.4,0.0,IN_BANK_FLOW,3.9,0
REC_2023_LOC03_120,2023-09-28,LOC03,LANDSLIDE_ONLY,27.385,88.755,15.0,68,16.54,14.49,1.97,5.63,11.1,0.386,0.0,0.0,NO_RIVER_ZONE,0.0,0
REC_2023_LOC04_120,2023-09-28,LOC04,LANDSLIDE_ONLY,27.545,88.455,25.0,72,17.12,22.51,0.3,1.31,2.38,0.358,0.0,0.0,NO_RIVER_ZONE,0.0,0
REC_2023_LOC05_120,2023-09-28,LOC05,FLOOD_ONLY,27.2345,88.4972,180.0,86,21.03,22.1,4.07,11.41,27.18,0.458,76.9,0.0,IN_BANK_FLOW,3.0,0
REC_2023_LOC06_120,2023-09-28,LOC06,FLOOD_ONLY,27.1739,88.518,210.0,88,21.32,22.07,0.23,1.36,2.56,0.358,95.0,0.0,IN_BANK_FLOW,3.0,0
REC_2023_LOC01_121,2023-09-29,LOC01,COMPOUND,27.604,88.646,85.0,80,18.38,73.89,1.15,4.8,11.21,0.395,28.0,0.0,IN_BANK_FLOW,3.0,0
REC_2023_LOC02_121,2023-09-29,LOC02,COMPOUND,27.399,88.524,95.0,78,18.6,74.22,1.53,5.34,13.72,0.4,45.0,0.0,IN_BANK_FLOW,3.0,0
REC_2023_LOC03_121,2023-09-29,LOC03,LANDSLIDE_ONLY,27.385,88.755,15.0,68,16.54,14.49,5.39,34.36,68.0,0.591,0.0,0.0,NO_RIVER_ZONE,0.0,0
REC_2023_LOC04_121,2023-09-29,LOC04,LANDSLIDE_ONLY,27.545,88.455,25.0,72,17.12,22.51,18.03,60.27,113.38,0.66,0.0,0.0,NO_RIVER_ZONE,0.0,0
REC_2023_LOC05_121,2023-09-29,LOC05,FLOOD_ONLY,27.2345,88.4972,180.0,86,21.03,22.1,6.03,17.26,35.32,0.482,88.5,0.0,IN_BANK_FLOW,3.0,0
REC_2023_LOC06_121,2023-09-29,LOC06,FLOOD_ONLY,27.1739,88.518,210.0,88,21.32,22.07,2.18,11.23,29.66,0.447,99.7,0.0,IN_BANK_FLOW,3.0,0
REC_2023_LOC01_122,2023-09-30,LOC01,COMPOUND,27.604,88.646,85.0,80,18.38,73.89,0.69,4.19,7.91,0.379,28.0,0.0,IN_BANK_FLOW,3.0,0
REC_2023_LOC02_122,2023-09-30,LOC02,COMPOUND,27.399,88.524,95.0,78,18.6,74.22,3.75,9.72,26.94,0.439,45.0,0.0,IN_BANK_FLOW,3.0,0
REC_2023_LOC03_122,2023-09-30,LOC03,LANDSLIDE_ONLY,27.385,88.755,15.0,68,16.54,14.49,4.91,17.71,33.18,0.449,0.0,0.0,NO_RIVER_ZONE,0.0,0
REC_2023_LOC04_122,2023-09-30,LOC04,LANDSLIDE_ONLY,27.545,88.455,25.0,72,17.12,22.51,5.77,24.62,39.81,0.492,0.0,0.0,NO_RIVER_ZONE,0.0,0
REC_2023_LOC05_122,2023-09-30,LOC05,FLOOD_ONLY,27.2345,88.4972,180.0,86,21.03,22.1,2.19,5.64,15.37,0.406,75.0,0.0,IN_BANK_FLOW,3.0,0
REC_2023_LOC06_122,2023-09-30,LOC06,FLOOD_ONLY,27.1739,88.518,210.0,88,21.32,22.07,7.38,27.73,72.11,0.601,171.8,0.0,IN_BANK_FLOW,3.9,0
REC_2023_LOC01_123,2023-10-01,LOC01,COMPOUND,27.604,88.646,85.0,80,18.38,73.89,0.22,0.51,1.17,0.354,28.0,0.0,IN_BANK_FLOW,3.0,0
REC_2023_LOC02_123,2023-10-01,LOC02,COMPOUND,27.399,88.524,95.0,78,18.6,74.22,3.11,18.35,31.85,0.458,46.0,0.0,IN_BANK_FLOW,3.0,0
REC_2023_LOC03_123,2023-10-01,LOC03,LANDSLIDE_ONLY,27.385,88.755,15.0,68,16.54,14.49,1.44,3.63,8.39,0.386,0.0,0.0,NO_RIVER_ZONE,0.0,0
REC_2023_LOC04_123,2023-10-01,LOC04,LANDSLIDE_ONLY,27.545,88.455,25.0,72,17.12,22.51,1.16,2.87,4.69,0.368,0.0,0.0,NO_RIVER_ZONE,0.0,0
REC_2023_LOC05_123,2023-10-01,LOC05,FLOOD_ONLY,27.2345,88.4972,180.0,86,21.03,22.1,0.71,1.73,4.62,0.363,75.0,0.0,IN_BANK_FLOW,3.0,0
REC_2023_LOC06_123,2023-10-01,LOC06,FLOOD_ONLY,27.1739,88.518,210.0,88,21.32,22.07,2.16,5.11,10.17,0.383,95.0,0.0,IN_BANK_FLOW,3.0,0
REC_2023_LOC01_124,2023-10-02,LOC01,COMPOUND,27.604,88.646,85.0,80,18.38,73.89,1.21,7.45,17.37,0.407,28.0,0.0,IN_BANK_FLOW,3.0,0
REC_2023_LOC02_124,2023-10-02,LOC02,COMPOUND,27.399,88.524,95.0,78,18.6,74.22,3.1,12.54,23.86,0.439,45.0,0.0,IN_BANK_FLOW,3.0,0
REC_2023_LOC03_124,2023-10-02,LOC03,LANDSLIDE_ONLY,27.385,88.755,15.0,68,16.54,14.49,0.43,0.96,2.24,0.357,0.0,0.0,NO_RIVER_ZONE,0.0,0
REC_2023_LOC04_124,2023-10-02,LOC04,LANDSLIDE_ONLY,27.545,88.455,25.0,72,17.12,22.51,0.44,2.36,5.93,0.371,0.0,0.0,NO_RIVER_ZONE,0.0,0
REC_2023_LOC05_124,2023-10-02,LOC05,FLOOD_ONLY,27.2345,88.4972,180.0,86,21.03,22.1,2.61,10.15,26.0,0.437,75.7,0.0,IN_BANK_FLOW,3.0,0
REC_2023_LOC06_124,2023-10-02,LOC06,FLOOD_ONLY,27.1739,88.518,210.0,88,21.32,22.07,6.53,27.83,59.27,0.543,172.4,0.0,IN_BANK_FLOW,3.9,0
REC_2023_LOC01_125,2023-10-03,LOC01,COMPOUND,27.604,88.646,85.0,80,18.38,73.89,35.18,149.77,302.57,0.98,401.2,0.2,BANKFULL_WARNING,54.1,0
REC_2023_LOC02_125,2023-10-03,LOC02,COMPOUND,27.399,88.524,95.0,78,18.6,74.22,57.37,128.92,253.28,0.98,359.0,0.0,IN_BANK_FLOW,13.8,0
REC_2023_LOC03_125,2023-10-03,LOC03,LANDSLIDE_ONLY,27.385,88.755,15.0,68,16.54,14.49,22.37,148.38,304.19,0.98,0.0,0.0,NO_RIVER_ZONE,0.0,0
REC_2023_LOC04_125,2023-10-03,LOC04,LANDSLIDE_ONLY,27.545,88.455,25.0,72,17.12,22.51,49.25,151.76,398.76,0.98,0.0,0.0,NO_RIVER_ZONE,0.0,0
REC_2023_LOC05_125,2023-10-03,LOC05,FLOOD_ONLY,27.2345,88.4972,180.0,86,21.03,22.1,46.17,137.09,257.31,0.98,897.8,0.16,OVERBANK_FLOODING,56.9,1
REC_2023_LOC06_125,2023-10-03,LOC06,FLOOD_ONLY,27.1739,88.518,210.0,88,21.32,22.07,53.29,130.42,214.4,0.98,1044.4,0.2,BANKFULL_WARNING,54.0,0
REC_2023_LOC01_126,2023-10-04,LOC01,COMPOUND,27.604,88.646,85.0,80,18.38,73.89,59.01,136.18,333.79,0.98,352.9,0.2,BANKFULL_WARNING,51.8,0
REC_2023_LOC02_126,2023-10-04,LOC02,COMPOUND,27.399,88.524,95.0,78,18.6,74.22,30.67,141.28,348.72,0.98,406.4,0.0,IN_BANK_FLOW,15.6,0
REC_2023_LOC03_126,2023-10-04,LOC03,LANDSLIDE_ONLY,27.385,88.755,15.0,68,16.54,14.49,75.58,181.11,359.63,0.98,0.0,0.0,NO_RIVER_ZONE,0.0,0
REC_2023_LOC04_126,2023-10-04,LOC04,LANDSLIDE_ONLY,27.545,88.455,25.0,72,17.12,22.51,45.73,150.2,247.89,0.968,0.0,0.0,NO_RIVER_ZONE,0.0,0
REC_2023_LOC05_126,2023-10-04,LOC05,FLOOD_ONLY,27.2345,88.4972,180.0,86,21.03,22.1,57.7,173.4,404.27,0.98,1189.3,1.12,OVERBANK_FLOODING,68.4,1
REC_2023_LOC06_126,2023-10-04,LOC06,FLOOD_ONLY,27.1739,88.518,210.0,88,21.32,22.07,44.6,126.34,215.96,0.98,1006.2,0.2,BANKFULL_WARNING,53.3,0
REC_2023_LOC01_127,2023-10-05,LOC01,COMPOUND,27.604,88.646,85.0,80,18.38,73.89,30.42,156.71,352.99,0.98,426.2,0.04,OVERBANK_FLOODING,55.5,1
REC_2023_LOC02_127,2023-10-05,LOC02,COMPOUND,27.399,88.524,95.0,78,18.6,74.22,50.94,114.76,199.94,0.98,306.0,0.0,IN_BANK_FLOW,11.8,0
REC_2023_LOC03_127,2023-10-05,LOC03,LANDSLIDE_ONLY,27.385,88.755,15.0,68,16.54,14.49,24.93,118.69,197.31,0.98,0.0,0.0,NO_RIVER_ZONE,0.0,0
REC_2023_LOC04_127,2023-10-05,LOC04,LANDSLIDE_ONLY,27.545,88.455,25.0,72,17.12,22.51,54.8,135.79,231.58,0.98,0.0,0.0,NO_RIVER_ZONE,0.0,0
REC_2023_LOC05_127,2023-10-05,LOC05,FLOOD_ONLY,27.2345,88.4972,180.0,86,21.03,22.1,64.14,166.37,312.04,0.98,1132.4,0.93,OVERBANK_FLOODING,66.2,1
REC_2023_LOC06_127,2023-10-05,LOC06,FLOOD_ONLY,27.1739,88.518,210.0,88,21.32,22.07,22.12,140.37,326.15,0.98,1137.9,0.1,OVERBANK_FLOODING,56.2,1
REC_2023_LOC01_128,2023-10-06,LOC01,COMPOUND,27.604,88.646,85.0,80,18.38,73.89,1.42,3.89,9.24,0.373,28.0,0.0,IN_BANK_FLOW,3.0,0
REC_2023_LOC02_128,2023-10-06,LOC02,COMPOUND,27.399,88.524,95.0,78,18.6,74.22,3.36,7.49,17.85,0.407,45.0,0.0,IN_BANK_FLOW,3.0,0
REC_2023_LOC03_128,2023-10-06,LOC03,LANDSLIDE_ONLY,27.385,88.755,15.0,68,16.54,14.49,7.27,24.32,47.38,0.497,0.0,0.0,NO_RIVER_ZONE,0.0,0
REC_2023_LOC04_128,2023-10-06,LOC04,LANDSLIDE_ONLY,27.545,88.455,25.0,72,17.12,22.51,0.41,0.93,2.59,0.359,0.0,0.0,NO_RIVER_ZONE,0.0,0
REC_2023_LOC05_128,2023-10-06,LOC05,FLOOD_ONLY,27.2345,88.4972,180.0,86,21.03,22.1,0.81,3.81,8.03,0.373,75.0,0.0,IN_BANK_FLOW,3.0,0
REC_2023_LOC06_128,2023-10-06,LOC06,FLOOD_ONLY,27.1739,88.518,210.0,88,21.32,22.07,3.67,23.41,54.03,0.567,147.3,0.0,IN_BANK_FLOW,3.3,0
REC_2023_LOC01_129,2023-10-07,LOC01,COMPOUND,27.604,88.646,85.0,80,18.38,73.89,0.1,0.32,0.67,0.352,28.0,0.0,IN_BANK_FLOW,3.0,0
REC_2023_LOC02_129,2023-10-07,LOC02,COMPOUND,27.399,88.524,95.0,78,18.6,74.22,0.19,1.0,1.65,0.357,45.0,0.0,IN_BANK_FLOW,3.0,0
REC_2023_LOC03_129,2023-10-07,LOC03,LANDSLIDE_ONLY,27.385,88.755,15.0,68,16.54,14.49,2.01,7.99,16.25,0.406,0.0,0.0,NO_RIVER_ZONE,0.0,0
REC_2023_LOC04_129,2023-10-07,LOC04,LANDSLIDE_ONLY,27.545,88.455,25.0,72,17.12,22.51,2.53,6.58,15.84,0.406,0.0,0.0,NO_RIVER_ZONE,0.0,0
REC_2023_LOC05_129,2023-10-07,LOC05,FLOOD_ONLY,27.2345,88.4972,180.0,86,21.03,22.1,0.62,2.87,6.15,0.371,75.0,0.0,IN_BANK_FLOW,3.0,0
REC_2023_LOC06_129,2023-10-07,LOC06,FLOOD_ONLY,27.1739,88.518,210.0,88,21.32,22.07,2.19,5.37,11.75,0.384,95.0,0.0,IN_BANK_FLOW,3.0,0
REC_2023_LOC01_130,2023-10-08,LOC01,COMPOUND,27.604,88.646,85.0,80,18.38,73.89,10.42,23.62,61.92,0.571,34.4,0.0,IN_BANK_FLOW,3.0,0
REC_2023_LOC02_130,2023-10-08,LOC02,COMPOUND,27.399,88.524,95.0,78,18.6,74.22,1.31,8.47,15.04,0.411,45.0,0.0,IN_BANK_FLOW,3.0,0
REC_2023_LOC03_130,2023-10-08,LOC03,LANDSLIDE_ONLY,27.385,88.755,15.0,68,16.54,14.49,5.6,16.49,34.26,0.441,0.0,0.0,NO_RIVER_ZONE,0.0,0
REC_2023_LOC04_130,2023-10-08,LOC04,LANDSLIDE_ONLY,27.545,88.455,25.0,72,17.12,22.51,1.34,4.47,11.89,0.392,0.0,0.0,NO_RIVER_ZONE,0.0,0
REC_2023_LOC05_130,2023-10-08,LOC05,FLOOD_ONLY,27.2345,88.4972,180.0,86,21.03,22.1,8.13,18.71,51.25,0.564,92.8,0.0,IN_BANK_FLOW,3.0,0
REC_2023_LOC06_130,2023-10-08,LOC06,FLOOD_ONLY,27.1739,88.518,210.0,88,21.32,22.07,0.27,1.01,2.79,0.36,95.0,0.0,IN_BANK_FLOW,3.0,0
REC_2023_LOC01_131,2023-10-09,LOC01,COMPOUND,27.604,88.646,85.0,80,18.38,73.89,0.07,0.37,0.68,0.352,28.0,0.0,IN_BANK_FLOW,3.0,0
REC_2023_LOC02_131,2023-10-09,LOC02,COMPOUND,27.399,88.524,95.0,78,18.6,74.22,1.9,7.25,13.41,0.406,45.0,0.0,IN_BANK_FLOW,3.0,0
REC_2023_LOC03_131,2023-10-09,LOC03,LANDSLIDE_ONLY,27.385,88.755,15.0,68,16.54,14.49,0.4,2.0,4.96,0.364,0.0,0.0,NO_RIVER_ZONE,0.0,0
REC_2023_LOC04_131,2023-10-09,LOC04,LANDSLIDE_ONLY,27.545,88.455,25.0,72,17.12,22.51,0.57,3.31,6.89,0.372,0.0,0.0,NO_RIVER_ZONE,0.0,0
REC_2023_LOC05_131,2023-10-09,LOC05,FLOOD_ONLY,27.2345,88.4972,180.0,86,21.03,22.1,0.6,3.2,6.67,0.367,75.0,0.0,IN_BANK_FLOW,3.0,0
REC_2023_LOC06_131,2023-10-09,LOC06,FLOOD_ONLY,27.1739,88.518,210.0,88,21.32,22.07,0.69,2.25,4.97,0.367,95.0,0.0,IN_BANK_FLOW,3.0,0
REC_2023_LOC01_132,2023-10-10,LOC01,COMPOUND,27.604,88.646,85.0,80,18.38,73.89,5.81,13.06,31.74,0.438,28.0,0.0,IN_BANK_FLOW,3.0,0
REC_2023_LOC02_132,2023-10-10,LOC02,COMPOUND,27.399,88.524,95.0,78,18.6,74.22,0.76,2.79,7.5,0.382,45.0,0.0,IN_BANK_FLOW,3.0,0
REC_2023_LOC03_132,2023-10-10,LOC03,LANDSLIDE_ONLY,27.385,88.755,15.0,68,16.54,14.49,2.23,5.3,11.99,0.385,0.0,0.0,NO_RIVER_ZONE,0.0,0
REC_2023_LOC04_132,2023-10-10,LOC04,LANDSLIDE_ONLY,27.545,88.455,25.0,72,17.12,22.51,1.74,9.53,19.88,0.422,0.0,0.0,NO_RIVER_ZONE,0.0,0
REC_2023_LOC05_132,2023-10-10,LOC05,FLOOD_ONLY,27.2345,88.4972,180.0,86,21.03,22.1,4.71,22.13,36.42,0.51,104.4,0.0,IN_BANK_FLOW,3.1,0
REC_2023_LOC06_132,2023-10-10,LOC06,FLOOD_ONLY,27.1739,88.518,210.0,88,21.32,22.07,6.37,21.12,45.75,0.488,135.6,0.0,IN_BANK_FLOW,3.1,0
REC_2023_LOC01_133,2023-10-11,LOC01,COMPOUND,27.604,88.646,85.0,80,18.38,73.89,0.45,2.11,5.57,0.37,28.0,0.0,IN_BANK_FLOW,3.0,0
REC_2023_LOC02_133,2023-10-11,LOC02,COMPOUND,27.399,88.524,95.0,78,18.6,74.22,6.91,28.36,51.72,0.521,55.2,0.0,IN_BANK_FLOW,3.0,0
REC_2023_LOC03_133,2023-10-11,LOC03,LANDSLIDE_ONLY,27.385,88.755,15.0,68,16.54,14.49,0.9,2.42,5.34,0.366,0.0,0.0,NO_RIVER_ZONE,0.0,0
REC_2023_LOC04_133,2023-10-11,LOC04,LANDSLIDE_ONLY,27.545,88.455,25.0,72,17.12,22.51,0.19,0.64,1.6,0.354,0.0,0.0,NO_RIVER_ZONE,0.0,0
REC_2023_LOC05_133,2023-10-11,LOC05,FLOOD_ONLY,27.2345,88.4972,180.0,86,21.03,22.1,0.2,1.1,2.57,0.358,75.0,0.0,IN_BANK_FLOW,3.0,0
REC_2023_LOC06_133,2023-10-11,LOC06,FLOOD_ONLY,27.1739,88.518,210.0,88,21.32,22.07,3.76,8.71,23.28,0.403,95.9,0.0,IN_BANK_FLOW,3.0,0
REC_2023_LOC01_134,2023-10-12,LOC01,COMPOUND,27.604,88.646,85.0,80,18.38,73.89,1.88,4.88,9.09,0.378,28.0,0.0,IN_BANK_FLOW,3.0,0
REC_2023_LOC02_134,2023-10-12,LOC02,COMPOUND,27.399,88.524,95.0,78,18.6,74.22,0.97,2.65,6.73,0.373,45.0,0.0,IN_BANK_FLOW,3.0,0
REC_2023_LOC03_134,2023-10-12,LOC03,LANDSLIDE_ONLY,27.385,88.755,15.0,68,16.54,14.49,2.17,5.21,8.36,0.378,0.0,0.0,NO_RIVER_ZONE,0.0,0
REC_2023_LOC04_134,2023-10-12,LOC04,LANDSLIDE_ONLY,27.545,88.455,25.0,72,17.12,22.51,3.37,11.8,26.79,0.419,0.0,0.0,NO_RIVER_ZONE,0.0,0
REC_2023_LOC05_134,2023-10-12,LOC05,FLOOD_ONLY,27.2345,88.4972,180.0,86,21.03,22.1,1.1,4.56,9.86,0.385,75.0,0.0,IN_BANK_FLOW,3.0,0
REC_2023_LOC06_134,2023-10-12,LOC06,FLOOD_ONLY,27.1739,88.518,210.0,88,21.32,22.07,1.63,6.75,18.63,0.406,95.0,0.0,IN_BANK_FLOW,3.0,0
REC_2023_LOC01_135,2023-10-13,LOC01,COMPOUND,27.604,88.646,85.0,80,18.38,73.89,11.71,32.5,60.14,0.536,46.8,0.0,IN_BANK_FLOW,3.0,0
REC_2023_LOC02_135,2023-10-13,LOC02,COMPOUND,27.399,88.524,95.0,78,18.6,74.22,0.99,6.14,16.29,0.408,45.0,0.0,IN_BANK_FLOW,3.0,0
REC_2023_LOC03_135,2023-10-13,LOC03,LANDSLIDE_ONLY,27.385,88.755,15.0,68,16.54,14.49,1.16,5.32,10.17,0.379,0.0,0.0,NO_RIVER_ZONE,0.0,0
REC_2023_LOC04_135,2023-10-13,LOC04,LANDSLIDE_ONLY,27.545,88.455,25.0,72,17.12,22.51,1.82,4.39,10.65,0.381,0.0,0.0,NO_RIVER_ZONE,0.0,0
REC_2023_LOC05_135,2023-10-13,LOC05,FLOOD_ONLY,27.2345,88.4972,180.0,86,21.03,22.1,0.24,1.35,3.59,0.365,75.0,0.0,IN_BANK_FLOW,3.0,0
REC_2023_LOC06_135,2023-10-13,LOC06,FLOOD_ONLY,27.1739,88.518,210.0,88,21.32,22.07,0.16,0.5,0.81,0.353,95.0,0.0,IN_BANK_FLOW,3.0,0
REC_2023_LOC01_136,2023-10-14,LOC01,COMPOUND,27.604,88.646,85.0,80,18.38,73.89,3.02,10.04,26.69,0.433,28.0,0.0,IN_BANK_FLOW,3.0,0
REC_2023_LOC02_136,2023-10-14,LOC02,COMPOUND,27.399,88.524,95.0,78,18.6,74.22,1.44,3.59,8.64,0.379,45.0,0.0,IN_BANK_FLOW,3.0,0
REC_2023_LOC03_136,2023-10-14,LOC03,LANDSLIDE_ONLY,27.385,88.755,15.0,68,16.54,14.49,2.14,11.78,21.99,0.436,0.0,0.0,NO_RIVER_ZONE,0.0,0
REC_2023_LOC04_136,2023-10-14,LOC04,LANDSLIDE_ONLY,27.545,88.455,25.0,72,17.12,22.51,3.55,8.7,23.69,0.438,0.0,0.0,NO_RIVER_ZONE,0.0,0
REC_2023_LOC05_136,2023-10-14,LOC05,FLOOD_ONLY,27.2345,88.4972,180.0,86,21.03,22.1,3.88,8.66,21.51,0.407,75.0,0.0,IN_BANK_FLOW,3.0,0
REC_2023_LOC06_136,2023-10-14,LOC06,FLOOD_ONLY,27.1739,88.518,210.0,88,21.32,22.07,1.24,5.72,15.62,0.396,95.0,0.0,IN_BANK_FLOW,3.0,0
REC_2023_LOC01_137,2023-10-15,LOC01,COMPOUND,27.604,88.646,85.0,80,18.38,73.89,0.08,0.35,0.82,0.353,28.0,0.0,IN_BANK_FLOW,3.0,0
REC_2023_LOC02_137,2023-10-15,LOC02,COMPOUND,27.399,88.524,95.0,78,18.6,74.22,0.2,1.18,2.8,0.361,45.0,0.0,IN_BANK_FLOW,3.0,0
REC_2023_LOC03_137,2023-10-15,LOC03,LANDSLIDE_ONLY,27.385,88.755,15.0,68,16.54,14.49,2.16,9.31,25.99,0.413,0.0,0.0,NO_RIVER_ZONE,0.0,0
REC_2023_LOC04_137,2023-10-15,LOC04,LANDSLIDE_ONLY,27.545,88.455,25.0,72,17.12,22.51,8.86,24.69,67.49,0.533,0.0,0.0,NO_RIVER_ZONE,0.0,0
REC_2023_LOC05_137,2023-10-15,LOC05,FLOOD_ONLY,27.2345,88.4972,180.0,86,21.03,22.1,6.17,20.42,55.37,0.53,98.3,0.0,IN_BANK_FLOW,3.0,0
REC_2023_LOC06_137,2023-10-15,LOC06,FLOOD_ONLY,27.1739,88.518,210.0,88,21.32,22.07,8.55,23.9,45.45,0.51,149.9,0.0,IN_BANK_FLOW,3.4,0
REC_2023_LOC01_138,2023-10-16,LOC01,COMPOUND,27.604,88.646,85.0,80,18.38,73.89,6.93,17.7,31.32,0.489,29.5,0.0,IN_BANK_FLOW,3.0,0
REC_2023_LOC02_138,2023-10-16,LOC02,COMPOUND,27.399,88.524,95.0,78,18.6,74.22,1.71,4.75,7.79,0.374,45.0,0.0,IN_BANK_FLOW,3.0,0
REC_2023_LOC03_138,2023-10-16,LOC03,LANDSLIDE_ONLY,27.385,88.755,15.0,68,16.54,14.49,2.96,12.14,26.04,0.444,0.0,0.0,NO_RIVER_ZONE,0.0,0
REC_2023_LOC04_138,2023-10-16,LOC04,LANDSLIDE_ONLY,27.545,88.455,25.0,72,17.12,22.51,0.11,0.53,1.2,0.354,0.0,0.0,NO_RIVER_ZONE,0.0,0
REC_2023_LOC05_138,2023-10-16,LOC05,FLOOD_ONLY,27.2345,88.4972,180.0,86,21.03,22.1,2.1,12.22,22.43,0.426,77.9,0.0,IN_BANK_FLOW,3.0,0
REC_2023_LOC06_138,2023-10-16,LOC06,FLOOD_ONLY,27.1739,88.518,210.0,88,21.32,22.07,1.13,5.2,13.6,0.396,95.0,0.0,IN_BANK_FLOW,3.0,0
REC_2023_LOC01_139,2023-10-17,LOC01,COMPOUND,27.604,88.646,85.0,80,18.38,73.89,1.04,2.59,4.82,0.363,28.0,0.0,IN_BANK_FLOW,3.0,0
REC_2023_LOC02_139,2023-10-17,LOC02,COMPOUND,27.399,88.524,95.0,78,18.6,74.22,0.6,1.59,3.0,0.361,45.0,0.0,IN_BANK_FLOW,3.0,0
REC_2023_LOC03_139,2023-10-17,LOC03,LANDSLIDE_ONLY,27.385,88.755,15.0,68,16.54,14.49,1.29,3.42,9.4,0.375,0.0,0.0,NO_RIVER_ZONE,0.0,0
REC_2023_LOC04_139,2023-10-17,LOC04,LANDSLIDE_ONLY,27.545,88.455,25.0,72,17.12,22.51,1.42,4.4,9.95,0.389,0.0,0.0,NO_RIVER_ZONE,0.0,0
REC_2023_LOC05_139,2023-10-17,LOC05,FLOOD_ONLY,27.2345,88.4972,180.0,86,21.03,22.1,1.18,4.04,7.82,0.376,75.0,0.0,IN_BANK_FLOW,3.0,0
REC_2023_LOC06_139,2023-10-17,LOC06,FLOOD_ONLY,27.1739,88.518,210.0,88,21.32,22.07,0.89,2.66,4.68,0.362,95.0,0.0,IN_BANK_FLOW,3.0,0
REC_2023_LOC01_140,2023-10-18,LOC01,COMPOUND,27.604,88.646,85.0,80,18.38,73.89,0.12,0.44,1.19,0.354,28.0,0.0,IN_BANK_FLOW,3.0,0
REC_2023_LOC02_140,2023-10-18,LOC02,COMPOUND,27.399,88.524,95.0,78,18.6,74.22,0.24,0.53,1.4,0.355,45.0,0.0,IN_BANK_FLOW,3.0,0
REC_2023_LOC03_140,2023-10-18,LOC03,LANDSLIDE_ONLY,27.385,88.755,15.0,68,16.54,14.49,0.45,1.56,4.2,0.362,0.0,0.0,NO_RIVER_ZONE,0.0,0
REC_2023_LOC04_140,2023-10-18,LOC04,LANDSLIDE_ONLY,27.545,88.455,25.0,72,17.12,22.51,2.53,7.11,11.87,0.392,0.0,0.0,NO_RIVER_ZONE,0.0,0
REC_2023_LOC05_140,2023-10-18,LOC05,FLOOD_ONLY,27.2345,88.4972,180.0,86,21.03,22.1,0.39,1.24,3.34,0.359,75.0,0.0,IN_BANK_FLOW,3.0,0
REC_2023_LOC06_140,2023-10-18,LOC06,FLOOD_ONLY,27.1739,88.518,210.0,88,21.32,22.07,0.78,2.32,4.86,0.365,95.0,0.0,IN_BANK_FLOW,3.0,0
REC_2023_LOC01_141,2023-10-19,LOC01,COMPOUND,27.604,88.646,85.0,80,18.38,73.89,1.12,2.89,5.36,0.374,28.0,0.0,IN_BANK_FLOW,3.0,0
REC_2023_LOC02_141,2023-10-19,LOC02,COMPOUND,27.399,88.524,95.0,78,18.6,74.22,2.63,7.3,13.22,0.405,45.0,0.0,IN_BANK_FLOW,3.0,0
REC_2023_LOC03_141,2023-10-19,LOC03,LANDSLIDE_ONLY,27.385,88.755,15.0,68,16.54,14.49,2.31,6.48,13.43,0.409,0.0,0.0,NO_RIVER_ZONE,0.0,0
REC_2023_LOC04_141,2023-10-19,LOC04,LANDSLIDE_ONLY,27.545,88.455,25.0,72,17.12,22.51,6.57,18.46,44.62,0.482,0.0,0.0,NO_RIVER_ZONE,0.0,0
REC_2023_LOC05_141,2023-10-19,LOC05,FLOOD_ONLY,27.2345,88.4972,180.0,86,21.03,22.1,6.45,40.26,67.57,0.575,192.7,0.0,IN_BANK_FLOW,5.7,0
REC_2023_LOC06_141,2023-10-19,LOC06,FLOOD_ONLY,27.1739,88.518,210.0,88,21.32,22.07,0.92,4.28,11.3,0.394,95.0,0.0,IN_BANK_FLOW,3.0,0
REC_2023_LOC01_142,2023-10-20,LOC01,COMPOUND,27.604,88.646,85.0,80,18.38,73.89,11.63,31.62,52.46,0.54,45.3,0.0,IN_BANK_FLOW,3.0,0
REC_2023_LOC02_142,2023-10-20,LOC02,COMPOUND,27.399,88.524,95.0,78,18.6,74.22,2.17,12.82,24.97,0.418,45.0,0.0,IN_BANK_FLOW,3.0,0
REC_2023_LOC03_142,2023-10-20,LOC03,LANDSLIDE_ONLY,27.385,88.755,15.0,68,16.54,14.49,1.08,2.51,4.95,0.366,0.0,0.0,NO_RIVER_ZONE,0.0,0
REC_2023_LOC04_142,2023-10-20,LOC04,LANDSLIDE_ONLY,27.545,88.455,25.0,72,17.12,22.51,0.61,1.48,3.71,0.36,0.0,0.0,NO_RIVER_ZONE,0.0,0
REC_2023_LOC05_142,2023-10-20,LOC05,FLOOD_ONLY,27.2345,88.4972,180.0,86,21.03,22.1,4.53,13.92,25.83,0.433,80.7,0.0,IN_BANK_FLOW,3.0,0
REC_2023_LOC06_142,2023-10-20,LOC06,FLOOD_ONLY,27.1739,88.518,210.0,88,21.32,22.07,3.37,8.57,19.99,0.41,95.7,0.0,IN_BANK_FLOW,3.0,0
REC_2023_LOC01_143,2023-10-21,LOC01,COMPOUND,27.604,88.646,85.0,80,18.38,73.89,4.71,13.33,25.34,0.447,28.0,0.0,IN_BANK_FLOW,3.0,0
REC_2023_LOC02_143,2023-10-21,LOC02,COMPOUND,27.399,88.524,95.0,78,18.6,74.22,0.26,0.69,1.77,0.355,45.0,0.0,IN_BANK_FLOW,3.0,0
REC_2023_LOC03_143,2023-10-21,LOC03,LANDSLIDE_ONLY,27.385,88.755,15.0,68,16.54,14.49,3.37,12.62,20.36,0.419,0.0,0.0,NO_RIVER_ZONE,0.0,0
REC_2023_LOC04_143,2023-10-21,LOC04,LANDSLIDE_ONLY,27.545,88.455,25.0,72,17.12,22.51,0.48,1.25,2.01,0.356,0.0,0.0,NO_RIVER_ZONE,0.0,0
REC_2023_LOC05_143,2023-10-21,LOC05,FLOOD_ONLY,27.2345,88.4972,180.0,86,21.03,22.1,0.72,3.12,6.91,0.372,75.0,0.0,IN_BANK_FLOW,3.0,0
REC_2023_LOC06_143,2023-10-21,LOC06,FLOOD_ONLY,27.1739,88.518,210.0,88,21.32,22.07,0.23,0.64,1.77,0.356,95.0,0.0,IN_BANK_FLOW,3.0,0
REC_2023_LOC01_144,2023-10-22,LOC01,COMPOUND,27.604,88.646,85.0,80,18.38,73.89,1.17,7.39,16.69,0.399,28.0,0.0,IN_BANK_FLOW,3.0,0
REC_2023_LOC02_144,2023-10-22,LOC02,COMPOUND,27.399,88.524,95.0,78,18.6,74.22,2.89,8.71,22.78,0.429,45.0,0.0,IN_BANK_FLOW,3.0,0
REC_2023_LOC03_144,2023-10-22,LOC03,LANDSLIDE_ONLY,27.385,88.755,15.0,68,16.54,14.49,0.16,0.7,1.92,0.355,0.0,0.0,NO_RIVER_ZONE,0.0,0
REC_2023_LOC04_144,2023-10-22,LOC04,LANDSLIDE_ONLY,27.545,88.455,25.0,72,17.12,22.51,0.56,2.26,4.74,0.365,0.0,0.0,NO_RIVER_ZONE,0.0,0
REC_2023_LOC05_144,2023-10-22,LOC05,FLOOD_ONLY,27.2345,88.4972,180.0,86,21.03,22.1,4.67,11.98,20.62,0.417,77.6,0.0,IN_BANK_FLOW,3.0,0
REC_2023_LOC06_144,2023-10-22,LOC06,FLOOD_ONLY,27.1739,88.518,210.0,88,21.32,22.07,10.6,31.8,74.27,0.581,197.3,0.0,IN_BANK_FLOW,4.5,0
REC_2023_LOC01_145,2023-10-23,LOC01,COMPOUND,27.604,88.646,85.0,80,18.38,73.89,0.25,1.02,2.07,0.359,28.0,0.0,IN_BANK_FLOW,3.0,0
REC_2023_LOC02_145,2023-10-23,LOC02,COMPOUND,27.399,88.524,95.0,78,18.6,74.22,4.96,16.34,43.9,0.468,45.2,0.0,IN_BANK_FLOW,3.0,0
REC_2023_LOC03_145,2023-10-23,LOC03,LANDSLIDE_ONLY,27.385,88.755,15.0,68,16.54,14.49,1.69,4.87,11.8,0.376,0.0,0.0,NO_RIVER_ZONE,0.0,0
REC_2023_LOC04_145,2023-10-23,LOC04,LANDSLIDE_ONLY,27.545,88.455,25.0,72,17.12,22.51,2.21,7.01,16.14,0.402,0.0,0.0,NO_RIVER_ZONE,0.0,0
REC_2023_LOC05_145,2023-10-23,LOC05,FLOOD_ONLY,27.2345,88.4972,180.0,86,21.03,22.1,0.53,1.5,4.09,0.36,75.0,0.0,IN_BANK_FLOW,3.0,0
REC_2023_LOC06_145,2023-10-23,LOC06,FLOOD_ONLY,27.1739,88.518,210.0,88,21.32,22.07,0.19,0.45,1.02,0.353,95.0,0.0,IN_BANK_FLOW,3.0,0
REC_2023_LOC01_146,2023-10-24,LOC01,COMPOUND,27.604,88.646,85.0,80,18.38,73.89,2.12,5.56,13.4,0.391,28.0,0.0,IN_BANK_FLOW,3.0,0
REC_2023_LOC02_146,2023-10-24,LOC02,COMPOUND,27.399,88.524,95.0,78,18.6,74.22,1.52,7.13,17.78,0.421,45.0,0.0,IN_BANK_FLOW,3.0,0
REC_2023_LOC03_146,2023-10-24,LOC03,LANDSLIDE_ONLY,27.385,88.755,15.0,68,16.54,14.49,0.19,0.61,1.38,0.355,0.0,0.0,NO_RIVER_ZONE,0.0,0
REC_2023_LOC04_146,2023-10-24,LOC04,LANDSLIDE_ONLY,27.545,88.455,25.0,72,17.12,22.51,0.64,1.71,2.82,0.363,0.0,0.0,NO_RIVER_ZONE,0.0,0
REC_2023_LOC05_146,2023-10-24,LOC05,FLOOD_ONLY,27.2345,88.4972,180.0,86,21.03,22.1,1.08,6.97,18.24,0.413,75.0,0.0,IN_BANK_FLOW,3.0,0
REC_2023_LOC06_146,2023-10-24,LOC06,FLOOD_ONLY,27.1739,88.518,210.0,88,21.32,22.07,1.06,2.41,6.33,0.376,95.0,0.0,IN_BANK_FLOW,3.0,0
REC_2023_LOC01_147,2023-10-25,LOC01,COMPOUND,27.604,88.646,85.0,80,18.38,73.89,3.43,9.24,14.99,0.391,28.0,0.0,IN_BANK_FLOW,3.0,0
REC_2023_LOC02_147,2023-10-25,LOC02,COMPOUND,27.399,88.524,95.0,78,18.6,74.22,0.46,1.57,3.66,0.362,45.0,0.0,IN_BANK_FLOW,3.0,0
REC_2023_LOC03_147,2023-10-25,LOC03,LANDSLIDE_ONLY,27.385,88.755,15.0,68,16.54,14.49,1.56,5.72,15.47,0.405,0.0,0.0,NO_RIVER_ZONE,0.0,0
REC_2023_LOC04_147,2023-10-25,LOC04,LANDSLIDE_ONLY,27.545,88.455,25.0,72,17.12,22.51,0.68,2.18,5.59,0.364,0.0,0.0,NO_RIVER_ZONE,0.0,0
REC_2023_LOC05_147,2023-10-25,LOC05,FLOOD_ONLY,27.2345,88.4972,180.0,86,21.03,22.1,2.58,8.46,18.58,0.417,75.0,0.0,IN_BANK_FLOW,3.0,0
REC_2023_LOC06_147,2023-10-25,LOC06,FLOOD_ONLY,27.1739,88.518,210.0,88,21.32,22.07,5.49,14.88,25.67,0.457,109.6,0.0,IN_BANK_FLOW,3.0,0
REC_2023_LOC01_148,2023-10-26,LOC01,COMPOUND,27.604,88.646,85.0,80,18.38,73.89,2.85,7.61,18.75,0.421,28.0,0.0,IN_BANK_FLOW,3.0,0
REC_2023_LOC02_148,2023-10-26,LOC02,COMPOUND,27.399,88.524,95.0,78,18.6,74.22,2.65,17.04,34.76,0.471,45.4,0.0,IN_BANK_FLOW,3.0,0
REC_2023_LOC03_148,2023-10-26,LOC03,LANDSLIDE_ONLY,27.385,88.755,15.0,68,16.54,14.49,1.7,5.62,11.14,0.378,0.0,0.0,NO_RIVER_ZONE,0.0,0
REC_2023_LOC04_148,2023-10-26,LOC04,LANDSLIDE_ONLY,27.545,88.455,25.0,72,17.12,22.51,0.27,1.54,3.79,0.367,0.0,0.0,NO_RIVER_ZONE,0.0,0
REC_2023_LOC05_148,2023-10-26,LOC05,FLOOD_ONLY,27.2345,88.4972,180.0,86,21.03,22.1,1.73,9.45,22.71,0.439,75.3,0.0,IN_BANK_FLOW,3.0,0
REC_2023_LOC06_148,2023-10-26,LOC06,FLOOD_ONLY,27.1739,88.518,210.0,88,21.32,22.07,0.91,2.12,3.85,0.364,95.0,0.0,IN_BANK_FLOW,3.0,0
REC_2023_LOC01_149,2023-10-27,LOC01,COMPOUND,27.604,88.646,85.0,80,18.38,73.89,5.4,15.12,36.28,0.44,28.4,0.0,IN_BANK_FLOW,3.0,0
REC_2023_LOC02_149,2023-10-27,LOC02,COMPOUND,27.399,88.524,95.0,78,18.6,74.22,1.08,3.26,7.1,0.368,45.0,0.0,IN_BANK_FLOW,3.0,0
REC_2023_LOC03_149,2023-10-27,LOC03,LANDSLIDE_ONLY,27.385,88.755,15.0,68,16.54,14.49,1.05,6.02,13.98,0.391,0.0,0.0,NO_RIVER_ZONE,0.0,0
REC_2023_LOC04_149,2023-10-27,LOC04,LANDSLIDE_ONLY,27.545,88.455,25.0,72,17.12,22.51,0.25,1.22,3.3,0.36,0.0,0.0,NO_RIVER_ZONE,0.0,0
REC_2023_LOC05_149,2023-10-27,LOC05,FLOOD_ONLY,27.2345,88.4972,180.0,86,21.03,22.1,1.73,4.37,10.8,0.39,75.0,0.0,IN_BANK_FLOW,3.0,0
REC_2023_LOC06_149,2023-10-27,LOC06,FLOOD_ONLY,27.1739,88.518,210.0,88,21.32,22.07,1.94,5.49,12.48,0.39,95.0,0.0,IN_BANK_FLOW,3.0,0
REC_2023_LOC01_150,2023-10-28,LOC01,COMPOUND,27.604,88.646,85.0,80,18.38,73.89,0.23,0.92,2.41,0.358,28.0,0.0,IN_BANK_FLOW,3.0,0
REC_2023_LOC02_150,2023-10-28,LOC02,COMPOUND,27.399,88.524,95.0,78,18.6,74.22,0.16,0.85,1.99,0.356,45.0,0.0,IN_BANK_FLOW,3.0,0
REC_2023_LOC03_150,2023-10-28,LOC03,LANDSLIDE_ONLY,27.385,88.755,15.0,68,16.54,14.49,0.21,1.34,3.19,0.36,0.0,0.0,NO_RIVER_ZONE,0.0,0
REC_2023_LOC04_150,2023-10-28,LOC04,LANDSLIDE_ONLY,27.545,88.455,25.0,72,17.12,22.51,1.27,3.93,6.72,0.378,0.0,0.0,NO_RIVER_ZONE,0.0,0
REC_2023_LOC05_150,2023-10-28,LOC05,FLOOD_ONLY,27.2345,88.4972,180.0,86,21.03,22.1,0.16,1.0,2.36,0.358,75.0,0.0,IN_BANK_FLOW,3.0,0
REC_2023_LOC06_150,2023-10-28,LOC06,FLOOD_ONLY,27.1739,88.518,210.0,88,21.32,22.07,2.08,6.58,15.7,0.417,95.0,0.0,IN_BANK_FLOW,3.0,0
REC_2023_LOC01_151,2023-10-29,LOC01,COMPOUND,27.604,88.646,85.0,80,18.38,73.89,0.14,0.35,0.77,0.353,28.0,0.0,IN_BANK_FLOW,3.0,0
REC_2023_LOC02_151,2023-10-29,LOC02,COMPOUND,27.399,88.524,95.0,78,18.6,74.22,3.05,17.28,45.51,0.496,45.5,0.0,IN_BANK_FLOW,3.0,0
REC_2023_LOC03_151,2023-10-29,LOC03,LANDSLIDE_ONLY,27.385,88.755,15.0,68,16.54,14.49,0.03,0.11,0.19,0.351,0.0,0.0,NO_RIVER_ZONE,0.0,0
REC_2023_LOC04_151,2023-10-29,LOC04,LANDSLIDE_ONLY,27.545,88.455,25.0,72,17.12,22.51,0.58,1.45,3.83,0.364,0.0,0.0,NO_RIVER_ZONE,0.0,0
REC_2023_LOC05_151,2023-10-29,LOC05,FLOOD_ONLY,27.2345,88.4972,180.0,86,21.03,22.1,1.68,9.27,17.84,0.392,75.2,0.0,IN_BANK_FLOW,3.0,0
REC_2023_LOC06_151,2023-10-29,LOC06,FLOOD_ONLY,27.1739,88.518,210.0,88,21.32,22.07,8.09,24.58,46.33,0.49,153.7,0.0,IN_BANK_FLOW,3.5,0
REC_2023_LOC01_152,2023-10-30,LOC01,COMPOUND,27.604,88.646,85.0,80,18.38,73.89,0.21,0.6,1.43,0.355,28.0,0.0,IN_BANK_FLOW,3.0,0
REC_2023_LOC02_152,2023-10-30,LOC02,COMPOUND,27.399,88.524,95.0,78,18.6,74.22,0.03,0.07,0.18,0.35,45.0,0.0,IN_BANK_FLOW,3.0,0
REC_2023_LOC03_152,2023-10-30,LOC03,LANDSLIDE_ONLY,27.385,88.755,15.0,68,16.54,14.49,0.17,0.42,1.15,0.353,0.0,0.0,NO_RIVER_ZONE,0.0,0
REC_2023_LOC04_152,2023-10-30,LOC04,LANDSLIDE_ONLY,27.545,88.455,25.0,72,17.12,22.51,2.28,6.5,14.72,0.403,0.0,0.0,NO_RIVER_ZONE,0.0,0
REC_2023_LOC05_152,2023-10-30,LOC05,FLOOD_ONLY,27.2345,88.4972,180.0,86,21.03,22.1,1.76,10.46,25.59,0.448,75.9,0.0,IN_BANK_FLOW,3.0,0
REC_2023_LOC06_152,2023-10-30,LOC06,FLOOD_ONLY,27.1739,88.518,210.0,88,21.32,22.07,0.82,1.86,4.43,0.366,95.0,0.0,IN_BANK_FLOW,3.0,0
REC_2023_LOC01_153,2023-10-31,LOC01,COMPOUND,27.604,88.646,85.0,80,18.38,73.89,0.69,1.56,3.46,0.362,28.0,0.0,IN_BANK_FLOW,3.0,0
REC_2023_LOC02_153,2023-10-31,LOC02,COMPOUND,27.399,88.524,95.0,78,18.6,74.22,4.11,9.77,19.23,0.424,45.0,0.0,IN_BANK_FLOW,3.0,0
REC_2023_LOC03_153,2023-10-31,LOC03,LANDSLIDE_ONLY,27.385,88.755,15.0,68,16.54,14.49,2.15,13.08,33.2,0.436,0.0,0.0,NO_RIVER_ZONE,0.0,0
REC_2023_LOC04_153,2023-10-31,LOC04,LANDSLIDE_ONLY,27.545,88.455,25.0,72,17.12,22.51,1.61,5.15,10.29,0.384,0.0,0.0,NO_RIVER_ZONE,0.0,0
REC_2023_LOC05_153,2023-10-31,LOC05,FLOOD_ONLY,27.2345,88.4972,180.0,86,21.03,22.1,3.06,7.24,17.73,0.405,75.0,0.0,IN_BANK_FLOW,3.0,0
REC_2023_LOC06_153,2023-10-31,LOC06,FLOOD_ONLY,27.1739,88.518,210.0,88,21.32,22.07,1.6,5.55,11.09,0.385,95.0,0.0,IN_BANK_FLOW,3.0,0
REC_2024_LOC01_001,2024-06-01,LOC01,COMPOUND,27.604,88.646,85.0,80,18.38,73.89,2.16,4.85,9.46,0.376,28.0,0.0,IN_BANK_FLOW,3.0,0
REC_2024_LOC02_001,2024-06-01,LOC02,COMPOUND,27.399,88.524,95.0,78,18.6,74.22,0.79,3.05,4.94,0.372,45.0,0.0,IN_BANK_FLOW,3.0,0
REC_2024_LOC03_001,2024-06-01,LOC03,LANDSLIDE_ONLY,27.385,88.755,15.0,68,16.54,14.49,11.64,43.5,97.07,0.665,0.0,0.0,NO_RIVER_ZONE,0.0,0
REC_2024_LOC04_001,2024-06-01,LOC04,LANDSLIDE_ONLY,27.545,88.455,25.0,72,17.12,22.51,2.45,9.55,26.57,0.437,0.0,0.0,NO_RIVER_ZONE,0.0,0
REC_2024_LOC05_001,2024-06-01,LOC05,FLOOD_ONLY,27.2345,88.4972,180.0,86,21.03,22.1,17.75,57.83,105.19,0.639,303.0,0.0,IN_BANK_FLOW,8.9,0
REC_2024_LOC06_001,2024-06-01,LOC06,FLOOD_ONLY,27.1739,88.518,210.0,88,21.32,22.07,3.9,12.51,30.63,0.453,102.6,0.0,IN_BANK_FLOW,3.0,0
REC_2024_LOC01_002,2024-06-02,LOC01,COMPOUND,27.604,88.646,85.0,80,18.38,73.89,10.21,32.77,53.68,0.585,47.2,0.0,IN_BANK_FLOW,3.0,0
REC_2024_LOC02_002,2024-06-02,LOC02,COMPOUND,27.399,88.524,95.0,78,18.6,74.22,2.28,7.86,20.94,0.398,45.0,0.0,IN_BANK_FLOW,3.0,0
REC_2024_LOC03_002,2024-06-02,LOC03,LANDSLIDE_ONLY,27.385,88.755,15.0,68,16.54,14.49,0.03,0.16,0.32,0.351,0.0,0.0,NO_RIVER_ZONE,0.0,0
REC_2024_LOC04_002,2024-06-02,LOC04,LANDSLIDE_ONLY,27.545,88.455,25.0,72,17.12,22.51,5.69,12.65,34.58,0.451,0.0,0.0,NO_RIVER_ZONE,0.0,0
REC_2024_LOC05_002,2024-06-02,LOC05,FLOOD_ONLY,27.2345,88.4972,180.0,86,21.03,22.1,1.21,4.91,10.94,0.392,75.0,0.0,IN_BANK_FLOW,3.0,0
REC_2024_LOC06_002,2024-06-02,LOC06,FLOOD_ONLY,27.1739,88.518,210.0,88,21.32,22.07,2.84,6.31,15.99,0.415,95.0,0.0,IN_BANK_FLOW,3.0,0
REC_2024_LOC01_003,2024-06-03,LOC01,COMPOUND,27.604,88.646,85.0,80,18.38,73.89,3.01,7.55,16.29,0.406,28.0,0.0,IN_BANK_FLOW,3.0,0
REC_2024_LOC02_003,2024-06-03,LOC02,COMPOUND,27.399,88.524,95.0,78,18.6,74.22,2.59,15.43,34.49,0.427,45.1,0.0,IN_BANK_FLOW,3.0,0
REC_2024_LOC03_003,2024-06-03,LOC03,LANDSLIDE_ONLY,27.385,88.755,15.0,68,16.54,14.49,7.96,19.0,33.58,0.476,0.0,0.0,NO_RIVER_ZONE,0.0,0
REC_2024_LOC04_003,2024-06-03,LOC04,LANDSLIDE_ONLY,27.545,88.455,25.0,72,17.12,22.51,4.01,13.16,35.69,0.488,0.0,0.0,NO_RIVER_ZONE,0.0,0
REC_2024_LOC05_003,2024-06-03,LOC05,FLOOD_ONLY,27.2345,88.4972,180.0,86,21.03,22.1,1.82,8.9,20.62,0.421,75.1,0.0,IN_BANK_FLOW,3.0,0
REC_2024_LOC06_003,2024-06-03,LOC06,FLOOD_ONLY,27.1739,88.518,210.0,88,21.32,22.07,6.21,16.05,44.22,0.473,113.7,0.0,IN_BANK_FLOW,3.0,0
REC_2024_LOC01_004,2024-06-04,LOC01,COMPOUND,27.604,88.646,85.0,80,18.38,73.89,0.62,2.2,5.25,0.371,28.0,0.0,IN_BANK_FLOW,3.0,0
REC_2024_LOC02_004,2024-06-04,LOC02,COMPOUND,27.399,88.524,95.0,78,18.6,74.22,3.19,18.59,30.67,0.43,46.1,0.0,IN_BANK_FLOW,3.0,0
REC_2024_LOC03_004,2024-06-04,LOC03,LANDSLIDE_ONLY,27.385,88.755,15.0,68,16.54,14.49,7.82,27.55,67.07,0.559,0.0,0.0,NO_RIVER_ZONE,0.0,0
REC_2024_LOC04_004,2024-06-04,LOC04,LANDSLIDE_ONLY,27.545,88.455,25.0,72,17.12,22.51,7.27,22.3,42.46,0.479,0.0,0.0,NO_RIVER_ZONE,0.0,0
REC_2024_LOC05_004,2024-06-04,LOC05,FLOOD_ONLY,27.2345,88.4972,180.0,86,21.03,22.1,7.88,18.4,46.0,0.472,91.8,0.0,IN_BANK_FLOW,3.0,0
REC_2024_LOC06_004,2024-06-04,LOC06,FLOOD_ONLY,27.1739,88.518,210.0,88,21.32,22.07,4.22,17.77,29.47,0.467,120.4,0.0,IN_BANK_FLOW,3.0,0
REC_2024_LOC01_005,2024-06-05,LOC01,COMPOUND,27.604,88.646,85.0,80,18.38,73.89,0.0,0.0,0.0,0.35,28.0,0.0,IN_BANK_FLOW,3.0,0
REC_2024_LOC02_005,2024-06-05,LOC02,COMPOUND,27.399,88.524,95.0,78,18.6,74.22,4.8,26.32,67.9,0.57,52.7,0.0,IN_BANK_FLOW,3.0,0
REC_2024_LOC03_005,2024-06-05,LOC03,LANDSLIDE_ONLY,27.385,88.755,15.0,68,16.54,14.49,4.74,13.56,30.83,0.469,0.0,0.0,NO_RIVER_ZONE,0.0,0
REC_2024_LOC04_005,2024-06-05,LOC04,LANDSLIDE_ONLY,27.545,88.455,25.0,72,17.12,22.51,1.12,2.63,6.36,0.377,0.0,0.0,NO_RIVER_ZONE,0.0,0
REC_2024_LOC05_005,2024-06-05,LOC05,FLOOD_ONLY,27.2345,88.4972,180.0,86,21.03,22.1,1.3,3.83,9.84,0.386,75.0,0.0,IN_BANK_FLOW,3.0,0
REC_2024_LOC06_005,2024-06-05,LOC06,FLOOD_ONLY,27.1739,88.518,210.0,88,21.32,22.07,1.29,3.89,10.75,0.392,95.0,0.0,IN_BANK_FLOW,3.0,0
REC_2024_LOC01_006,2024-06-06,LOC01,COMPOUND,27.604,88.646,85.0,80,18.38,73.89,8.15,42.77,78.24,0.622,66.5,0.0,IN_BANK_FLOW,4.0,0
REC_2024_LOC02_006,2024-06-06,LOC02,COMPOUND,27.399,88.524,95.0,78,18.6,74.22,15.06,35.47,73.44,0.61,66.5,0.0,IN_BANK_FLOW,3.0,0
REC_2024_LOC03_006,2024-06-06,LOC03,LANDSLIDE_ONLY,27.385,88.755,15.0,68,16.54,14.49,1.91,7.49,14.1,0.401,0.0,0.0,NO_RIVER_ZONE,0.0,0
REC_2024_LOC04_006,2024-06-06,LOC04,LANDSLIDE_ONLY,27.545,88.455,25.0,72,17.12,22.51,2.49,6.57,10.56,0.392,0.0,0.0,NO_RIVER_ZONE,0.0,0
REC_2024_LOC05_006,2024-06-06,LOC05,FLOOD_ONLY,27.2345,88.4972,180.0,86,21.03,22.1,6.11,14.48,33.01,0.494,81.8,0.0,IN_BANK_FLOW,3.0,0
REC_2024_LOC06_006,2024-06-06,LOC06,FLOOD_ONLY,27.1739,88.518,210.0,88,21.32,22.07,2.1,6.57,16.8,0.413,95.0,0.0,IN_BANK_FLOW,3.0,0
REC_2024_LOC01_007,2024-06-07,LOC01,COMPOUND,27.604,88.646,85.0,80,18.38,73.89,3.64,9.32,18.22,0.404,28.0,0.0,IN_BANK_FLOW,3.0,0
REC_2024_LOC02_007,2024-06-07,LOC02,COMPOUND,27.399,88.524,95.0,78,18.6,74.22,8.05,48.33,111.64,0.819,93.7,0.0,IN_BANK_FLOW,3.6,0
REC_2024_LOC03_007,2024-06-07,LOC03,LANDSLIDE_ONLY,27.385,88.755,15.0,68,16.54,14.49,2.05,10.33,21.29,0.43,0.0,0.0,NO_RIVER_ZONE,0.0,0
REC_2024_LOC04_007,2024-06-07,LOC04,LANDSLIDE_ONLY,27.545,88.455,25.0,72,17.12,22.51,2.89,7.85,13.91,0.387,0.0,0.0,NO_RIVER_ZONE,0.0,0
REC_2024_LOC05_007,2024-06-07,LOC05,FLOOD_ONLY,27.2345,88.4972,180.0,86,21.03,22.1,3.76,8.85,20.38,0.404,75.1,0.0,IN_BANK_FLOW,3.0,0
REC_2024_LOC06_007,2024-06-07,LOC06,FLOOD_ONLY,27.1739,88.518,210.0,88,21.32,22.07,2.27,8.62,16.1,0.414,95.8,0.0,IN_BANK_FLOW,3.0,0
REC_2024_LOC01_008,2024-06-08,LOC01,COMPOUND,27.604,88.646,85.0,80,18.38,73.89,7.04,35.48,69.71,0.579,52.0,0.0,IN_BANK_FLOW,3.1,0
REC_2024_LOC02_008,2024-06-08,LOC02,COMPOUND,27.399,88.524,95.0,78,18.6,74.22,3.35,8.28,16.61,0.416,45.0,0.0,IN_BANK_FLOW,3.0,0
REC_2024_LOC03_008,2024-06-08,LOC03,LANDSLIDE_ONLY,27.385,88.755,15.0,68,16.54,14.49,1.32,3.91,8.35,0.381,0.0,0.0,NO_RIVER_ZONE,0.0,0
REC_2024_LOC04_008,2024-06-08,LOC04,LANDSLIDE_ONLY,27.545,88.455,25.0,72,17.12,22.51,6.05,21.8,41.93,0.516,0.0,0.0,NO_RIVER_ZONE,0.0,0
REC_2024_LOC05_008,2024-06-08,LOC05,FLOOD_ONLY,27.2345,88.4972,180.0,86,21.03,22.1,4.33,17.76,29.14,0.446,89.9,0.0,IN_BANK_FLOW,3.0,0
REC_2024_LOC06_008,2024-06-08,LOC06,FLOOD_ONLY,27.1739,88.518,210.0,88,21.32,22.07,0.28,0.91,2.17,0.356,95.0,0.0,IN_BANK_FLOW,3.0,0
REC_2024_LOC01_009,2024-06-09,LOC01,COMPOUND,27.604,88.646,85.0,80,18.38,73.89,16.22,36.68,98.23,0.699,54.2,0.0,IN_BANK_FLOW,3.2,0
REC_2024_LOC02_009,2024-06-09,LOC02,COMPOUND,27.399,88.524,95.0,78,18.6,74.22,0.09,0.21,0.53,0.352,45.0,0.0,IN_BANK_FLOW,3.0,0
REC_2024_LOC03_009,2024-06-09,LOC03,LANDSLIDE_ONLY,27.385,88.755,15.0,68,16.54,14.49,4.52,25.65,53.87,0.511,0.0,0.0,NO_RIVER_ZONE,0.0,0
REC_2024_LOC04_009,2024-06-09,LOC04,LANDSLIDE_ONLY,27.545,88.455,25.0,72,17.12,22.51,0.91,2.66,7.19,0.371,0.0,0.0,NO_RIVER_ZONE,0.0,0
REC_2024_LOC05_009,2024-06-09,LOC05,FLOOD_ONLY,27.2345,88.4972,180.0,86,21.03,22.1,12.69,49.81,97.09,0.729,250.7,0.0,IN_BANK_FLOW,7.4,0
REC_2024_LOC06_009,2024-06-09,LOC06,FLOOD_ONLY,27.1739,88.518,210.0,88,21.32,22.07,9.03,45.27,126.61,0.769,293.3,0.0,IN_BANK_FLOW,6.7,0
REC_2024_LOC01_010,2024-06-10,LOC01,COMPOUND,27.604,88.646,85.0,80,18.38,73.89,1.32,7.05,15.42,0.395,28.0,0.0,IN_BANK_FLOW,3.0,0
REC_2024_LOC02_010,2024-06-10,LOC02,COMPOUND,27.399,88.524,95.0,78,18.6,74.22,2.6,10.74,23.49,0.407,45.0,0.0,IN_BANK_FLOW,3.0,0
REC_2024_LOC03_010,2024-06-10,LOC03,LANDSLIDE_ONLY,27.385,88.755,15.0,68,16.54,14.49,0.96,5.83,15.38,0.401,0.0,0.0,NO_RIVER_ZONE,0.0,0
REC_2024_LOC04_010,2024-06-10,LOC04,LANDSLIDE_ONLY,27.545,88.455,25.0,72,17.12,22.51,7.83,18.95,38.75,0.472,0.0,0.0,NO_RIVER_ZONE,0.0,0
REC_2024_LOC05_010,2024-06-10,LOC05,FLOOD_ONLY,27.2345,88.4972,180.0,86,21.03,22.1,0.82,3.98,7.47,0.371,75.0,0.0,IN_BANK_FLOW,3.0,0
REC_2024_LOC06_010,2024-06-10,LOC06,FLOOD_ONLY,27.1739,88.518,210.0,88,21.32,22.07,3.26,13.73,23.04,0.41,106.0,0.0,IN_BANK_FLOW,3.0,0
REC_2024_LOC01_011,2024-06-11,LOC01,COMPOUND,27.604,88.646,85.0,80,18.38,73.89,1.62,6.94,15.92,0.402,28.0,0.0,IN_BANK_FLOW,3.0,0
REC_2024_LOC02_011,2024-06-11,LOC02,COMPOUND,27.399,88.524,95.0,78,18.6,74.22,7.86,18.99,51.9,0.501,46.3,0.0,IN_BANK_FLOW,3.0,0
REC_2024_LOC03_011,2024-06-11,LOC03,LANDSLIDE_ONLY,27.385,88.755,15.0,68,16.54,14.49,0.27,0.79,1.6,0.357,0.0,0.0,NO_RIVER_ZONE,0.0,0
REC_2024_LOC04_011,2024-06-11,LOC04,LANDSLIDE_ONLY,27.545,88.455,25.0,72,17.12,22.51,0.48,1.75,3.56,0.362,0.0,0.0,NO_RIVER_ZONE,0.0,0
REC_2024_LOC05_011,2024-06-11,LOC05,FLOOD_ONLY,27.2345,88.4972,180.0,86,21.03,22.1,13.1,30.92,78.9,0.603,142.6,0.0,IN_BANK_FLOW,4.2,0
REC_2024_LOC06_011,2024-06-11,LOC06,FLOOD_ONLY,27.1739,88.518,210.0,88,21.32,22.07,3.78,21.54,49.53,0.558,137.7,0.0,IN_BANK_FLOW,3.1,0
REC_2024_LOC01_012,2024-06-12,LOC01,COMPOUND,27.604,88.646,85.0,80,18.38,73.89,0.26,1.59,4.04,0.36,28.0,0.0,IN_BANK_FLOW,3.0,0
REC_2024_LOC02_012,2024-06-12,LOC02,COMPOUND,27.399,88.524,95.0,78,18.6,74.22,2.46,12.39,20.05,0.427,45.0,0.0,IN_BANK_FLOW,3.0,0
REC_2024_LOC03_012,2024-06-12,LOC03,LANDSLIDE_ONLY,27.385,88.755,15.0,68,16.54,14.49,1.49,7.97,21.74,0.423,0.0,0.0,NO_RIVER_ZONE,0.0,0
REC_2024_LOC04_012,2024-06-12,LOC04,LANDSLIDE_ONLY,27.545,88.455,25.0,72,17.12,22.51,29.0,81.87,171.12,0.91,0.0,0.0,NO_RIVER_ZONE,0.0,0
REC_2024_LOC05_012,2024-06-12,LOC05,FLOOD_ONLY,27.2345,88.4972,180.0,86,21.03,22.1,9.76,24.28,62.87,0.6,112.7,0.0,IN_BANK_FLOW,3.3,0
REC_2024_LOC06_012,2024-06-12,LOC06,FLOOD_ONLY,27.1739,88.518,210.0,88,21.32,22.07,0.34,1.72,4.3,0.363,95.0,0.0,IN_BANK_FLOW,3.0,0
REC_2024_LOC01_013,2024-06-13,LOC01,COMPOUND,27.604,88.646,85.0,80,18.38,73.89,3.47,9.39,19.32,0.42,28.0,0.0,IN_BANK_FLOW,3.0,0
REC_2024_LOC02_013,2024-06-13,LOC02,COMPOUND,27.399,88.524,95.0,78,18.6,74.22,2.59,13.85,30.7,0.454,45.0,0.0,IN_BANK_FLOW,3.0,0
REC_2024_LOC03_013,2024-06-13,LOC03,LANDSLIDE_ONLY,27.385,88.755,15.0,68,16.54,14.49,3.13,14.8,32.04,0.456,0.0,0.0,NO_RIVER_ZONE,0.0,0
REC_2024_LOC04_013,2024-06-13,LOC04,LANDSLIDE_ONLY,27.545,88.455,25.0,72,17.12,22.51,3.9,11.66,25.68,0.432,0.0,0.0,NO_RIVER_ZONE,0.0,0
REC_2024_LOC05_013,2024-06-13,LOC05,FLOOD_ONLY,27.2345,88.4972,180.0,86,21.03,22.1,2.84,7.46,20.71,0.439,75.0,0.0,IN_BANK_FLOW,3.0,0
REC_2024_LOC06_013,2024-06-13,LOC06,FLOOD_ONLY,27.1739,88.518,210.0,88,21.32,22.07,2.99,8.62,16.49,0.391,95.8,0.0,IN_BANK_FLOW,3.0,0
REC_2024_LOC01_014,2024-06-14,LOC01,COMPOUND,27.604,88.646,85.0,80,18.38,73.89,0.67,1.58,4.23,0.367,28.0,0.0,IN_BANK_FLOW,3.0,0
REC_2024_LOC02_014,2024-06-14,LOC02,COMPOUND,27.399,88.524,95.0,78,18.6,74.22,0.88,1.97,3.94,0.365,45.0,0.0,IN_BANK_FLOW,3.0,0
REC_2024_LOC03_014,2024-06-14,LOC03,LANDSLIDE_ONLY,27.385,88.755,15.0,68,16.54,14.49,4.55,15.71,36.55,0.468,0.0,0.0,NO_RIVER_ZONE,0.0,0
REC_2024_LOC04_014,2024-06-14,LOC04,LANDSLIDE_ONLY,27.545,88.455,25.0,72,17.12,22.51,10.49,35.34,93.38,0.731,0.0,0.0,NO_RIVER_ZONE,0.0,0
REC_2024_LOC05_014,2024-06-14,LOC05,FLOOD_ONLY,27.2345,88.4972,180.0,86,21.03,22.1,1.19,2.7,5.01,0.366,75.0,0.0,IN_BANK_FLOW,3.0,0
REC_2024_LOC06_014,2024-06-14,LOC06,FLOOD_ONLY,27.1739,88.518,210.0,88,21.32,22.07,1.86,9.37,20.55,0.427,96.6,0.0,IN_BANK_FLOW,3.0,0
REC_2024_LOC01_015,2024-06-15,LOC01,COMPOUND,27.604,88.646,85.0,80,18.38,73.89,0.38,2.31,5.19,0.364,28.0,0.0,IN_BANK_FLOW,3.0,0
REC_2024_LOC02_015,2024-06-15,LOC02,COMPOUND,27.399,88.524,95.0,78,18.6,74.22,1.96,11.29,25.2,0.424,45.0,0.0,IN_BANK_FLOW,3.0,0
REC_2024_LOC03_015,2024-06-15,LOC03,LANDSLIDE_ONLY,27.385,88.755,15.0,68,16.54,14.49,8.19,42.12,117.61,0.749,0.0,0.0,NO_RIVER_ZONE,0.0,0
REC_2024_LOC04_015,2024-06-15,LOC04,LANDSLIDE_ONLY,27.545,88.455,25.0,72,17.12,22.51,13.49,39.3,67.2,0.516,0.0,0.0,NO_RIVER_ZONE,0.0,0
REC_2024_LOC05_015,2024-06-15,LOC05,FLOOD_ONLY,27.2345,88.4972,180.0,86,21.03,22.1,2.35,9.69,21.69,0.407,75.4,0.0,IN_BANK_FLOW,3.0,0
REC_2024_LOC06_015,2024-06-15,LOC06,FLOOD_ONLY,27.1739,88.518,210.0,88,21.32,22.07,3.7,12.94,24.16,0.455,103.8,0.0,IN_BANK_FLOW,3.0,0
REC_2024_LOC01_016,2024-06-16,LOC01,COMPOUND,27.604,88.646,85.0,80,18.38,73.89,19.8,52.8,102.51,0.672,89.8,0.0,IN_BANK_FLOW,5.3,0
REC_2024_LOC02_016,2024-06-16,LOC02,COMPOUND,27.399,88.524,95.0,78,18.6,74.22,2.89,12.45,33.93,0.487,45.0,0.0,IN_BANK_FLOW,3.0,0
REC_2024_LOC03_016,2024-06-16,LOC03,LANDSLIDE_ONLY,27.385,88.755,15.0,68,16.54,14.49,5.9,23.48,64.73,0.538,0.0,0.0,NO_RIVER_ZONE,0.0,0
REC_2024_LOC04_016,2024-06-16,LOC04,LANDSLIDE_ONLY,27.545,88.455,25.0,72,17.12,22.51,4.66,14.62,36.75,0.489,0.0,0.0,NO_RIVER_ZONE,0.0,0
REC_2024_LOC05_016,2024-06-16,LOC05,FLOOD_ONLY,27.2345,88.4972,180.0,86,21.03,22.1,1.01,3.63,8.76,0.377,75.0,0.0,IN_BANK_FLOW,3.0,0
REC_2024_LOC06_016,2024-06-16,LOC06,FLOOD_ONLY,27.1739,88.518,210.0,88,21.32,22.07,14.42,39.61,101.23,0.748,251.2,0.0,IN_BANK_FLOW,5.7,0
REC_2024_LOC01_017,2024-06-17,LOC01,COMPOUND,27.604,88.646,85.0,80,18.38,73.89,2.81,7.73,20.42,0.441,28.0,0.0,IN_BANK_FLOW,3.0,0
REC_2024_LOC02_017,2024-06-17,LOC02,COMPOUND,27.399,88.524,95.0,78,18.6,74.22,0.36,1.62,4.31,0.364,45.0,0.0,IN_BANK_FLOW,3.0,0
REC_2024_LOC03_017,2024-06-17,LOC03,LANDSLIDE_ONLY,27.385,88.755,15.0,68,16.54,14.49,0.68,2.83,6.05,0.373,0.0,0.0,NO_RIVER_ZONE,0.0,0
REC_2024_LOC04_017,2024-06-17,LOC04,LANDSLIDE_ONLY,27.545,88.455,25.0,72,17.12,22.51,7.53,29.6,75.27,0.592,0.0,0.0,NO_RIVER_ZONE,0.0,0
REC_2024_LOC05_017,2024-06-17,LOC05,FLOOD_ONLY,27.2345,88.4972,180.0,86,21.03,22.1,1.21,4.47,11.17,0.382,75.0,0.0,IN_BANK_FLOW,3.0,0
REC_2024_LOC06_017,2024-06-17,LOC06,FLOOD_ONLY,27.1739,88.518,210.0,88,21.32,22.07,0.9,2.75,7.51,0.376,95.0,0.0,IN_BANK_FLOW,3.0,0
REC_2024_LOC01_018,2024-06-18,LOC01,COMPOUND,27.604,88.646,85.0,80,18.38,73.89,5.32,34.72,91.8,0.606,50.6,0.0,IN_BANK_FLOW,3.0,0
REC_2024_LOC02_018,2024-06-18,LOC02,COMPOUND,27.399,88.524,95.0,78,18.6,74.22,13.46,31.15,66.55,0.571,59.2,0.0,IN_BANK_FLOW,3.0,0
REC_2024_LOC03_018,2024-06-18,LOC03,LANDSLIDE_ONLY,27.385,88.755,15.0,68,16.54,14.49,5.72,19.03,49.04,0.482,0.0,0.0,NO_RIVER_ZONE,0.0,0
REC_2024_LOC04_018,2024-06-18,LOC04,LANDSLIDE_ONLY,27.545,88.455,25.0,72,17.12,22.51,3.38,8.54,19.28,0.428,0.0,0.0,NO_RIVER_ZONE,0.0,0
REC_2024_LOC05_018,2024-06-18,LOC05,FLOOD_ONLY,27.2345,88.4972,180.0,86,21.03,22.1,0.09,0.55,0.94,0.353,75.0,0.0,IN_BANK_FLOW,3.0,0
REC_2024_LOC06_018,2024-06-18,LOC06,FLOOD_ONLY,27.1739,88.518,210.0,88,21.32,22.07,1.13,4.58,9.17,0.383,95.0,0.0,IN_BANK_FLOW,3.0,0
REC_2024_LOC01_019,2024-06-19,LOC01,COMPOUND,27.604,88.646,85.0,80,18.38,73.89,0.51,1.33,3.03,0.36,28.0,0.0,IN_BANK_FLOW,3.0,0
REC_2024_LOC02_019,2024-06-19,LOC02,COMPOUND,27.399,88.524,95.0,78,18.6,74.22,16.24,54.29,151.76,0.763,108.7,0.0,IN_BANK_FLOW,4.2,0
REC_2024_LOC03_019,2024-06-19,LOC03,LANDSLIDE_ONLY,27.385,88.755,15.0,68,16.54,14.49,13.02,32.92,81.34,0.63,0.0,0.0,NO_RIVER_ZONE,0.0,0
REC_2024_LOC04_019,2024-06-19,LOC04,LANDSLIDE_ONLY,27.545,88.455,25.0,72,17.12,22.51,20.77,52.15,145.93,0.757,0.0,0.0,NO_RIVER_ZONE,0.0,0
REC_2024_LOC05_019,2024-06-19,LOC05,FLOOD_ONLY,27.2345,88.4972,180.0,86,21.03,22.1,3.13,20.84,45.97,0.509,99.7,0.0,IN_BANK_FLOW,3.0,0
REC_2024_LOC06_019,2024-06-19,LOC06,FLOOD_ONLY,27.1739,88.518,210.0,88,21.32,22.07,2.67,6.17,11.65,0.379,95.0,0.0,IN_BANK_FLOW,3.0,0
REC_2024_LOC01_020,2024-06-20,LOC01,COMPOUND,27.604,88.646,85.0,80,18.38,73.89,2.76,16.41,43.14,0.536,28.8,0.0,IN_BANK_FLOW,3.0,0
REC_2024_LOC02_020,2024-06-20,LOC02,COMPOUND,27.399,88.524,95.0,78,18.6,74.22,2.67,7.13,12.56,0.385,45.0,0.0,IN_BANK_FLOW,3.0,0
REC_2024_LOC03_020,2024-06-20,LOC03,LANDSLIDE_ONLY,27.385,88.755,15.0,68,16.54,14.49,0.52,3.32,8.18,0.376,0.0,0.0,NO_RIVER_ZONE,0.0,0
REC_2024_LOC04_020,2024-06-20,LOC04,LANDSLIDE_ONLY,27.545,88.455,25.0,72,17.12,22.51,1.34,7.99,17.31,0.416,0.0,0.0,NO_RIVER_ZONE,0.0,0
REC_2024_LOC05_020,2024-06-20,LOC05,FLOOD_ONLY,27.2345,88.4972,180.0,86,21.03,22.1,0.8,3.29,5.72,0.374,75.0,0.0,IN_BANK_FLOW,3.0,0
REC_2024_LOC06_020,2024-06-20,LOC06,FLOOD_ONLY,27.1739,88.518,210.0,88,21.32,22.07,5.7,26.55,66.5,0.555,164.9,0.0,IN_BANK_FLOW,3.7,0
REC_2024_LOC01_021,2024-06-21,LOC01,COMPOUND,27.604,88.646,85.0,80,18.38,73.89,2.15,7.25,14.69,0.399,28.0,0.0,IN_BANK_FLOW,3.0,0
REC_2024_LOC02_021,2024-06-21,LOC02,COMPOUND,27.399,88.524,95.0,78,18.6,74.22,0.94,2.36,4.5,0.367,45.0,0.0,IN_BANK_FLOW,3.0,0
REC_2024_LOC03_021,2024-06-21,LOC03,LANDSLIDE_ONLY,27.385,88.755,15.0,68,16.54,14.49,0.71,2.44,6.14,0.376,0.0,0.0,NO_RIVER_ZONE,0.0,0
REC_2024_LOC04_021,2024-06-21,LOC04,LANDSLIDE_ONLY,27.545,88.455,25.0,72,17.12,22.51,5.46,31.61,85.85,0.659,0.0,0.0,NO_RIVER_ZONE,0.0,0
REC_2024_LOC05_021,2024-06-21,LOC05,FLOOD_ONLY,27.2345,88.4972,180.0,86,21.03,22.1,8.37,18.63,47.0,0.497,92.5,0.0,IN_BANK_FLOW,3.0,0
REC_2024_LOC06_021,2024-06-21,LOC06,FLOOD_ONLY,27.1739,88.518,210.0,88,21.32,22.07,1.1,3.51,9.43,0.377,95.0,0.0,IN_BANK_FLOW,3.0,0
REC_2024_LOC01_022,2024-06-22,LOC01,COMPOUND,27.604,88.646,85.0,80,18.38,73.89,0.37,1.4,3.23,0.361,28.0,0.0,IN_BANK_FLOW,3.0,0
REC_2024_LOC02_022,2024-06-22,LOC02,COMPOUND,27.399,88.524,95.0,78,18.6,74.22,6.23,24.52,41.75,0.467,50.7,0.0,IN_BANK_FLOW,3.0,0
REC_2024_LOC03_022,2024-06-22,LOC03,LANDSLIDE_ONLY,27.385,88.755,15.0,68,16.54,14.49,1.88,8.7,21.63,0.409,0.0,0.0,NO_RIVER_ZONE,0.0,0
REC_2024_LOC04_022,2024-06-22,LOC04,LANDSLIDE_ONLY,27.545,88.455,25.0,72,17.12,22.51,0.51,1.46,3.41,0.361,0.0,0.0,NO_RIVER_ZONE,0.0,0
REC_2024_LOC05_022,2024-06-22,LOC05,FLOOD_ONLY,27.2345,88.4972,180.0,86,21.03,22.1,1.77,7.11,17.96,0.426,75.0,0.0,IN_BANK_FLOW,3.0,0
REC_2024_LOC06_022,2024-06-22,LOC06,FLOOD_ONLY,27.1739,88.518,210.0,88,21.32,22.07,12.13,30.14,82.43,0.554,186.7,0.0,IN_BANK_FLOW,4.2,0
REC_2024_LOC01_023,2024-06-23,LOC01,COMPOUND,27.604,88.646,85.0,80,18.38,73.89,2.27,8.4,22.69,0.429,28.0,0.0,IN_BANK_FLOW,3.0,0
REC_2024_LOC02_023,2024-06-23,LOC02,COMPOUND,27.399,88.524,95.0,78,18.6,74.22,3.14,8.29,20.31,0.401,45.0,0.0,IN_BANK_FLOW,3.0,0
REC_2024_LOC03_023,2024-06-23,LOC03,LANDSLIDE_ONLY,27.385,88.755,15.0,68,16.54,14.49,1.12,4.89,11.57,0.397,0.0,0.0,NO_RIVER_ZONE,0.0,0
REC_2024_LOC04_023,2024-06-23,LOC04,LANDSLIDE_ONLY,27.545,88.455,25.0,72,17.12,22.51,2.22,5.5,14.78,0.386,0.0,0.0,NO_RIVER_ZONE,0.0,0
REC_2024_LOC05_023,2024-06-23,LOC05,FLOOD_ONLY,27.2345,88.4972,180.0,86,21.03,22.1,0.05,0.14,0.31,0.351,75.0,0.0,IN_BANK_FLOW,3.0,0
REC_2024_LOC06_023,2024-06-23,LOC06,FLOOD_ONLY,27.1739,88.518,210.0,88,21.32,22.07,1.98,5.1,10.91,0.377,95.0,0.0,IN_BANK_FLOW,3.0,0
REC_2024_LOC01_024,2024-06-24,LOC01,COMPOUND,27.604,88.646,85.0,80,18.38,73.89,1.72,8.92,19.71,0.413,28.0,0.0,IN_BANK_FLOW,3.0,0
REC_2024_LOC02_024,2024-06-24,LOC02,COMPOUND,27.399,88.524,95.0,78,18.6,74.22,3.77,19.33,52.77,0.55,46.5,0.0,IN_BANK_FLOW,3.0,0
REC_2024_LOC03_024,2024-06-24,LOC03,LANDSLIDE_ONLY,27.385,88.755,15.0,68,16.54,14.49,5.72,21.26,43.81,0.477,0.0,0.0,NO_RIVER_ZONE,0.0,0
REC_2024_LOC04_024,2024-06-24,LOC04,LANDSLIDE_ONLY,27.545,88.455,25.0,72,17.12,22.51,0.64,1.45,3.83,0.364,0.0,0.0,NO_RIVER_ZONE,0.0,0
REC_2024_LOC05_024,2024-06-24,LOC05,FLOOD_ONLY,27.2345,88.4972,180.0,86,21.03,22.1,5.52,26.5,55.54,0.556,122.1,0.0,IN_BANK_FLOW,3.6,0
REC_2024_LOC06_024,2024-06-24,LOC06,FLOOD_ONLY,27.1739,88.518,210.0,88,21.32,22.07,2.37,6.19,14.74,0.387,95.0,0.0,IN_BANK_FLOW,3.0,0
REC_2024_LOC01_025,2024-06-25,LOC01,COMPOUND,27.604,88.646,85.0,80,18.38,73.89,1.33,5.53,9.57,0.388,28.0,0.0,IN_BANK_FLOW,3.0,0
REC_2024_LOC02_025,2024-06-25,LOC02,COMPOUND,27.399,88.524,95.0,78,18.6,74.22,0.54,1.91,4.45,0.367,45.0,0.0,IN_BANK_FLOW,3.0,0
REC_2024_LOC03_025,2024-06-25,LOC03,LANDSLIDE_ONLY,27.385,88.755,15.0,68,16.54,14.49,0.5,1.39,3.43,0.364,0.0,0.0,NO_RIVER_ZONE,0.0,0
REC_2024_LOC04_025,2024-06-25,LOC04,LANDSLIDE_ONLY,27.545,88.455,25.0,72,17.12,22.51,12.73,28.34,71.84,0.543,0.0,0.0,NO_RIVER_ZONE,0.0,0
REC_2024_LOC05_025,2024-06-25,LOC05,FLOOD_ONLY,27.2345,88.4972,180.0,86,21.03,22.1,3.92,20.92,49.88,0.516,100.0,0.0,IN_BANK_FLOW,3.0,0
REC_2024_LOC06_025,2024-06-25,LOC06,FLOOD_ONLY,27.1739,88.518,210.0,88,21.32,22.07,0.04,0.13,0.23,0.351,95.0,0.0,IN_BANK_FLOW,3.0,0
REC_2024_LOC01_026,2024-06-26,LOC01,COMPOUND,27.604,88.646,85.0,80,18.38,73.89,2.57,6.11,15.55,0.39,28.0,0.0,IN_BANK_FLOW,3.0,0
REC_2024_LOC02_026,2024-06-26,LOC02,COMPOUND,27.399,88.524,95.0,78,18.6,74.22,2.63,7.39,17.17,0.428,45.0,0.0,IN_BANK_FLOW,3.0,0
REC_2024_LOC03_026,2024-06-26,LOC03,LANDSLIDE_ONLY,27.385,88.755,15.0,68,16.54,14.49,10.39,24.76,41.64,0.478,0.0,0.0,NO_RIVER_ZONE,0.0,0
REC_2024_LOC04_026,2024-06-26,LOC04,LANDSLIDE_ONLY,27.545,88.455,25.0,72,17.12,22.51,3.35,9.6,21.09,0.409,0.0,0.0,NO_RIVER_ZONE,0.0,0
REC_2024_LOC05_026,2024-06-26,LOC05,FLOOD_ONLY,27.2345,88.4972,180.0,86,21.03,22.1,0.77,1.97,3.43,0.361,75.0,0.0,IN_BANK_FLOW,3.0,0
REC_2024_LOC06_026,2024-06-26,LOC06,FLOOD_ONLY,27.1739,88.518,210.0,88,21.32,22.07,2.62,6.41,15.13,0.391,95.0,0.0,IN_BANK_FLOW,3.0,0
REC_2024_LOC01_027,2024-06-27,LOC01,COMPOUND,27.604,88.646,85.0,80,18.38,73.89,3.73,14.66,28.63,0.435,28.2,0.0,IN_BANK_FLOW,3.0,0
REC_2024_LOC02_027,2024-06-27,LOC02,COMPOUND,27.399,88.524,95.0,78,18.6,74.22,1.25,5.07,13.96,0.401,45.0,0.0,IN_BANK_FLOW,3.0,0
REC_2024_LOC03_027,2024-06-27,LOC03,LANDSLIDE_ONLY,27.385,88.755,15.0,68,16.54,14.49,0.81,2.97,6.67,0.37,0.0,0.0,NO_RIVER_ZONE,0.0,0
REC_2024_LOC04_027,2024-06-27,LOC04,LANDSLIDE_ONLY,27.545,88.455,25.0,72,17.12,22.51,20.93,53.37,103.08,0.766,0.0,0.0,NO_RIVER_ZONE,0.0,0
REC_2024_LOC05_027,2024-06-27,LOC05,FLOOD_ONLY,27.2345,88.4972,180.0,86,21.03,22.1,5.88,32.77,56.55,0.544,151.9,0.0,IN_BANK_FLOW,4.5,0
REC_2024_LOC06_027,2024-06-27,LOC06,FLOOD_ONLY,27.1739,88.518,210.0,88,21.32,22.07,0.66,1.89,3.03,0.359,95.0,0.0,IN_BANK_FLOW,3.0,0
REC_2024_LOC01_028,2024-06-28,LOC01,COMPOUND,27.604,88.646,85.0,80,18.38,73.89,2.13,10.37,20.09,0.425,28.0,0.0,IN_BANK_FLOW,3.0,0
REC_2024_LOC02_028,2024-06-28,LOC02,COMPOUND,27.399,88.524,95.0,78,18.6,74.22,10.19,36.57,99.71,0.723,68.5,0.0,IN_BANK_FLOW,3.0,0
REC_2024_LOC03_028,2024-06-28,LOC03,LANDSLIDE_ONLY,27.385,88.755,15.0,68,16.54,14.49,0.55,2.43,6.18,0.367,0.0,0.0,NO_RIVER_ZONE,0.0,0
REC_2024_LOC04_028,2024-06-28,LOC04,LANDSLIDE_ONLY,27.545,88.455,25.0,72,17.12,22.51,0.44,1.87,3.49,0.363,0.0,0.0,NO_RIVER_ZONE,0.0,0
REC_2024_LOC05_028,2024-06-28,LOC05,FLOOD_ONLY,27.2345,88.4972,180.0,86,21.03,22.1,0.02,0.09,0.17,0.35,75.0,0.0,IN_BANK_FLOW,3.0,0
REC_2024_LOC06_028,2024-06-28,LOC06,FLOOD_ONLY,27.1739,88.518,210.0,88,21.32,22.07,6.99,21.7,37.06,0.525,138.5,0.0,IN_BANK_FLOW,3.1,0
REC_2024_LOC01_029,2024-06-29,LOC01,COMPOUND,27.604,88.646,85.0,80,18.38,73.89,2.68,10.87,23.63,0.425,28.0,0.0,IN_BANK_FLOW,3.0,0
REC_2024_LOC02_029,2024-06-29,LOC02,COMPOUND,27.399,88.524,95.0,78,18.6,74.22,1.26,3.87,9.39,0.375,45.0,0.0,IN_BANK_FLOW,3.0,0
REC_2024_LOC03_029,2024-06-29,LOC03,LANDSLIDE_ONLY,27.385,88.755,15.0,68,16.54,14.49,0.64,3.42,7.6,0.374,0.0,0.0,NO_RIVER_ZONE,0.0,0
REC_2024_LOC04_029,2024-06-29,LOC04,LANDSLIDE_ONLY,27.545,88.455,25.0,72,17.12,22.51,0.69,2.2,3.68,0.362,0.0,0.0,NO_RIVER_ZONE,0.0,0
REC_2024_LOC05_029,2024-06-29,LOC05,FLOOD_ONLY,27.2345,88.4972,180.0,86,21.03,22.1,2.71,7.15,15.73,0.406,75.0,0.0,IN_BANK_FLOW,3.0,0
REC_2024_LOC06_029,2024-06-29,LOC06,FLOOD_ONLY,27.1739,88.518,210.0,88,21.32,22.07,5.18,13.39,36.67,0.464,105.0,0.0,IN_BANK_FLOW,3.0,0
REC_2024_LOC01_030,2024-06-30,LOC01,COMPOUND,27.604,88.646,85.0,80,18.38,73.89,7.68,25.25,62.55,0.514,36.3,0.0,IN_BANK_FLOW,3.0,0
REC_2024_LOC02_030,2024-06-30,LOC02,COMPOUND,27.399,88.524,95.0,78,18.6,74.22,0.13,0.45,1.1,0.353,45.0,0.0,IN_BANK_FLOW,3.0,0
REC_2024_LOC03_030,2024-06-30,LOC03,LANDSLIDE_ONLY,27.385,88.755,15.0,68,16.54,14.49,3.82,19.51,40.48,0.512,0.0,0.0,NO_RIVER_ZONE,0.0,0
REC_2024_LOC04_030,2024-06-30,LOC04,LANDSLIDE_ONLY,27.545,88.455,25.0,72,17.12,22.51,1.16,6.23,11.59,0.401,0.0,0.0,NO_RIVER_ZONE,0.0,0
REC_2024_LOC05_030,2024-06-30,LOC05,FLOOD_ONLY,27.2345,88.4972,180.0,86,21.03,22.1,5.96,17.36,43.82,0.464,88.8,0.0,IN_BANK_FLOW,3.0,0
REC_2024_LOC06_030,2024-06-30,LOC06,FLOOD_ONLY,27.1739,88.518,210.0,88,21.32,22.07,5.79,13.85,36.11,0.438,106.4,0.0,IN_BANK_FLOW,3.0,0
REC_2024_LOC01_031,2024-07-01,LOC01,COMPOUND,27.604,88.646,85.0,80,18.38,73.89,1.81,4.51,9.35,0.382,28.0,0.0,IN_BANK_FLOW,3.0,0
REC_2024_LOC02_031,2024-07-01,LOC02,COMPOUND,27.399,88.524,95.0,78,18.6,74.22,20.52,49.98,114.42,0.673,97.8,0.0,IN_BANK_FLOW,3.8,0
REC_2024_LOC03_031,2024-07-01,LOC03,LANDSLIDE_ONLY,27.385,88.755,15.0,68,16.54,14.49,9.7,34.03,76.17,0.615,0.0,0.0,NO_RIVER_ZONE,0.0,0
REC_2024_LOC04_031,2024-07-01,LOC04,LANDSLIDE_ONLY,27.545,88.455,25.0,72,17.12,22.51,3.7,14.69,26.63,0.447,0.0,0.0,NO_RIVER_ZONE,0.0,0
REC_2024_LOC05_031,2024-07-01,LOC05,FLOOD_ONLY,27.2345,88.4972,180.0,86,21.03,22.1,15.11,35.06,82.32,0.608,163.9,0.0,IN_BANK_FLOW,4.8,0
REC_2024_LOC06_031,2024-07-01,LOC06,FLOOD_ONLY,27.1739,88.518,210.0,88,21.32,22.07,11.6,30.24,78.55,0.601,187.3,0.0,IN_BANK_FLOW,4.3,0
REC_2024_LOC01_032,2024-07-02,LOC01,COMPOUND,27.604,88.646,85.0,80,18.38,73.89,5.6,20.39,36.59,0.445,31.3,0.0,IN_BANK_FLOW,3.0,0
REC_2024_LOC02_032,2024-07-02,LOC02,COMPOUND,27.399,88.524,95.0,78,18.6,74.22,0.08,0.47,1.01,0.353,45.0,0.0,IN_BANK_FLOW,3.0,0
REC_2024_LOC03_032,2024-07-02,LOC03,LANDSLIDE_ONLY,27.385,88.755,15.0,68,16.54,14.49,2.48,11.41,23.08,0.437,0.0,0.0,NO_RIVER_ZONE,0.0,0
REC_2024_LOC04_032,2024-07-02,LOC04,LANDSLIDE_ONLY,27.545,88.455,25.0,72,17.12,22.51,6.25,14.52,28.27,0.463,0.0,0.0,NO_RIVER_ZONE,0.0,0
REC_2024_LOC05_032,2024-07-02,LOC05,FLOOD_ONLY,27.2345,88.4972,180.0,86,21.03,22.1,5.35,15.13,26.86,0.439,83.2,0.0,IN_BANK_FLOW,3.0,0
REC_2024_LOC06_032,2024-07-02,LOC06,FLOOD_ONLY,27.1739,88.518,210.0,88,21.32,22.07,6.79,22.92,36.8,0.483,144.7,0.0,IN_BANK_FLOW,3.3,0
REC_2024_LOC01_033,2024-07-03,LOC01,COMPOUND,27.604,88.646,85.0,80,18.38,73.89,2.44,5.67,12.01,0.379,28.0,0.0,IN_BANK_FLOW,3.0,0
REC_2024_LOC02_033,2024-07-03,LOC02,COMPOUND,27.399,88.524,95.0,78,18.6,74.22,1.39,4.63,9.46,0.382,45.0,0.0,IN_BANK_FLOW,3.0,0
REC_2024_LOC03_033,2024-07-03,LOC03,LANDSLIDE_ONLY,27.385,88.755,15.0,68,16.54,14.49,4.93,12.72,30.45,0.445,0.0,0.0,NO_RIVER_ZONE,0.0,0
REC_2024_LOC04_033,2024-07-03,LOC04,LANDSLIDE_ONLY,27.545,88.455,25.0,72,17.12,22.51,10.74,52.73,114.95,0.748,0.0,0.0,NO_RIVER_ZONE,0.0,0
REC_2024_LOC05_033,2024-07-03,LOC05,FLOOD_ONLY,27.2345,88.4972,180.0,86,21.03,22.1,0.71,1.72,3.27,0.358,75.0,0.0,IN_BANK_FLOW,3.0,0
REC_2024_LOC06_033,2024-07-03,LOC06,FLOOD_ONLY,27.1739,88.518,210.0,88,21.32,22.07,5.68,30.61,57.79,0.531,189.7,0.0,IN_BANK_FLOW,4.3,0
REC_2024_LOC01_034,2024-07-04,LOC01,COMPOUND,27.604,88.646,85.0,80,18.38,73.89,7.22,18.56,32.64,0.436,30.0,0.0,IN_BANK_FLOW,3.0,0
REC_2024_LOC02_034,2024-07-04,LOC02,COMPOUND,27.399,88.524,95.0,78,18.6,74.22,3.92,17.42,34.82,0.47,45.6,0.0,IN_BANK_FLOW,3.0,0
REC_2024_LOC03_034,2024-07-04,LOC03,LANDSLIDE_ONLY,27.385,88.755,15.0,68,16.54,14.49,0.86,2.95,8.08,0.379,0.0,0.0,NO_RIVER_ZONE,0.0,0
REC_2024_LOC04_034,2024-07-04,LOC04,LANDSLIDE_ONLY,27.545,88.455,25.0,72,17.12,22.51,17.73,41.6,90.81,0.596,0.0,0.0,NO_RIVER_ZONE,0.0,0
REC_2024_LOC05_034,2024-07-04,LOC05,FLOOD_ONLY,27.2345,88.4972,180.0,86,21.03,22.1,0.51,2.2,4.37,0.368,75.0,0.0,IN_BANK_FLOW,3.0,0
REC_2024_LOC06_034,2024-07-04,LOC06,FLOOD_ONLY,27.1739,88.518,210.0,88,21.32,22.07,0.47,1.28,2.2,0.356,95.0,0.0,IN_BANK_FLOW,3.0,0
REC_2024_LOC01_035,2024-07-05,LOC01,COMPOUND,27.604,88.646,85.0,80,18.38,73.89,4.32,18.16,42.59,0.463,29.7,0.0,IN_BANK_FLOW,3.0,0
REC_2024_LOC02_035,2024-07-05,LOC02,COMPOUND,27.399,88.524,95.0,78,18.6,74.22,1.87,4.74,11.34,0.387,45.0,0.0,IN_BANK_FLOW,3.0,0
REC_2024_LOC03_035,2024-07-05,LOC03,LANDSLIDE_ONLY,27.385,88.755,15.0,68,16.54,14.49,9.14,30.17,83.36,0.642,0.0,0.0,NO_RIVER_ZONE,0.0,0
REC_2024_LOC04_035,2024-07-05,LOC04,LANDSLIDE_ONLY,27.545,88.455,25.0,72,17.12,22.51,2.67,16.06,36.76,0.504,0.0,0.0,NO_RIVER_ZONE,0.0,0
REC_2024_LOC05_035,2024-07-05,LOC05,FLOOD_ONLY,27.2345,88.4972,180.0,86,21.03,22.1,2.19,9.94,19.67,0.414,75.5,0.0,IN_BANK_FLOW,3.0,0
REC_2024_LOC06_035,2024-07-05,LOC06,FLOOD_ONLY,27.1739,88.518,210.0,88,21.32,22.07,0.94,2.25,3.63,0.362,95.0,0.0,IN_BANK_FLOW,3.0,0
REC_2024_LOC01_036,2024-07-06,LOC01,COMPOUND,27.604,88.646,85.0,80,18.38,73.89,0.94,6.06,9.85,0.379,28.0,0.0,IN_BANK_FLOW,3.0,0
REC_2024_LOC02_036,2024-07-06,LOC02,COMPOUND,27.399,88.524,95.0,78,18.6,74.22,3.03,17.4,43.85,0.467,45.6,0.0,IN_BANK_FLOW,3.0,0
REC_2024_LOC03_036,2024-07-06,LOC03,LANDSLIDE_ONLY,27.385,88.755,15.0,68,16.54,14.49,24.24,57.03,154.24,0.695,0.0,0.0,NO_RIVER_ZONE,0.0,0
REC_2024_LOC04_036,2024-07-06,LOC04,LANDSLIDE_ONLY,27.545,88.455,25.0,72,17.12,22.51,2.32,6.09,11.68,0.399,0.0,0.0,NO_RIVER_ZONE,0.0,0
REC_2024_LOC05_036,2024-07-06,LOC05,FLOOD_ONLY,27.2345,88.4972,180.0,86,21.03,22.1,3.15,11.5,25.18,0.422,77.0,0.0,IN_BANK_FLOW,3.0,0
REC_2024_LOC06_036,2024-07-06,LOC06,FLOOD_ONLY,27.1739,88.518,210.0,88,21.32,22.07,3.58,16.32,39.1,0.478,114.7,0.0,IN_BANK_FLOW,3.0,0
REC_2024_LOC01_037,2024-07-07,LOC01,COMPOUND,27.604,88.646,85.0,80,18.38,73.89,22.76,53.75,123.11,0.847,92.2,0.0,IN_BANK_FLOW,5.5,0
REC_2024_LOC02_037,2024-07-07,LOC02,COMPOUND,27.399,88.524,95.0,78,18.6,74.22,5.07,18.47,31.15,0.469,46.0,0.0,IN_BANK_FLOW,3.0,0
REC_2024_LOC03_037,2024-07-07,LOC03,LANDSLIDE_ONLY,27.385,88.755,15.0,68,16.54,14.49,0.36,1.18,2.04,0.357,0.0,0.0,NO_RIVER_ZONE,0.0,0
REC_2024_LOC04_037,2024-07-07,LOC04,LANDSLIDE_ONLY,27.545,88.455,25.0,72,17.12,22.51,0.41,1.49,3.59,0.359,0.0,0.0,NO_RIVER_ZONE,0.0,0
REC_2024_LOC05_037,2024-07-07,LOC05,FLOOD_ONLY,27.2345,88.4972,180.0,86,21.03,22.1,31.54,79.22,219.4,0.98,453.2,0.0,IN_BANK_FLOW,13.3,0
REC_2024_LOC06_037,2024-07-07,LOC06,FLOOD_ONLY,27.1739,88.518,210.0,88,21.32,22.07,7.81,38.18,63.66,0.553,240.9,0.0,IN_BANK_FLOW,5.5,0
REC_2024_LOC01_038,2024-07-08,LOC01,COMPOUND,27.604,88.646,85.0,80,18.38,73.89,10.6,26.81,50.79,0.563,38.2,0.0,IN_BANK_FLOW,3.0,0
REC_2024_LOC02_038,2024-07-08,LOC02,COMPOUND,27.399,88.524,95.0,78,18.6,74.22,0.56,1.51,3.1,0.36,45.0,0.0,IN_BANK_FLOW,3.0,0
REC_2024_LOC03_038,2024-07-08,LOC03,LANDSLIDE_ONLY,27.385,88.755,15.0,68,16.54,14.49,14.46,47.03,96.33,0.682,0.0,0.0,NO_RIVER_ZONE,0.0,0
REC_2024_LOC04_038,2024-07-08,LOC04,LANDSLIDE_ONLY,27.545,88.455,25.0,72,17.12,22.51,5.48,34.44,79.32,0.667,0.0,0.0,NO_RIVER_ZONE,0.0,0
REC_2024_LOC05_038,2024-07-08,LOC05,FLOOD_ONLY,27.2345,88.4972,180.0,86,21.03,22.1,3.34,13.01,32.31,0.471,79.1,0.0,IN_BANK_FLOW,3.0,0
REC_2024_LOC06_038,2024-07-08,LOC06,FLOOD_ONLY,27.1739,88.518,210.0,88,21.32,22.07,20.1,93.63,230.07,0.98,704.9,0.0,IN_BANK_FLOW,16.0,0
REC_2024_LOC01_039,2024-07-09,LOC01,COMPOUND,27.604,88.646,85.0,80,18.38,73.89,0.33,1.56,4.32,0.365,28.0,0.0,IN_BANK_FLOW,3.0,0
REC_2024_LOC02_039,2024-07-09,LOC02,COMPOUND,27.399,88.524,95.0,78,18.6,74.22,3.09,10.32,19.13,0.409,45.0,0.0,IN_BANK_FLOW,3.0,0
REC_2024_LOC03_039,2024-07-09,LOC03,LANDSLIDE_ONLY,27.385,88.755,15.0,68,16.54,14.49,8.33,19.83,42.99,0.539,0.0,0.0,NO_RIVER_ZONE,0.0,0
REC_2024_LOC04_039,2024-07-09,LOC04,LANDSLIDE_ONLY,27.545,88.455,25.0,72,17.12,22.51,3.08,12.43,29.45,0.444,0.0,0.0,NO_RIVER_ZONE,0.0,0
REC_2024_LOC05_039,2024-07-09,LOC05,FLOOD_ONLY,27.2345,88.4972,180.0,86,21.03,22.1,0.57,2.59,4.87,0.365,75.0,0.0,IN_BANK_FLOW,3.0,0
REC_2024_LOC06_039,2024-07-09,LOC06,FLOOD_ONLY,27.1739,88.518,210.0,88,21.32,22.07,4.41,10.09,26.96,0.436,97.6,0.0,IN_BANK_FLOW,3.0,0
REC_2024_LOC01_040,2024-07-10,LOC01,COMPOUND,27.604,88.646,85.0,80,18.38,73.89,10.13,42.1,86.14,0.576,65.1,0.0,IN_BANK_FLOW,3.9,0
REC_2024_LOC02_040,2024-07-10,LOC02,COMPOUND,27.399,88.524,95.0,78,18.6,74.22,1.6,5.89,12.06,0.404,45.0,0.0,IN_BANK_FLOW,3.0,0
REC_2024_LOC03_040,2024-07-10,LOC03,LANDSLIDE_ONLY,27.385,88.755,15.0,68,16.54,14.49,3.29,9.4,25.94,0.434,0.0,0.0,NO_RIVER_ZONE,0.0,0
REC_2024_LOC04_040,2024-07-10,LOC04,LANDSLIDE_ONLY,27.545,88.455,25.0,72,17.12,22.51,8.49,19.12,40.99,0.535,0.0,0.0,NO_RIVER_ZONE,0.0,0
REC_2024_LOC05_040,2024-07-10,LOC05,FLOOD_ONLY,27.2345,88.4972,180.0,86,21.03,22.1,7.05,23.09,39.6,0.528,108.0,0.0,IN_BANK_FLOW,3.2,0
REC_2024_LOC06_040,2024-07-10,LOC06,FLOOD_ONLY,27.1739,88.518,210.0,88,21.32,22.07,6.58,15.32,41.0,0.474,111.1,0.0,IN_BANK_FLOW,3.0,0
REC_2024_LOC01_041,2024-07-11,LOC01,COMPOUND,27.604,88.646,85.0,80,18.38,73.89,5.21,15.77,25.34,0.42,28.6,0.0,IN_BANK_FLOW,3.0,0
REC_2024_LOC02_041,2024-07-11,LOC02,COMPOUND,27.399,88.524,95.0,78,18.6,74.22,1.81,7.79,20.59,0.407,45.0,0.0,IN_BANK_FLOW,3.0,0
REC_2024_LOC03_041,2024-07-11,LOC03,LANDSLIDE_ONLY,27.385,88.755,15.0,68,16.54,14.49,7.9,28.29,45.94,0.53,0.0,0.0,NO_RIVER_ZONE,0.0,0
REC_2024_LOC04_041,2024-07-11,LOC04,LANDSLIDE_ONLY,27.545,88.455,25.0,72,17.12,22.51,11.7,55.31,119.1,0.79,0.0,0.0,NO_RIVER_ZONE,0.0,0
REC_2024_LOC05_041,2024-07-11,LOC05,FLOOD_ONLY,27.2345,88.4972,180.0,86,21.03,22.1,1.75,10.19,20.58,0.43,75.7,0.0,IN_BANK_FLOW,3.0,0
REC_2024_LOC06_041,2024-07-11,LOC06,FLOOD_ONLY,27.1739,88.518,210.0,88,21.32,22.07,3.39,17.35,37.36,0.5,118.7,0.0,IN_BANK_FLOW,3.0,0
REC_2024_LOC01_042,2024-07-12,LOC01,COMPOUND,27.604,88.646,85.0,80,18.38,73.89,1.29,6.22,11.01,0.38,28.0,0.0,IN_BANK_FLOW,3.0,0
REC_2024_LOC02_042,2024-07-12,LOC02,COMPOUND,27.399,88.524,95.0,78,18.6,74.22,9.39,24.84,43.29,0.487,51.0,0.0,IN_BANK_FLOW,3.0,0
REC_2024_LOC03_042,2024-07-12,LOC03,LANDSLIDE_ONLY,27.385,88.755,15.0,68,16.54,14.49,6.45,16.16,30.34,0.461,0.0,0.0,NO_RIVER_ZONE,0.0,0
REC_2024_LOC04_042,2024-07-12,LOC04,LANDSLIDE_ONLY,27.545,88.455,25.0,72,17.12,22.51,0.25,0.67,1.85,0.357,0.0,0.0,NO_RIVER_ZONE,0.0,0
REC_2024_LOC05_042,2024-07-12,LOC05,FLOOD_ONLY,27.2345,88.4972,180.0,86,21.03,22.1,0.11,0.33,0.72,0.353,75.0,0.0,IN_BANK_FLOW,3.0,0
REC_2024_LOC06_042,2024-07-12,LOC06,FLOOD_ONLY,27.1739,88.518,210.0,88,21.32,22.07,2.22,7.57,20.04,0.414,95.1,0.0,IN_BANK_FLOW,3.0,0
REC_2024_LOC01_043,2024-07-13,LOC01,COMPOUND,27.604,88.646,85.0,80,18.38,73.89,1.32,5.65,9.38,0.377,28.0,0.0,IN_BANK_FLOW,3.0,0
REC_2024_LOC02_043,2024-07-13,LOC02,COMPOUND,27.399,88.524,95.0,78,18.6,74.22,1.56,4.98,13.79,0.396,45.0,0.0,IN_BANK_FLOW,3.0,0
REC_2024_LOC03_043,2024-07-13,LOC03,LANDSLIDE_ONLY,27.385,88.755,15.0,68,16.54,14.49,10.53,49.8,131.01,0.81,0.0,0.0,NO_RIVER_ZONE,0.0,0
REC_2024_LOC04_043,2024-07-13,LOC04,LANDSLIDE_ONLY,27.545,88.455,25.0,72,17.12,22.51,14.39,74.33,205.85,0.832,0.0,0.0,NO_RIVER_ZONE,0.0,0
REC_2024_LOC05_043,2024-07-13,LOC05,FLOOD_ONLY,27.2345,88.4972,180.0,86,21.03,22.1,4.73,15.02,36.55,0.505,83.0,0.0,IN_BANK_FLOW,3.0,0
REC_2024_LOC06_043,2024-07-13,LOC06,FLOOD_ONLY,27.1739,88.518,210.0,88,21.32,22.07,4.73,23.16,44.21,0.507,146.0,0.0,IN_BANK_FLOW,3.3,0
REC_2024_LOC01_044,2024-07-14,LOC01,COMPOUND,27.604,88.646,85.0,80,18.38,73.89,2.75,10.1,27.02,0.426,28.0,0.0,IN_BANK_FLOW,3.0,0
REC_2024_LOC02_044,2024-07-14,LOC02,COMPOUND,27.399,88.524,95.0,78,18.6,74.22,15.64,35.86,91.61,0.672,67.2,0.0,IN_BANK_FLOW,3.0,0
REC_2024_LOC03_044,2024-07-14,LOC03,LANDSLIDE_ONLY,27.385,88.755,15.0,68,16.54,14.49,1.75,8.08,14.33,0.387,0.0,0.0,NO_RIVER_ZONE,0.0,0
REC_2024_LOC04_044,2024-07-14,LOC04,LANDSLIDE_ONLY,27.545,88.455,25.0,72,17.12,22.51,1.91,4.54,10.02,0.374,0.0,0.0,NO_RIVER_ZONE,0.0,0
REC_2024_LOC05_044,2024-07-14,LOC05,FLOOD_ONLY,27.2345,88.4972,180.0,86,21.03,22.1,1.39,8.29,15.61,0.409,75.0,0.0,IN_BANK_FLOW,3.0,0
REC_2024_LOC06_044,2024-07-14,LOC06,FLOOD_ONLY,27.1739,88.518,210.0,88,21.32,22.07,11.69,43.94,116.47,0.651,283.2,0.0,IN_BANK_FLOW,6.4,0
REC_2024_LOC01_045,2024-07-15,LOC01,COMPOUND,27.604,88.646,85.0,80,18.38,73.89,5.53,25.03,61.1,0.532,36.0,0.0,IN_BANK_FLOW,3.0,0
REC_2024_LOC02_045,2024-07-15,LOC02,COMPOUND,27.399,88.524,95.0,78,18.6,74.22,2.45,6.11,15.07,0.403,45.0,0.0,IN_BANK_FLOW,3.0,0
REC_2024_LOC03_045,2024-07-15,LOC03,LANDSLIDE_ONLY,27.385,88.755,15.0,68,16.54,14.49,1.19,3.84,6.9,0.372,0.0,0.0,NO_RIVER_ZONE,0.0,0
REC_2024_LOC04_045,2024-07-15,LOC04,LANDSLIDE_ONLY,27.545,88.455,25.0,72,17.12,22.51,9.58,38.65,82.43,0.665,0.0,0.0,NO_RIVER_ZONE,0.0,0
REC_2024_LOC05_045,2024-07-15,LOC05,FLOOD_ONLY,27.2345,88.4972,180.0,86,21.03,22.1,2.69,8.18,16.35,0.411,75.0,0.0,IN_BANK_FLOW,3.0,0
REC_2024_LOC06_045,2024-07-15,LOC06,FLOOD_ONLY,27.1739,88.518,210.0,88,21.32,22.07,3.38,11.08,24.47,0.425,99.4,0.0,IN_BANK_FLOW,3.0,0
REC_2024_LOC01_046,2024-07-16,LOC01,COMPOUND,27.604,88.646,85.0,80,18.38,73.89,10.14,25.89,53.18,0.575,37.0,0.0,IN_BANK_FLOW,3.0,0
REC_2024_LOC02_046,2024-07-16,LOC02,COMPOUND,27.399,88.524,95.0,78,18.6,74.22,9.37,24.79,68.8,0.519,50.9,0.0,IN_BANK_FLOW,3.0,0
REC_2024_LOC03_046,2024-07-16,LOC03,LANDSLIDE_ONLY,27.385,88.755,15.0,68,16.54,14.49,2.55,7.81,15.4,0.413,0.0,0.0,NO_RIVER_ZONE,0.0,0
REC_2024_LOC04_046,2024-07-16,LOC04,LANDSLIDE_ONLY,27.545,88.455,25.0,72,17.12,22.51,0.75,1.86,4.83,0.363,0.0,0.0,NO_RIVER_ZONE,0.0,0
REC_2024_LOC05_046,2024-07-16,LOC05,FLOOD_ONLY,27.2345,88.4972,180.0,86,21.03,22.1,9.93,39.91,92.24,0.609,190.7,0.0,IN_BANK_FLOW,5.6,0
REC_2024_LOC06_046,2024-07-16,LOC06,FLOOD_ONLY,27.1739,88.518,210.0,88,21.32,22.07,0.14,0.38,0.9,0.353,95.0,0.0,IN_BANK_FLOW,3.0,0
REC_2024_LOC01_047,2024-07-17,LOC01,COMPOUND,27.604,88.646,85.0,80,18.38,73.89,0.49,2.14,4.38,0.368,28.0,0.0,IN_BANK_FLOW,3.0,0
REC_2024_LOC02_047,2024-07-17,LOC02,COMPOUND,27.399,88.524,95.0,78,18.6,74.22,4.75,18.83,46.53,0.517,46.2,0.0,IN_BANK_FLOW,3.0,0
REC_2024_LOC03_047,2024-07-17,LOC03,LANDSLIDE_ONLY,27.385,88.755,15.0,68,16.54,14.49,4.46,10.87,19.51,0.421,0.0,0.0,NO_RIVER_ZONE,0.0,0
REC_2024_LOC04_047,2024-07-17,LOC04,LANDSLIDE_ONLY,27.545,88.455,25.0,72,17.12,22.51,4.17,10.56,22.35,0.422,0.0,0.0,NO_RIVER_ZONE,0.0,0
REC_2024_LOC05_047,2024-07-17,LOC05,FLOOD_ONLY,27.2345,88.4972,180.0,86,21.03,22.1,7.26,20.91,47.96,0.548,100.0,0.0,IN_BANK_FLOW,3.0,0
REC_2024_LOC06_047,2024-07-17,LOC06,FLOOD_ONLY,27.1739,88.518,210.0,88,21.32,22.07,5.11,16.72,38.29,0.514,116.2,0.0,IN_BANK_FLOW,3.0,0
REC_2024_LOC01_048,2024-07-18,LOC01,COMPOUND,27.604,88.646,85.0,80,18.38,73.89,1.34,6.62,14.92,0.394,28.0,0.0,IN_BANK_FLOW,3.0,0
REC_2024_LOC02_048,2024-07-18,LOC02,COMPOUND,27.399,88.524,95.0,78,18.6,74.22,0.13,0.47,1.25,0.354,45.0,0.0,IN_BANK_FLOW,3.0,0
REC_2024_LOC03_048,2024-07-18,LOC03,LANDSLIDE_ONLY,27.385,88.755,15.0,68,16.54,14.49,0.93,2.35,4.0,0.361,0.0,0.0,NO_RIVER_ZONE,0.0,0
REC_2024_LOC04_048,2024-07-18,LOC04,LANDSLIDE_ONLY,27.545,88.455,25.0,72,17.12,22.51,2.77,11.8,22.78,0.452,0.0,0.0,NO_RIVER_ZONE,0.0,0
REC_2024_LOC05_048,2024-07-18,LOC05,FLOOD_ONLY,27.2345,88.4972,180.0,86,21.03,22.1,0.31,0.83,1.88,0.357,75.0,0.0,IN_BANK_FLOW,3.0,0
REC_2024_LOC06_048,2024-07-18,LOC06,FLOOD_ONLY,27.1739,88.518,210.0,88,21.32,22.07,3.5,14.44,31.89,0.46,108.2,0.0,IN_BANK_FLOW,3.0,0
REC_2024_LOC01_049,2024-07-19,LOC01,COMPOUND,27.604,88.646,85.0,80,18.38,73.89,4.81,21.69,46.01,0.509,32.4,0.0,IN_BANK_FLOW,3.0,0
REC_2024_LOC02_049,2024-07-19,LOC02,COMPOUND,27.399,88.524,95.0,78,18.6,74.22,0.33,0.94,1.75,0.357,45.0,0.0,IN_BANK_FLOW,3.0,0
REC_2024_LOC03_049,2024-07-19,LOC03,LANDSLIDE_ONLY,27.385,88.755,15.0,68,16.54,14.49,2.86,7.21,14.2,0.408,0.0,0.0,NO_RIVER_ZONE,0.0,0
REC_2024_LOC04_049,2024-07-19,LOC04,LANDSLIDE_ONLY,27.545,88.455,25.0,72,17.12,22.51,4.97,23.84,48.33,0.506,0.0,0.0,NO_RIVER_ZONE,0.0,0
REC_2024_LOC05_049,2024-07-19,LOC05,FLOOD_ONLY,27.2345,88.4972,180.0,86,21.03,22.1,1.42,5.21,9.56,0.382,75.0,0.0,IN_BANK_FLOW,3.0,0
REC_2024_LOC06_049,2024-07-19,LOC06,FLOOD_ONLY,27.1739,88.518,210.0,88,21.32,22.07,2.01,5.89,14.27,0.387,95.0,0.0,IN_BANK_FLOW,3.0,0
REC_2024_LOC01_050,2024-07-20,LOC01,COMPOUND,27.604,88.646,85.0,80,18.38,73.89,6.07,21.3,42.31,0.47,32.1,0.0,IN_BANK_FLOW,3.0,0
REC_2024_LOC02_050,2024-07-20,LOC02,COMPOUND,27.399,88.524,95.0,78,18.6,74.22,1.13,5.5,13.9,0.385,45.0,0.0,IN_BANK_FLOW,3.0,0
REC_2024_LOC03_050,2024-07-20,LOC03,LANDSLIDE_ONLY,27.385,88.755,15.0,68,16.54,14.49,15.58,46.42,96.89,0.74,0.0,0.0,NO_RIVER_ZONE,0.0,0
REC_2024_LOC04_050,2024-07-20,LOC04,LANDSLIDE_ONLY,27.545,88.455,25.0,72,17.12,22.51,32.16,73.57,133.35,0.744,0.0,0.0,NO_RIVER_ZONE,0.0,0
REC_2024_LOC05_050,2024-07-20,LOC05,FLOOD_ONLY,27.2345,88.4972,180.0,86,21.03,22.1,0.3,1.81,3.95,0.365,75.0,0.0,IN_BANK_FLOW,3.0,0
REC_2024_LOC06_050,2024-07-20,LOC06,FLOOD_ONLY,27.1739,88.518,210.0,88,21.32,22.07,2.8,10.54,19.33,0.415,98.4,0.0,IN_BANK_FLOW,3.0,0
REC_2024_LOC01_051,2024-07-21,LOC01,COMPOUND,27.604,88.646,85.0,80,18.38,73.89,2.67,15.92,28.41,0.465,28.6,0.0,IN_BANK_FLOW,3.0,0
REC_2024_LOC02_051,2024-07-21,LOC02,COMPOUND,27.399,88.524,95.0,78,18.6,74.22,0.53,1.43,3.57,0.363,45.0,0.0,IN_BANK_FLOW,3.0,0
REC_2024_LOC03_051,2024-07-21,LOC03,LANDSLIDE_ONLY,27.385,88.755,15.0,68,16.54,14.49,0.83,3.29,8.99,0.384,0.0,0.0,NO_RIVER_ZONE,0.0,0
REC_2024_LOC04_051,2024-07-21,LOC04,LANDSLIDE_ONLY,27.545,88.455,25.0,72,17.12,22.51,0.49,1.44,2.44,0.357,0.0,0.0,NO_RIVER_ZONE,0.0,0
REC_2024_LOC05_051,2024-07-21,LOC05,FLOOD_ONLY,27.2345,88.4972,180.0,86,21.03,22.1,7.96,42.0,68.98,0.631,202.9,0.0,IN_BANK_FLOW,6.0,0
REC_2024_LOC06_051,2024-07-21,LOC06,FLOOD_ONLY,27.1739,88.518,210.0,88,21.32,22.07,3.06,8.38,15.42,0.397,95.6,0.0,IN_BANK_FLOW,3.0,0
REC_2024_LOC01_052,2024-07-22,LOC01,COMPOUND,27.604,88.646,85.0,80,18.38,73.89,6.96,16.24,31.12,0.451,28.7,0.0,IN_BANK_FLOW,3.0,0
REC_2024_LOC02_052,2024-07-22,LOC02,COMPOUND,27.399,88.524,95.0,78,18.6,74.22,5.5,20.96,52.34,0.54,47.5,0.0,IN_BANK_FLOW,3.0,0
REC_2024_LOC03_052,2024-07-22,LOC03,LANDSLIDE_ONLY,27.385,88.755,15.0,68,16.54,14.49,6.16,14.0,27.41,0.424,0.0,0.0,NO_RIVER_ZONE,0.0,0
REC_2024_LOC04_052,2024-07-22,LOC04,LANDSLIDE_ONLY,27.545,88.455,25.0,72,17.12,22.51,5.07,21.02,49.74,0.525,0.0,0.0,NO_RIVER_ZONE,0.0,0
REC_2024_LOC05_052,2024-07-22,LOC05,FLOOD_ONLY,27.2345,88.4972,180.0,86,21.03,22.1,1.96,12.6,28.32,0.451,78.5,0.0,IN_BANK_FLOW,3.0,0
REC_2024_LOC06_052,2024-07-22,LOC06,FLOOD_ONLY,27.1739,88.518,210.0,88,21.32,22.07,0.63,2.72,6.22,0.373,95.0,0.0,IN_BANK_FLOW,3.0,0
REC_2024_LOC01_053,2024-07-23,LOC01,COMPOUND,27.604,88.646,85.0,80,18.38,73.89,2.93,13.48,24.19,0.438,28.0,0.0,IN_BANK_FLOW,3.0,0
REC_2024_LOC02_053,2024-07-23,LOC02,COMPOUND,27.399,88.524,95.0,78,18.6,74.22,1.25,6.23,14.4,0.397,45.0,0.0,IN_BANK_FLOW,3.0,0
REC_2024_LOC03_053,2024-07-23,LOC03,LANDSLIDE_ONLY,27.385,88.755,15.0,68,16.54,14.49,15.39,61.29,171.43,0.98,0.0,0.0,NO_RIVER_ZONE,0.0,0
REC_2024_LOC04_053,2024-07-23,LOC04,LANDSLIDE_ONLY,27.545,88.455,25.0,72,17.12,22.51,0.85,2.03,5.17,0.37,0.0,0.0,NO_RIVER_ZONE,0.0,0
REC_2024_LOC05_053,2024-07-23,LOC05,FLOOD_ONLY,27.2345,88.4972,180.0,86,21.03,22.1,3.18,10.94,25.85,0.45,76.4,0.0,IN_BANK_FLOW,3.0,0
REC_2024_LOC06_053,2024-07-23,LOC06,FLOOD_ONLY,27.1739,88.518,210.0,88,21.32,22.07,3.27,9.56,20.41,0.405,96.8,0.0,IN_BANK_FLOW,3.0,0
REC_2024_LOC01_054,2024-07-24,LOC01,COMPOUND,27.604,88.646,85.0,80,18.38,73.89,14.21,41.22,94.13,0.669,63.2,0.0,IN_BANK_FLOW,3.8,0
REC_2024_LOC02_054,2024-07-24,LOC02,COMPOUND,27.399,88.524,95.0,78,18.6,74.22,2.83,16.98,46.58,0.485,45.4,0.0,IN_BANK_FLOW,3.0,0
REC_2024_LOC03_054,2024-07-24,LOC03,LANDSLIDE_ONLY,27.385,88.755,15.0,68,16.54,14.49,0.8,2.53,4.27,0.366,0.0,0.0,NO_RIVER_ZONE,0.0,0
REC_2024_LOC04_054,2024-07-24,LOC04,LANDSLIDE_ONLY,27.545,88.455,25.0,72,17.12,22.51,2.68,6.43,14.71,0.392,0.0,0.0,NO_RIVER_ZONE,0.0,0
REC_2024_LOC05_054,2024-07-24,LOC05,FLOOD_ONLY,27.2345,88.4972,180.0,86,21.03,22.1,2.99,15.03,36.11,0.462,83.0,0.0,IN_BANK_FLOW,3.0,0
REC_2024_LOC06_054,2024-07-24,LOC06,FLOOD_ONLY,27.1739,88.518,210.0,88,21.32,22.07,0.86,4.11,8.51,0.387,95.0,0.0,IN_BANK_FLOW,3.0,0
REC_2024_LOC01_055,2024-07-25,LOC01,COMPOUND,27.604,88.646,85.0,80,18.38,73.89,3.95,13.61,28.48,0.432,28.1,0.0,IN_BANK_FLOW,3.0,0
REC_2024_LOC02_055,2024-07-25,LOC02,COMPOUND,27.399,88.524,95.0,78,18.6,74.22,8.28,32.13,79.04,0.664,60.8,0.0,IN_BANK_FLOW,3.0,0
REC_2024_LOC03_055,2024-07-25,LOC03,LANDSLIDE_ONLY,27.385,88.755,15.0,68,16.54,14.49,13.14,38.49,91.81,0.651,0.0,0.0,NO_RIVER_ZONE,0.0,0
REC_2024_LOC04_055,2024-07-25,LOC04,LANDSLIDE_ONLY,27.545,88.455,25.0,72,17.12,22.51,2.5,8.97,20.92,0.426,0.0,0.0,NO_RIVER_ZONE,0.0,0
REC_2024_LOC05_055,2024-07-25,LOC05,FLOOD_ONLY,27.2345,88.4972,180.0,86,21.03,22.1,0.81,3.92,9.64,0.376,75.0,0.0,IN_BANK_FLOW,3.0,0
REC_2024_LOC06_055,2024-07-25,LOC06,FLOOD_ONLY,27.1739,88.518,210.0,88,21.32,22.07,2.74,13.75,26.16,0.42,106.1,0.0,IN_BANK_FLOW,3.0,0
REC_2024_LOC01_056,2024-07-26,LOC01,COMPOUND,27.604,88.646,85.0,80,18.38,73.89,3.16,11.53,23.07,0.424,28.0,0.0,IN_BANK_FLOW,3.0,0
REC_2024_LOC02_056,2024-07-26,LOC02,COMPOUND,27.399,88.524,95.0,78,18.6,74.22,1.33,3.96,8.74,0.379,45.0,0.0,IN_BANK_FLOW,3.0,0
REC_2024_LOC03_056,2024-07-26,LOC03,LANDSLIDE_ONLY,27.385,88.755,15.0,68,16.54,14.49,9.64,24.68,68.29,0.612,0.0,0.0,NO_RIVER_ZONE,0.0,0
REC_2024_LOC04_056,2024-07-26,LOC04,LANDSLIDE_ONLY,27.545,88.455,25.0,72,17.12,22.51,0.96,5.41,12.11,0.391,0.0,0.0,NO_RIVER_ZONE,0.0,0
REC_2024_LOC05_056,2024-07-26,LOC05,FLOOD_ONLY,27.2345,88.4972,180.0,86,21.03,22.1,3.05,12.87,26.5,0.439,78.9,0.0,IN_BANK_FLOW,3.0,0
REC_2024_LOC06_056,2024-07-26,LOC06,FLOOD_ONLY,27.1739,88.518,210.0,88,21.32,22.07,4.94,17.7,31.56,0.469,120.2,0.0,IN_BANK_FLOW,3.0,0
REC_2024_LOC01_057,2024-07-27,LOC01,COMPOUND,27.604,88.646,85.0,80,18.38,73.89,5.53,24.86,49.18,0.516,35.8,0.0,IN_BANK_FLOW,3.0,0
REC_2024_LOC02_057,2024-07-27,LOC02,COMPOUND,27.399,88.524,95.0,78,18.6,74.22,5.46,24.7,52.7,0.543,50.8,0.0,IN_BANK_FLOW,3.0,0
REC_2024_LOC03_057,2024-07-27,LOC03,LANDSLIDE_ONLY,27.385,88.755,15.0,68,16.54,14.49,9.29,32.95,79.22,0.651,0.0,0.0,NO_RIVER_ZONE,0.0,0
REC_2024_LOC04_057,2024-07-27,LOC04,LANDSLIDE_ONLY,27.545,88.455,25.0,72,17.12,22.51,3.89,19.25,32.32,0.457,0.0,0.0,NO_RIVER_ZONE,0.0,0
REC_2024_LOC05_057,2024-07-27,LOC05,FLOOD_ONLY,27.2345,88.4972,180.0,86,21.03,22.1,6.21,20.02,52.32,0.556,96.9,0.0,IN_BANK_FLOW,3.0,0
REC_2024_LOC06_057,2024-07-27,LOC06,FLOOD_ONLY,27.1739,88.518,210.0,88,21.32,22.07,0.58,1.6,2.61,0.361,95.0,0.0,IN_BANK_FLOW,3.0,0
REC_2024_LOC01_058,2024-07-28,LOC01,COMPOUND,27.604,88.646,85.0,80,18.38,73.89,4.24,19.35,31.32,0.455,30.5,0.0,IN_BANK_FLOW,3.0,0
REC_2024_LOC02_058,2024-07-28,LOC02,COMPOUND,27.399,88.524,95.0,78,18.6,74.22,6.37,16.94,42.95,0.522,45.4,0.0,IN_BANK_FLOW,3.0,0
REC_2024_LOC03_058,2024-07-28,LOC03,LANDSLIDE_ONLY,27.385,88.755,15.0,68,16.54,14.49,4.42,24.39,46.97,0.465,0.0,0.0,NO_RIVER_ZONE,0.0,0
REC_2024_LOC04_058,2024-07-28,LOC04,LANDSLIDE_ONLY,27.545,88.455,25.0,72,17.12,22.51,20.35,51.95,87.58,0.669,0.0,0.0,NO_RIVER_ZONE,0.0,0
REC_2024_LOC05_058,2024-07-28,LOC05,FLOOD_ONLY,27.2345,88.4972,180.0,86,21.03,22.1,7.63,31.82,81.7,0.648,147.1,0.0,IN_BANK_FLOW,4.3,0
REC_2024_LOC06_058,2024-07-28,LOC06,FLOOD_ONLY,27.1739,88.518,210.0,88,21.32,22.07,14.77,64.21,174.91,0.98,446.4,0.0,IN_BANK_FLOW,10.1,0
REC_2024_LOC01_059,2024-07-29,LOC01,COMPOUND,27.604,88.646,85.0,80,18.38,73.89,1.93,4.71,11.63,0.385,28.0,0.0,IN_BANK_FLOW,3.0,0
REC_2024_LOC02_059,2024-07-29,LOC02,COMPOUND,27.399,88.524,95.0,78,18.6,74.22,3.99,17.0,29.16,0.455,45.4,0.0,IN_BANK_FLOW,3.0,0
REC_2024_LOC03_059,2024-07-29,LOC03,LANDSLIDE_ONLY,27.385,88.755,15.0,68,16.54,14.49,1.06,6.67,11.68,0.382,0.0,0.0,NO_RIVER_ZONE,0.0,0
REC_2024_LOC04_059,2024-07-29,LOC04,LANDSLIDE_ONLY,27.545,88.455,25.0,72,17.12,22.51,0.64,3.56,6.97,0.374,0.0,0.0,NO_RIVER_ZONE,0.0,0
REC_2024_LOC05_059,2024-07-29,LOC05,FLOOD_ONLY,27.2345,88.4972,180.0,86,21.03,22.1,2.88,18.15,42.71,0.455,91.1,0.0,IN_BANK_FLOW,3.0,0
REC_2024_LOC06_059,2024-07-29,LOC06,FLOOD_ONLY,27.1739,88.518,210.0,88,21.32,22.07,2.89,9.37,19.35,0.421,96.6,0.0,IN_BANK_FLOW,3.0,0
REC_2024_LOC01_060,2024-07-30,LOC01,COMPOUND,27.604,88.646,85.0,80,18.38,73.89,4.28,10.37,27.08,0.439,28.0,0.0,IN_BANK_FLOW,3.0,0
REC_2024_LOC02_060,2024-07-30,LOC02,COMPOUND,27.399,88.524,95.0,78,18.6,74.22,11.36,37.69,78.35,0.612,70.6,0.0,IN_BANK_FLOW,3.0,0
REC_2024_LOC03_060,2024-07-30,LOC03,LANDSLIDE_ONLY,27.385,88.755,15.0,68,16.54,14.49,18.97,43.96,81.95,0.632,0.0,0.0,NO_RIVER_ZONE,0.0,0
REC_2024_LOC04_060,2024-07-30,LOC04,LANDSLIDE_ONLY,27.545,88.455,25.0,72,17.12,22.51,0.03,0.16,0.28,0.351,0.0,0.0,NO_RIVER_ZONE,0.0,0
REC_2024_LOC05_060,2024-07-30,LOC05,FLOOD_ONLY,27.2345,88.4972,180.0,86,21.03,22.1,2.3,5.5,13.21,0.408,75.0,0.0,IN_BANK_FLOW,3.0,0
REC_2024_LOC06_060,2024-07-30,LOC06,FLOOD_ONLY,27.1739,88.518,210.0,88,21.32,22.07,3.53,10.21,20.08,0.412,97.8,0.0,IN_BANK_FLOW,3.0,0
REC_2024_LOC01_061,2024-07-31,LOC01,COMPOUND,27.604,88.646,85.0,80,18.38,73.89,17.74,41.02,105.32,0.711,62.8,0.0,IN_BANK_FLOW,3.7,0
REC_2024_LOC02_061,2024-07-31,LOC02,COMPOUND,27.399,88.524,95.0,78,18.6,74.22,0.18,0.91,2.51,0.359,45.0,0.0,IN_BANK_FLOW,3.0,0
REC_2024_LOC03_061,2024-07-31,LOC03,LANDSLIDE_ONLY,27.385,88.755,15.0,68,16.54,14.49,0.12,0.55,1.17,0.353,0.0,0.0,NO_RIVER_ZONE,0.0,0
REC_2024_LOC04_061,2024-07-31,LOC04,LANDSLIDE_ONLY,27.545,88.455,25.0,72,17.12,22.51,6.83,38.09,92.01,0.66,0.0,0.0,NO_RIVER_ZONE,0.0,0
REC_2024_LOC05_061,2024-07-31,LOC05,FLOOD_ONLY,27.2345,88.4972,180.0,86,21.03,22.1,9.53,60.99,98.4,0.754,324.3,0.0,IN_BANK_FLOW,9.5,0
REC_2024_LOC06_061,2024-07-31,LOC06,FLOOD_ONLY,27.1739,88.518,210.0,88,21.32,22.07,1.33,4.79,12.46,0.391,95.0,0.0,IN_BANK_FLOW,3.0,0
REC_2024_LOC01_062,2024-08-01,LOC01,COMPOUND,27.604,88.646,85.0,80,18.38,73.89,9.34,44.31,89.85,0.774,69.9,0.0,IN_BANK_FLOW,4.2,0
REC_2024_LOC02_062,2024-08-01,LOC02,COMPOUND,27.399,88.524,95.0,78,18.6,74.22,4.37,13.03,34.91,0.469,45.0,0.0,IN_BANK_FLOW,3.0,0
REC_2024_LOC03_062,2024-08-01,LOC03,LANDSLIDE_ONLY,27.385,88.755,15.0,68,16.54,14.49,4.68,11.16,21.09,0.42,0.0,0.0,NO_RIVER_ZONE,0.0,0
REC_2024_LOC04_062,2024-08-01,LOC04,LANDSLIDE_ONLY,27.545,88.455,25.0,72,17.12,22.51,11.01,40.34,94.43,0.744,0.0,0.0,NO_RIVER_ZONE,0.0,0
REC_2024_LOC05_062,2024-08-01,LOC05,FLOOD_ONLY,27.2345,88.4972,180.0,86,21.03,22.1,5.83,15.61,34.24,0.451,84.3,0.0,IN_BANK_FLOW,3.0,0
REC_2024_LOC06_062,2024-08-01,LOC06,FLOOD_ONLY,27.1739,88.518,210.0,88,21.32,22.07,14.43,50.45,108.31,0.713,333.6,0.0,IN_BANK_FLOW,7.6,0
REC_2024_LOC01_063,2024-08-02,LOC01,COMPOUND,27.604,88.646,85.0,80,18.38,73.89,5.75,16.99,40.23,0.465,29.1,0.0,IN_BANK_FLOW,3.0,0
REC_2024_LOC02_063,2024-08-02,LOC02,COMPOUND,27.399,88.524,95.0,78,18.6,74.22,2.11,12.49,32.2,0.464,45.0,0.0,IN_BANK_FLOW,3.0,0
REC_2024_LOC03_063,2024-08-02,LOC03,LANDSLIDE_ONLY,27.385,88.755,15.0,68,16.54,14.49,9.5,62.07,130.05,0.82,0.0,0.0,NO_RIVER_ZONE,0.0,0
REC_2024_LOC04_063,2024-08-02,LOC04,LANDSLIDE_ONLY,27.545,88.455,25.0,72,17.12,22.51,3.17,15.44,33.35,0.493,0.0,0.0,NO_RIVER_ZONE,0.0,0
REC_2024_LOC05_063,2024-08-02,LOC05,FLOOD_ONLY,27.2345,88.4972,180.0,86,21.03,22.1,4.04,10.03,24.67,0.422,75.6,0.0,IN_BANK_FLOW,3.0,0
REC_2024_LOC06_063,2024-08-02,LOC06,FLOOD_ONLY,27.1739,88.518,210.0,88,21.32,22.07,1.43,4.26,9.7,0.384,95.0,0.0,IN_BANK_FLOW,3.0,0
REC_2024_LOC01_064,2024-08-03,LOC01,COMPOUND,27.604,88.646,85.0,80,18.38,73.89,8.26,19.01,40.55,0.481,30.3,0.0,IN_BANK_FLOW,3.0,0
REC_2024_LOC02_064,2024-08-03,LOC02,COMPOUND,27.399,88.524,95.0,78,18.6,74.22,7.09,44.67,95.05,0.681,85.2,0.0,IN_BANK_FLOW,3.3,0
REC_2024_LOC03_064,2024-08-03,LOC03,LANDSLIDE_ONLY,27.385,88.755,15.0,68,16.54,14.49,5.28,14.84,37.52,0.47,0.0,0.0,NO_RIVER_ZONE,0.0,0
REC_2024_LOC04_064,2024-08-03,LOC04,LANDSLIDE_ONLY,27.545,88.455,25.0,72,17.12,22.51,2.41,8.44,22.12,0.439,0.0,0.0,NO_RIVER_ZONE,0.0,0
REC_2024_LOC05_064,2024-08-03,LOC05,FLOOD_ONLY,27.2345,88.4972,180.0,86,21.03,22.1,1.36,7.46,18.06,0.405,75.0,0.0,IN_BANK_FLOW,3.0,0
REC_2024_LOC06_064,2024-08-03,LOC06,FLOOD_ONLY,27.1739,88.518,210.0,88,21.32,22.07,15.41,34.27,89.83,0.683,213.7,0.0,IN_BANK_FLOW,4.9,0
REC_2024_LOC01_065,2024-08-04,LOC01,COMPOUND,27.604,88.646,85.0,80,18.38,73.89,8.7,22.36,47.82,0.491,33.1,0.0,IN_BANK_FLOW,3.0,0
REC_2024_LOC02_065,2024-08-04,LOC02,COMPOUND,27.399,88.524,95.0,78,18.6,74.22,0.1,0.39,1.0,0.353,45.0,0.0,IN_BANK_FLOW,3.0,0
REC_2024_LOC03_065,2024-08-04,LOC03,LANDSLIDE_ONLY,27.385,88.755,15.0,68,16.54,14.49,3.95,14.54,39.53,0.462,0.0,0.0,NO_RIVER_ZONE,0.0,0
REC_2024_LOC04_065,2024-08-04,LOC04,LANDSLIDE_ONLY,27.545,88.455,25.0,72,17.12,22.51,0.3,1.0,1.75,0.356,0.0,0.0,NO_RIVER_ZONE,0.0,0
REC_2024_LOC05_065,2024-08-04,LOC05,FLOOD_ONLY,27.2345,88.4972,180.0,86,21.03,22.1,27.65,79.81,155.26,0.758,457.5,0.0,IN_BANK_FLOW,13.5,0
REC_2024_LOC06_065,2024-08-04,LOC06,FLOOD_ONLY,27.1739,88.518,210.0,88,21.32,22.07,0.35,0.93,2.2,0.359,95.0,0.0,IN_BANK_FLOW,3.0,0
REC_2024_LOC01_066,2024-08-05,LOC01,COMPOUND,27.604,88.646,85.0,80,18.38,73.89,10.42,28.75,52.92,0.485,40.9,0.0,IN_BANK_FLOW,3.0,0
REC_2024_LOC02_066,2024-08-05,LOC02,COMPOUND,27.399,88.524,95.0,78,18.6,74.22,2.21,9.45,19.81,0.432,45.0,0.0,IN_BANK_FLOW,3.0,0
REC_2024_LOC03_066,2024-08-05,LOC03,LANDSLIDE_ONLY,27.385,88.755,15.0,68,16.54,14.49,4.33,9.74,19.08,0.404,0.0,0.0,NO_RIVER_ZONE,0.0,0
REC_2024_LOC04_066,2024-08-05,LOC04,LANDSLIDE_ONLY,27.545,88.455,25.0,72,17.12,22.51,4.88,13.83,31.06,0.461,0.0,0.0,NO_RIVER_ZONE,0.0,0
REC_2024_LOC05_066,2024-08-05,LOC05,FLOOD_ONLY,27.2345,88.4972,180.0,86,21.03,22.1,1.98,7.01,14.97,0.401,75.0,0.0,IN_BANK_FLOW,3.0,0
REC_2024_LOC06_066,2024-08-05,LOC06,FLOOD_ONLY,27.1739,88.518,210.0,88,21.32,22.07,8.58,29.47,72.21,0.614,182.5,0.0,IN_BANK_FLOW,4.1,0
REC_2024_LOC01_067,2024-08-06,LOC01,COMPOUND,27.604,88.646,85.0,80,18.38,73.89,6.83,15.88,41.25,0.512,28.6,0.0,IN_BANK_FLOW,3.0,0
REC_2024_LOC02_067,2024-08-06,LOC02,COMPOUND,27.399,88.524,95.0,78,18.6,74.22,1.72,6.72,17.96,0.4,45.0,0.0,IN_BANK_FLOW,3.0,0
REC_2024_LOC03_067,2024-08-06,LOC03,LANDSLIDE_ONLY,27.385,88.755,15.0,68,16.54,14.49,19.64,48.36,112.13,0.682,0.0,0.0,NO_RIVER_ZONE,0.0,0
REC_2024_LOC04_067,2024-08-06,LOC04,LANDSLIDE_ONLY,27.545,88.455,25.0,72,17.12,22.51,0.76,2.43,4.77,0.366,0.0,0.0,NO_RIVER_ZONE,0.0,0
REC_2024_LOC05_067,2024-08-06,LOC05,FLOOD_ONLY,27.2345,88.4972,180.0,86,21.03,22.1,33.16,109.71,178.73,0.98,683.1,0.2,BANKFULL_WARNING,51.1,0
REC_2024_LOC06_067,2024-08-06,LOC06,FLOOD_ONLY,27.1739,88.518,210.0,88,21.32,22.07,9.12,24.02,54.93,0.533,150.6,0.0,IN_BANK_FLOW,3.4,0
REC_2024_LOC01_068,2024-08-07,LOC01,COMPOUND,27.604,88.646,85.0,80,18.38,73.89,0.01,0.03,0.08,0.35,28.0,0.0,IN_BANK_FLOW,3.0,0
REC_2024_LOC02_068,2024-08-07,LOC02,COMPOUND,27.399,88.524,95.0,78,18.6,74.22,15.87,51.91,117.52,0.672,102.6,0.0,IN_BANK_FLOW,3.9,0
REC_2024_LOC03_068,2024-08-07,LOC03,LANDSLIDE_ONLY,27.385,88.755,15.0,68,16.54,14.49,0.75,2.45,5.62,0.368,0.0,0.0,NO_RIVER_ZONE,0.0,0
REC_2024_LOC04_068,2024-08-07,LOC04,LANDSLIDE_ONLY,27.545,88.455,25.0,72,17.12,22.51,19.68,91.44,254.49,0.98,0.0,0.0,NO_RIVER_ZONE,0.0,0
REC_2024_LOC05_068,2024-08-07,LOC05,FLOOD_ONLY,27.2345,88.4972,180.0,86,21.03,22.1,0.35,1.33,3.69,0.36,75.0,0.0,IN_BANK_FLOW,3.0,0
REC_2024_LOC06_068,2024-08-07,LOC06,FLOOD_ONLY,27.1739,88.518,210.0,88,21.32,22.07,0.78,3.11,7.85,0.369,95.0,0.0,IN_BANK_FLOW,3.0,0
REC_2024_LOC01_069,2024-08-08,LOC01,COMPOUND,27.604,88.646,85.0,80,18.38,73.89,9.85,28.51,50.56,0.503,40.6,0.0,IN_BANK_FLOW,3.0,0
REC_2024_LOC02_069,2024-08-08,LOC02,COMPOUND,27.399,88.524,95.0,78,18.6,74.22,3.4,18.33,30.09,0.478,45.9,0.0,IN_BANK_FLOW,3.0,0
REC_2024_LOC03_069,2024-08-08,LOC03,LANDSLIDE_ONLY,27.385,88.755,15.0,68,16.54,14.49,28.18,124.6,272.3,0.98,0.0,0.0,NO_RIVER_ZONE,0.0,0
REC_2024_LOC04_069,2024-08-08,LOC04,LANDSLIDE_ONLY,27.545,88.455,25.0,72,17.12,22.51,5.12,15.26,40.52,0.487,0.0,0.0,NO_RIVER_ZONE,0.0,0
REC_2024_LOC05_069,2024-08-08,LOC05,FLOOD_ONLY,27.2345,88.4972,180.0,86,21.03,22.1,1.2,2.67,4.35,0.364,75.0,0.0,IN_BANK_FLOW,3.0,0
REC_2024_LOC06_069,2024-08-08,LOC06,FLOOD_ONLY,27.1739,88.518,210.0,88,21.32,22.07,6.87,18.23,35.0,0.453,122.4,0.0,IN_BANK_FLOW,3.0,0
REC_2024_LOC01_070,2024-08-09,LOC01,COMPOUND,27.604,88.646,85.0,80,18.38,73.89,0.72,4.18,7.29,0.373,28.0,0.0,IN_BANK_FLOW,3.0,0
REC_2024_LOC02_070,2024-08-09,LOC02,COMPOUND,27.399,88.524,95.0,78,18.6,74.22,11.51,71.28,193.33,0.98,157.3,0.0,IN_BANK_FLOW,6.1,0
REC_2024_LOC03_070,2024-08-09,LOC03,LANDSLIDE_ONLY,27.385,88.755,15.0,68,16.54,14.49,3.99,15.12,36.3,0.493,0.0,0.0,NO_RIVER_ZONE,0.0,0
REC_2024_LOC04_070,2024-08-09,LOC04,LANDSLIDE_ONLY,27.545,88.455,25.0,72,17.12,22.51,6.34,22.14,58.96,0.543,0.0,0.0,NO_RIVER_ZONE,0.0,0
REC_2024_LOC05_070,2024-08-09,LOC05,FLOOD_ONLY,27.2345,88.4972,180.0,86,21.03,22.1,2.55,10.57,20.13,0.416,76.0,0.0,IN_BANK_FLOW,3.0,0
REC_2024_LOC06_070,2024-08-09,LOC06,FLOOD_ONLY,27.1739,88.518,210.0,88,21.32,22.07,4.65,15.64,35.81,0.466,112.2,0.0,IN_BANK_FLOW,3.0,0
REC_2024_LOC01_071,2024-08-10,LOC01,COMPOUND,27.604,88.646,85.0,80,18.38,73.89,7.81,29.14,76.26,0.632,41.5,0.0,IN_BANK_FLOW,3.0,0
REC_2024_LOC02_071,2024-08-10,LOC02,COMPOUND,27.399,88.524,95.0,78,18.6,74.22,19.62,57.51,157.7,0.692,117.3,0.0,IN_BANK_FLOW,4.5,0
REC_2024_LOC03_071,2024-08-10,LOC03,LANDSLIDE_ONLY,27.385,88.755,15.0,68,16.54,14.49,2.59,15.65,29.19,0.436,0.0,0.0,NO_RIVER_ZONE,0.0,0
REC_2024_LOC04_071,2024-08-10,LOC04,LANDSLIDE_ONLY,27.545,88.455,25.0,72,17.12,22.51,0.26,1.56,3.59,0.363,0.0,0.0,NO_RIVER_ZONE,0.0,0
REC_2024_LOC05_071,2024-08-10,LOC05,FLOOD_ONLY,27.2345,88.4972,180.0,86,21.03,22.1,0.37,1.77,4.23,0.362,75.0,0.0,IN_BANK_FLOW,3.0,0
REC_2024_LOC06_071,2024-08-10,LOC06,FLOOD_ONLY,27.1739,88.518,210.0,88,21.32,22.07,0.57,2.45,5.5,0.37,95.0,0.0,IN_BANK_FLOW,3.0,0
REC_2024_LOC01_072,2024-08-11,LOC01,COMPOUND,27.604,88.646,85.0,80,18.38,73.89,1.54,5.41,13.16,0.407,28.0,0.0,IN_BANK_FLOW,3.0,0
REC_2024_LOC02_072,2024-08-11,LOC02,COMPOUND,27.399,88.524,95.0,78,18.6,74.22,0.07,0.4,0.71,0.352,45.0,0.0,IN_BANK_FLOW,3.0,0
REC_2024_LOC03_072,2024-08-11,LOC03,LANDSLIDE_ONLY,27.385,88.755,15.0,68,16.54,14.49,5.65,17.18,37.22,0.485,0.0,0.0,NO_RIVER_ZONE,0.0,0
REC_2024_LOC04_072,2024-08-11,LOC04,LANDSLIDE_ONLY,27.545,88.455,25.0,72,17.12,22.51,0.44,2.58,5.46,0.368,0.0,0.0,NO_RIVER_ZONE,0.0,0
REC_2024_LOC05_072,2024-08-11,LOC05,FLOOD_ONLY,27.2345,88.4972,180.0,86,21.03,22.1,4.65,11.02,28.95,0.431,76.4,0.0,IN_BANK_FLOW,3.0,0
REC_2024_LOC06_072,2024-08-11,LOC06,FLOOD_ONLY,27.1739,88.518,210.0,88,21.32,22.07,24.76,95.08,192.23,0.98,718.0,0.0,IN_BANK_FLOW,16.3,0
REC_2024_LOC01_073,2024-08-12,LOC01,COMPOUND,27.604,88.646,85.0,80,18.38,73.89,6.99,18.56,48.85,0.512,30.0,0.0,IN_BANK_FLOW,3.0,0
REC_2024_LOC02_073,2024-08-12,LOC02,COMPOUND,27.399,88.524,95.0,78,18.6,74.22,12.69,49.45,91.47,0.622,96.5,0.0,IN_BANK_FLOW,3.7,0
REC_2024_LOC03_073,2024-08-12,LOC03,LANDSLIDE_ONLY,27.385,88.755,15.0,68,16.54,14.49,8.75,21.52,38.72,0.508,0.0,0.0,NO_RIVER_ZONE,0.0,0
REC_2024_LOC04_073,2024-08-12,LOC04,LANDSLIDE_ONLY,27.545,88.455,25.0,72,17.12,22.51,11.77,67.74,155.73,0.802,0.0,0.0,NO_RIVER_ZONE,0.0,0
REC_2024_LOC05_073,2024-08-12,LOC05,FLOOD_ONLY,27.2345,88.4972,180.0,86,21.03,22.1,3.23,9.55,15.88,0.398,75.3,0.0,IN_BANK_FLOW,3.0,0
REC_2024_LOC06_073,2024-08-12,LOC06,FLOOD_ONLY,27.1739,88.518,210.0,88,21.32,22.07,3.29,8.23,22.4,0.431,95.5,0.0,IN_BANK_FLOW,3.0,0
REC_2024_LOC01_074,2024-08-13,LOC01,COMPOUND,27.604,88.646,85.0,80,18.38,73.89,1.34,7.47,16.25,0.413,28.0,0.0,IN_BANK_FLOW,3.0,0
REC_2024_LOC02_074,2024-08-13,LOC02,COMPOUND,27.399,88.524,95.0,78,18.6,74.22,1.0,3.47,9.51,0.383,45.0,0.0,IN_BANK_FLOW,3.0,0
REC_2024_LOC03_074,2024-08-13,LOC03,LANDSLIDE_ONLY,27.385,88.755,15.0,68,16.54,14.49,8.39,20.56,32.98,0.445,0.0,0.0,NO_RIVER_ZONE,0.0,0
REC_2024_LOC04_074,2024-08-13,LOC04,LANDSLIDE_ONLY,27.545,88.455,25.0,72,17.12,22.51,6.79,16.84,46.12,0.525,0.0,0.0,NO_RIVER_ZONE,0.0,0
REC_2024_LOC05_074,2024-08-13,LOC05,FLOOD_ONLY,27.2345,88.4972,180.0,86,21.03,22.1,20.69,59.07,123.86,0.768,311.3,0.0,IN_BANK_FLOW,9.2,0
REC_2024_LOC06_074,2024-08-13,LOC06,FLOOD_ONLY,27.1739,88.518,210.0,88,21.32,22.07,6.39,29.23,80.32,0.544,181.0,0.0,IN_BANK_FLOW,4.1,0
REC_2024_LOC01_075,2024-08-14,LOC01,COMPOUND,27.604,88.646,85.0,80,18.38,73.89,9.07,21.86,60.94,0.559,32.6,0.0,IN_BANK_FLOW,3.0,0
REC_2024_LOC02_075,2024-08-14,LOC02,COMPOUND,27.399,88.524,95.0,78,18.6,74.22,5.4,14.02,30.55,0.448,45.0,0.0,IN_BANK_FLOW,3.0,0
REC_2024_LOC03_075,2024-08-14,LOC03,LANDSLIDE_ONLY,27.385,88.755,15.0,68,16.54,14.49,3.18,9.88,26.6,0.436,0.0,0.0,NO_RIVER_ZONE,0.0,0
REC_2024_LOC04_075,2024-08-14,LOC04,LANDSLIDE_ONLY,27.545,88.455,25.0,72,17.12,22.51,1.89,12.0,24.19,0.451,0.0,0.0,NO_RIVER_ZONE,0.0,0
REC_2024_LOC05_075,2024-08-14,LOC05,FLOOD_ONLY,27.2345,88.4972,180.0,86,21.03,22.1,4.19,19.41,43.31,0.467,94.9,0.0,IN_BANK_FLOW,3.0,0
REC_2024_LOC06_075,2024-08-14,LOC06,FLOOD_ONLY,27.1739,88.518,210.0,88,21.32,22.07,1.63,10.74,20.44,0.41,98.7,0.0,IN_BANK_FLOW,3.0,0
REC_2024_LOC01_076,2024-08-15,LOC01,COMPOUND,27.604,88.646,85.0,80,18.38,73.89,2.58,8.69,23.77,0.429,28.0,0.0,IN_BANK_FLOW,3.0,0
REC_2024_LOC02_076,2024-08-15,LOC02,COMPOUND,27.399,88.524,95.0,78,18.6,74.22,24.36,83.07,210.14,0.98,194.9,0.0,IN_BANK_FLOW,7.5,0
REC_2024_LOC03_076,2024-08-15,LOC03,LANDSLIDE_ONLY,27.385,88.755,15.0,68,16.54,14.49,0.81,2.92,7.98,0.377,0.0,0.0,NO_RIVER_ZONE,0.0,0
REC_2024_LOC04_076,2024-08-15,LOC04,LANDSLIDE_ONLY,27.545,88.455,25.0,72,17.12,22.51,4.01,11.08,30.65,0.431,0.0,0.0,NO_RIVER_ZONE,0.0,0
REC_2024_LOC05_076,2024-08-15,LOC05,FLOOD_ONLY,27.2345,88.4972,180.0,86,21.03,22.1,3.31,10.59,19.87,0.419,76.0,0.0,IN_BANK_FLOW,3.0,0
REC_2024_LOC06_076,2024-08-15,LOC06,FLOOD_ONLY,27.1739,88.518,210.0,88,21.32,22.07,2.87,6.69,16.11,0.396,95.0,0.0,IN_BANK_FLOW,3.0,0
REC_2024_LOC01_077,2024-08-16,LOC01,COMPOUND,27.604,88.646,85.0,80,18.38,73.89,2.21,6.82,16.69,0.396,28.0,0.0,IN_BANK_FLOW,3.0,0
REC_2024_LOC02_077,2024-08-16,LOC02,COMPOUND,27.399,88.524,95.0,78,18.6,74.22,5.32,21.86,46.54,0.506,48.2,0.0,IN_BANK_FLOW,3.0,0
REC_2024_LOC03_077,2024-08-16,LOC03,LANDSLIDE_ONLY,27.385,88.755,15.0,68,16.54,14.49,3.62,9.73,18.57,0.415,0.0,0.0,NO_RIVER_ZONE,0.0,0
REC_2024_LOC04_077,2024-08-16,LOC04,LANDSLIDE_ONLY,27.545,88.455,25.0,72,17.12,22.51,1.11,7.34,13.64,0.406,0.0,0.0,NO_RIVER_ZONE,0.0,0
REC_2024_LOC05_077,2024-08-16,LOC05,FLOOD_ONLY,27.2345,88.4972,180.0,86,21.03,22.1,0.19,0.85,2.15,0.356,75.0,0.0,IN_BANK_FLOW,3.0,0
REC_2024_LOC06_077,2024-08-16,LOC06,FLOOD_ONLY,27.1739,88.518,210.0,88,21.32,22.07,3.18,9.11,20.71,0.428,96.3,0.0,IN_BANK_FLOW,3.0,0
REC_2024_LOC01_078,2024-08-17,LOC01,COMPOUND,27.604,88.646,85.0,80,18.38,73.89,8.81,21.42,46.04,0.537,32.2,0.0,IN_BANK_FLOW,3.0,0
REC_2024_LOC02_078,2024-08-17,LOC02,COMPOUND,27.399,88.524,95.0,78,18.6,74.22,18.25,56.53,103.07,0.633,114.7,0.0,IN_BANK_FLOW,4.4,0
REC_2024_LOC03_078,2024-08-17,LOC03,LANDSLIDE_ONLY,27.385,88.755,15.0,68,16.54,14.49,0.35,1.62,3.45,0.362,0.0,0.0,NO_RIVER_ZONE,0.0,0
REC_2024_LOC04_078,2024-08-17,LOC04,LANDSLIDE_ONLY,27.545,88.455,25.0,72,17.12,22.51,0.32,1.88,3.96,0.362,0.0,0.0,NO_RIVER_ZONE,0.0,0
REC_2024_LOC05_078,2024-08-17,LOC05,FLOOD_ONLY,27.2345,88.4972,180.0,86,21.03,22.1,12.36,33.97,79.11,0.635,158.1,0.0,IN_BANK_FLOW,4.7,0
REC_2024_LOC06_078,2024-08-17,LOC06,FLOOD_ONLY,27.1739,88.518,210.0,88,21.32,22.07,1.59,6.73,16.24,0.392,95.0,0.0,IN_BANK_FLOW,3.0,0
REC_2024_LOC01_079,2024-08-18,LOC01,COMPOUND,27.604,88.646,85.0,80,18.38,73.89,10.02,25.15,56.64,0.482,36.1,0.0,IN_BANK_FLOW,3.0,0
REC_2024_LOC02_079,2024-08-18,LOC02,COMPOUND,27.399,88.524,95.0,78,18.6,74.22,1.62,5.58,13.39,0.397,45.0,0.0,IN_BANK_FLOW,3.0,0
REC_2024_LOC03_079,2024-08-18,LOC03,LANDSLIDE_ONLY,27.385,88.755,15.0,68,16.54,14.49,22.51,94.36,223.98,0.98,0.0,0.0,NO_RIVER_ZONE,0.0,0
REC_2024_LOC04_079,2024-08-18,LOC04,LANDSLIDE_ONLY,27.545,88.455,25.0,72,17.12,22.51,3.33,20.0,55.66,0.576,0.0,0.0,NO_RIVER_ZONE,0.0,0
REC_2024_LOC05_079,2024-08-18,LOC05,FLOOD_ONLY,27.2345,88.4972,180.0,86,21.03,22.1,0.29,0.71,1.47,0.355,75.0,0.0,IN_BANK_FLOW,3.0,0
REC_2024_LOC06_079,2024-08-18,LOC06,FLOOD_ONLY,27.1739,88.518,210.0,88,21.32,22.07,10.87,26.76,49.1,0.505,166.1,0.0,IN_BANK_FLOW,3.8,0
REC_2024_LOC01_080,2024-08-19,LOC01,COMPOUND,27.604,88.646,85.0,80,18.38,73.89,6.55,23.74,65.08,0.585,34.5,0.0,IN_BANK_FLOW,3.0,0
REC_2024_LOC02_080,2024-08-19,LOC02,COMPOUND,27.399,88.524,95.0,78,18.6,74.22,9.65,26.65,54.13,0.542,53.1,0.0,IN_BANK_FLOW,3.0,0
REC_2024_LOC03_080,2024-08-19,LOC03,LANDSLIDE_ONLY,27.385,88.755,15.0,68,16.54,14.49,0.21,0.76,1.96,0.356,0.0,0.0,NO_RIVER_ZONE,0.0,0
REC_2024_LOC04_080,2024-08-19,LOC04,LANDSLIDE_ONLY,27.545,88.455,25.0,72,17.12,22.51,18.82,58.82,157.77,0.98,0.0,0.0,NO_RIVER_ZONE,0.0,0
REC_2024_LOC05_080,2024-08-19,LOC05,FLOOD_ONLY,27.2345,88.4972,180.0,86,21.03,22.1,1.82,11.53,25.04,0.44,77.0,0.0,IN_BANK_FLOW,3.0,0
REC_2024_LOC06_080,2024-08-19,LOC06,FLOOD_ONLY,27.1739,88.518,210.0,88,21.32,22.07,2.67,8.11,17.56,0.402,95.4,0.0,IN_BANK_FLOW,3.0,0
REC_2024_LOC01_081,2024-08-20,LOC01,COMPOUND,27.604,88.646,85.0,80,18.38,73.89,0.06,0.13,0.33,0.351,28.0,0.0,IN_BANK_FLOW,3.0,0
REC_2024_LOC02_081,2024-08-20,LOC02,COMPOUND,27.399,88.524,95.0,78,18.6,74.22,0.32,0.81,2.17,0.357,45.0,0.0,IN_BANK_FLOW,3.0,0
REC_2024_LOC03_081,2024-08-20,LOC03,LANDSLIDE_ONLY,27.385,88.755,15.0,68,16.54,14.49,3.4,12.27,30.82,0.44,0.0,0.0,NO_RIVER_ZONE,0.0,0
REC_2024_LOC04_081,2024-08-20,LOC04,LANDSLIDE_ONLY,27.545,88.455,25.0,72,17.12,22.51,6.72,34.56,77.09,0.611,0.0,0.0,NO_RIVER_ZONE,0.0,0
REC_2024_LOC05_081,2024-08-20,LOC05,FLOOD_ONLY,27.2345,88.4972,180.0,86,21.03,22.1,0.86,2.1,4.14,0.36,75.0,0.0,IN_BANK_FLOW,3.0,0
REC_2024_LOC06_081,2024-08-20,LOC06,FLOOD_ONLY,27.1739,88.518,210.0,88,21.32,22.07,2.32,5.39,11.96,0.388,95.0,0.0,IN_BANK_FLOW,3.0,0
REC_2024_LOC01_082,2024-08-21,LOC01,COMPOUND,27.604,88.646,85.0,80,18.38,73.89,13.24,47.53,80.27,0.652,77.2,0.0,IN_BANK_FLOW,4.6,0
REC_2024_LOC02_082,2024-08-21,LOC02,COMPOUND,27.399,88.524,95.0,78,18.6,74.22,8.57,24.82,52.25,0.531,51.0,0.0,IN_BANK_FLOW,3.0,0
REC_2024_LOC03_082,2024-08-21,LOC03,LANDSLIDE_ONLY,27.385,88.755,15.0,68,16.54,14.49,5.03,30.59,50.63,0.541,0.0,0.0,NO_RIVER_ZONE,0.0,0
REC_2024_LOC04_082,2024-08-21,LOC04,LANDSLIDE_ONLY,27.545,88.455,25.0,72,17.12,22.51,5.7,27.11,49.41,0.553,0.0,0.0,NO_RIVER_ZONE,0.0,0
REC_2024_LOC05_082,2024-08-21,LOC05,FLOOD_ONLY,27.2345,88.4972,180.0,86,21.03,22.1,3.71,16.68,30.83,0.467,87.0,0.0,IN_BANK_FLOW,3.0,0
REC_2024_LOC06_082,2024-08-21,LOC06,FLOOD_ONLY,27.1739,88.518,210.0,88,21.32,22.07,0.99,2.91,5.4,0.368,95.0,0.0,IN_BANK_FLOW,3.0,0
REC_2024_LOC01_083,2024-08-22,LOC01,COMPOUND,27.604,88.646,85.0,80,18.38,73.89,8.71,25.54,56.19,0.547,36.6,0.0,IN_BANK_FLOW,3.0,0
REC_2024_LOC02_083,2024-08-22,LOC02,COMPOUND,27.399,88.524,95.0,78,18.6,74.22,3.9,19.81,36.7,0.486,46.7,0.0,IN_BANK_FLOW,3.0,0
REC_2024_LOC03_083,2024-08-22,LOC03,LANDSLIDE_ONLY,27.385,88.755,15.0,68,16.54,14.49,1.19,6.51,17.44,0.401,0.0,0.0,NO_RIVER_ZONE,0.0,0
REC_2024_LOC04_083,2024-08-22,LOC04,LANDSLIDE_ONLY,27.545,88.455,25.0,72,17.12,22.51,3.26,8.77,20.5,0.409,0.0,0.0,NO_RIVER_ZONE,0.0,0
REC_2024_LOC05_083,2024-08-22,LOC05,FLOOD_ONLY,27.2345,88.4972,180.0,86,21.03,22.1,2.69,8.96,17.38,0.405,75.1,0.0,IN_BANK_FLOW,3.0,0
REC_2024_LOC06_083,2024-08-22,LOC06,FLOOD_ONLY,27.1739,88.518,210.0,88,21.32,22.07,1.31,5.3,8.61,0.374,95.0,0.0,IN_BANK_FLOW,3.0,0
REC_2024_LOC01_084,2024-08-23,LOC01,COMPOUND,27.604,88.646,85.0,80,18.38,73.89,9.71,23.08,40.08,0.46,33.8,0.0,IN_BANK_FLOW,3.0,0
REC_2024_LOC02_084,2024-08-23,LOC02,COMPOUND,27.399,88.524,95.0,78,18.6,74.22,12.5,34.07,76.3,0.626,64.0,0.0,IN_BANK_FLOW,3.0,0
REC_2024_LOC03_084,2024-08-23,LOC03,LANDSLIDE_ONLY,27.385,88.755,15.0,68,16.54,14.49,1.22,7.35,12.87,0.398,0.0,0.0,NO_RIVER_ZONE,0.0,0
REC_2024_LOC04_084,2024-08-23,LOC04,LANDSLIDE_ONLY,27.545,88.455,25.0,72,17.12,22.51,14.18,33.28,76.61,0.654,0.0,0.0,NO_RIVER_ZONE,0.0,0
REC_2024_LOC05_084,2024-08-23,LOC05,FLOOD_ONLY,27.2345,88.4972,180.0,86,21.03,22.1,2.27,14.58,28.53,0.43,82.0,0.0,IN_BANK_FLOW,3.0,0
REC_2024_LOC06_084,2024-08-23,LOC06,FLOOD_ONLY,27.1739,88.518,210.0,88,21.32,22.07,12.62,40.19,87.2,0.59,255.4,0.0,IN_BANK_FLOW,5.8,0
REC_2024_LOC01_085,2024-08-24,LOC01,COMPOUND,27.604,88.646,85.0,80,18.38,73.89,12.64,34.99,64.13,0.566,51.1,0.0,IN_BANK_FLOW,3.0,0
REC_2024_LOC02_085,2024-08-24,LOC02,COMPOUND,27.399,88.524,95.0,78,18.6,74.22,35.48,90.09,241.84,0.887,218.4,0.0,IN_BANK_FLOW,8.4,0
REC_2024_LOC03_085,2024-08-24,LOC03,LANDSLIDE_ONLY,27.385,88.755,15.0,68,16.54,14.49,4.47,13.06,28.75,0.479,0.0,0.0,NO_RIVER_ZONE,0.0,0
REC_2024_LOC04_085,2024-08-24,LOC04,LANDSLIDE_ONLY,27.545,88.455,25.0,72,17.12,22.51,4.21,14.72,37.42,0.469,0.0,0.0,NO_RIVER_ZONE,0.0,0
REC_2024_LOC05_085,2024-08-24,LOC05,FLOOD_ONLY,27.2345,88.4972,180.0,86,21.03,22.1,35.57,116.46,199.37,0.932,735.4,0.2,BANKFULL_WARNING,52.3,0
REC_2024_LOC06_085,2024-08-24,LOC06,FLOOD_ONLY,27.1739,88.518,210.0,88,21.32,22.07,30.1,83.44,150.87,0.86,613.5,0.0,IN_BANK_FLOW,13.9,0
REC_2024_LOC01_086,2024-08-25,LOC01,COMPOUND,27.604,88.646,85.0,80,18.38,73.89,7.69,25.97,66.2,0.556,37.1,0.0,IN_BANK_FLOW,3.0,0
REC_2024_LOC02_086,2024-08-25,LOC02,COMPOUND,27.399,88.524,95.0,78,18.6,74.22,24.21,85.25,162.96,0.8,202.1,0.0,IN_BANK_FLOW,7.8,0
REC_2024_LOC03_086,2024-08-25,LOC03,LANDSLIDE_ONLY,27.385,88.755,15.0,68,16.54,14.49,5.53,23.86,39.64,0.503,0.0,0.0,NO_RIVER_ZONE,0.0,0
REC_2024_LOC04_086,2024-08-25,LOC04,LANDSLIDE_ONLY,27.545,88.455,25.0,72,17.12,22.51,3.65,15.69,28.74,0.457,0.0,0.0,NO_RIVER_ZONE,0.0,0
REC_2024_LOC05_086,2024-08-25,LOC05,FLOOD_ONLY,27.2345,88.4972,180.0,86,21.03,22.1,4.73,28.99,74.3,0.578,133.4,0.0,IN_BANK_FLOW,3.9,0
REC_2024_LOC06_086,2024-08-25,LOC06,FLOOD_ONLY,27.1739,88.518,210.0,88,21.32,22.07,3.03,12.1,24.45,0.411,101.6,0.0,IN_BANK_FLOW,3.0,0
REC_2024_LOC01_087,2024-08-26,LOC01,COMPOUND,27.604,88.646,85.0,80,18.38,73.89,1.42,5.17,10.21,0.38,28.0,0.0,IN_BANK_FLOW,3.0,0
REC_2024_LOC02_087,2024-08-26,LOC02,COMPOUND,27.399,88.524,95.0,78,18.6,74.22,35.67,111.03,196.16,0.898,292.4,0.0,IN_BANK_FLOW,11.2,0
REC_2024_LOC03_087,2024-08-26,LOC03,LANDSLIDE_ONLY,27.385,88.755,15.0,68,16.54,14.49,5.21,15.34,30.64,0.444,0.0,0.0,NO_RIVER_ZONE,0.0,0
REC_2024_LOC04_087,2024-08-26,LOC04,LANDSLIDE_ONLY,27.545,88.455,25.0,72,17.12,22.51,1.22,3.65,9.57,0.381,0.0,0.0,NO_RIVER_ZONE,0.0,0
REC_2024_LOC05_087,2024-08-26,LOC05,FLOOD_ONLY,27.2345,88.4972,180.0,86,21.03,22.1,6.71,21.12,36.23,0.517,100.7,0.0,IN_BANK_FLOW,3.0,0
REC_2024_LOC06_087,2024-08-26,LOC06,FLOOD_ONLY,27.1739,88.518,210.0,88,21.32,22.07,12.48,61.55,156.98,0.841,424.0,0.0,IN_BANK_FLOW,9.6,0
REC_2024_LOC01_088,2024-08-27,LOC01,COMPOUND,27.604,88.646,85.0,80,18.38,73.89,12.57,37.98,77.19,0.639,56.7,0.0,IN_BANK_FLOW,3.4,0
REC_2024_LOC02_088,2024-08-27,LOC02,COMPOUND,27.399,88.524,95.0,78,18.6,74.22,14.44,54.26,109.5,0.735,108.6,0.0,IN_BANK_FLOW,4.2,0
REC_2024_LOC03_088,2024-08-27,LOC03,LANDSLIDE_ONLY,27.385,88.755,15.0,68,16.54,14.49,7.64,47.64,123.6,0.756,0.0,0.0,NO_RIVER_ZONE,0.0,0
REC_2024_LOC04_088,2024-08-27,LOC04,LANDSLIDE_ONLY,27.545,88.455,25.0,72,17.12,22.51,1.03,6.57,17.98,0.403,0.0,0.0,NO_RIVER_ZONE,0.0,0
REC_2024_LOC05_088,2024-08-27,LOC05,FLOOD_ONLY,27.2345,88.4972,180.0,86,21.03,22.1,8.2,38.72,102.18,0.654,184.0,0.0,IN_BANK_FLOW,5.4,0
REC_2024_LOC06_088,2024-08-27,LOC06,FLOOD_ONLY,27.1739,88.518,210.0,88,21.32,22.07,7.2,29.62,54.53,0.583,183.4,0.0,IN_BANK_FLOW,4.2,0
REC_2024_LOC01_089,2024-08-28,LOC01,COMPOUND,27.604,88.646,85.0,80,18.38,73.89,4.39,15.95,44.56,0.477,28.6,0.0,IN_BANK_FLOW,3.0,0
REC_2024_LOC02_089,2024-08-28,LOC02,COMPOUND,27.399,88.524,95.0,78,18.6,74.22,11.96,47.67,91.83,0.682,92.2,0.0,IN_BANK_FLOW,3.5,0
REC_2024_LOC03_089,2024-08-28,LOC03,LANDSLIDE_ONLY,27.385,88.755,15.0,68,16.54,14.49,9.94,31.58,60.71,0.573,0.0,0.0,NO_RIVER_ZONE,0.0,0
REC_2024_LOC04_089,2024-08-28,LOC04,LANDSLIDE_ONLY,27.545,88.455,25.0,72,17.12,22.51,7.55,31.32,60.52,0.568,0.0,0.0,NO_RIVER_ZONE,0.0,0
REC_2024_LOC05_089,2024-08-28,LOC05,FLOOD_ONLY,27.2345,88.4972,180.0,86,21.03,22.1,9.05,31.83,77.93,0.62,147.2,0.0,IN_BANK_FLOW,4.3,0
REC_2024_LOC06_089,2024-08-28,LOC06,FLOOD_ONLY,27.1739,88.518,210.0,88,21.32,22.07,3.22,20.53,56.8,0.497,132.8,0.0,IN_BANK_FLOW,3.0,0
REC_2024_LOC01_090,2024-08-29,LOC01,COMPOUND,27.604,88.646,85.0,80,18.38,73.89,3.16,11.19,25.09,0.443,28.0,0.0,IN_BANK_FLOW,3.0,0
REC_2024_LOC02_090,2024-08-29,LOC02,COMPOUND,27.399,88.524,95.0,78,18.6,74.22,0.0,0.0,0.0,0.35,45.0,0.0,IN_BANK_FLOW,3.0,0
REC_2024_LOC03_090,2024-08-29,LOC03,LANDSLIDE_ONLY,27.385,88.755,15.0,68,16.54,14.49,8.48,19.41,36.45,0.499,0.0,0.0,NO_RIVER_ZONE,0.0,0
REC_2024_LOC04_090,2024-08-29,LOC04,LANDSLIDE_ONLY,27.545,88.455,25.0,72,17.12,22.51,1.79,4.69,9.46,0.384,0.0,0.0,NO_RIVER_ZONE,0.0,0
REC_2024_LOC05_090,2024-08-29,LOC05,FLOOD_ONLY,27.2345,88.4972,180.0,86,21.03,22.1,4.14,24.28,52.17,0.516,112.7,0.0,IN_BANK_FLOW,3.3,0
REC_2024_LOC06_090,2024-08-29,LOC06,FLOOD_ONLY,27.1739,88.518,210.0,88,21.32,22.07,22.85,96.99,217.04,0.955,735.3,0.0,IN_BANK_FLOW,16.7,0
REC_2024_LOC01_091,2024-08-30,LOC01,COMPOUND,27.604,88.646,85.0,80,18.38,73.89,0.17,0.89,1.77,0.356,28.0,0.0,IN_BANK_FLOW,3.0,0
REC_2024_LOC02_091,2024-08-30,LOC02,COMPOUND,27.399,88.524,95.0,78,18.6,74.22,10.13,33.77,62.65,0.542,63.5,0.0,IN_BANK_FLOW,3.0,0
REC_2024_LOC03_091,2024-08-30,LOC03,LANDSLIDE_ONLY,27.385,88.755,15.0,68,16.54,14.49,44.27,106.09,245.25,0.98,0.0,0.0,NO_RIVER_ZONE,0.0,0
REC_2024_LOC04_091,2024-08-30,LOC04,LANDSLIDE_ONLY,27.545,88.455,25.0,72,17.12,22.51,11.86,53.83,92.43,0.632,0.0,0.0,NO_RIVER_ZONE,0.0,0
REC_2024_LOC05_091,2024-08-30,LOC05,FLOOD_ONLY,27.2345,88.4972,180.0,86,21.03,22.1,7.95,17.76,33.13,0.443,89.9,0.0,IN_BANK_FLOW,3.0,0
REC_2024_LOC06_091,2024-08-30,LOC06,FLOOD_ONLY,27.1739,88.518,210.0,88,21.32,22.07,2.13,6.32,14.2,0.39,95.0,0.0,IN_BANK_FLOW,3.0,0
REC_2024_LOC01_092,2024-08-31,LOC01,COMPOUND,27.604,88.646,85.0,80,18.38,73.89,12.54,29.79,49.61,0.54,42.4,0.0,IN_BANK_FLOW,3.0,0
REC_2024_LOC02_092,2024-08-31,LOC02,COMPOUND,27.399,88.524,95.0,78,18.6,74.22,2.29,9.32,17.83,0.408,45.0,0.0,IN_BANK_FLOW,3.0,0
REC_2024_LOC03_092,2024-08-31,LOC03,LANDSLIDE_ONLY,27.385,88.755,15.0,68,16.54,14.49,16.77,40.39,84.79,0.568,0.0,0.0,NO_RIVER_ZONE,0.0,0
REC_2024_LOC04_092,2024-08-31,LOC04,LANDSLIDE_ONLY,27.545,88.455,25.0,72,17.12,22.51,18.36,66.56,171.72,0.809,0.0,0.0,NO_RIVER_ZONE,0.0,0
REC_2024_LOC05_092,2024-08-31,LOC05,FLOOD_ONLY,27.2345,88.4972,180.0,86,21.03,22.1,13.44,34.56,73.38,0.554,161.2,0.0,IN_BANK_FLOW,4.7,0
REC_2024_LOC06_092,2024-08-31,LOC06,FLOOD_ONLY,27.1739,88.518,210.0,88,21.32,22.07,17.04,100.24,261.85,0.98,764.9,0.0,IN_BANK_FLOW,17.4,0
REC_2024_LOC01_093,2024-09-01,LOC01,COMPOUND,27.604,88.646,85.0,80,18.38,73.89,18.35,51.02,127.85,0.707,85.5,0.0,IN_BANK_FLOW,5.1,0
REC_2024_LOC02_093,2024-09-01,LOC02,COMPOUND,27.399,88.524,95.0,78,18.6,74.22,2.11,7.71,19.57,0.405,45.0,0.0,IN_BANK_FLOW,3.0,0
REC_2024_LOC03_093,2024-09-01,LOC03,LANDSLIDE_ONLY,27.385,88.755,15.0,68,16.54,14.49,0.83,2.63,6.35,0.369,0.0,0.0,NO_RIVER_ZONE,0.0,0
REC_2024_LOC04_093,2024-09-01,LOC04,LANDSLIDE_ONLY,27.545,88.455,25.0,72,17.12,22.51,0.97,2.88,6.65,0.365,0.0,0.0,NO_RIVER_ZONE,0.0,0
REC_2024_LOC05_093,2024-09-01,LOC05,FLOOD_ONLY,27.2345,88.4972,180.0,86,21.03,22.1,3.26,7.81,18.23,0.418,75.0,0.0,IN_BANK_FLOW,3.0,0
REC_2024_LOC06_093,2024-09-01,LOC06,FLOOD_ONLY,27.1739,88.518,210.0,88,21.32,22.07,0.64,3.63,7.24,0.372,95.0,0.0,IN_BANK_FLOW,3.0,0
REC_2024_LOC01_094,2024-09-02,LOC01,COMPOUND,27.604,88.646,85.0,80,18.38,73.89,2.78,8.19,18.37,0.404,28.0,0.0,IN_BANK_FLOW,3.0,0
REC_2024_LOC02_094,2024-09-02,LOC02,COMPOUND,27.399,88.524,95.0,78,18.6,74.22,3.06,9.5,17.27,0.399,45.0,0.0,IN_BANK_FLOW,3.0,0
REC_2024_LOC03_094,2024-09-02,LOC03,LANDSLIDE_ONLY,27.385,88.755,15.0,68,16.54,14.49,16.62,64.87,139.64,0.867,0.0,0.0,NO_RIVER_ZONE,0.0,0
REC_2024_LOC04_094,2024-09-02,LOC04,LANDSLIDE_ONLY,27.545,88.455,25.0,72,17.12,22.51,12.36,36.66,101.65,0.616,0.0,0.0,NO_RIVER_ZONE,0.0,0
REC_2024_LOC05_094,2024-09-02,LOC05,FLOOD_ONLY,27.2345,88.4972,180.0,86,21.03,22.1,3.6,22.6,55.0,0.543,106.1,0.0,IN_BANK_FLOW,3.1,0
REC_2024_LOC06_094,2024-09-02,LOC06,FLOOD_ONLY,27.1739,88.518,210.0,88,21.32,22.07,0.37,0.94,2.42,0.356,95.0,0.0,IN_BANK_FLOW,3.0,0
REC_2024_LOC01_095,2024-09-03,LOC01,COMPOUND,27.604,88.646,85.0,80,18.38,73.89,3.89,11.02,24.37,0.438,28.0,0.0,IN_BANK_FLOW,3.0,0
REC_2024_LOC02_095,2024-09-03,LOC02,COMPOUND,27.399,88.524,95.0,78,18.6,74.22,9.64,32.19,65.19,0.537,60.9,0.0,IN_BANK_FLOW,3.0,0
REC_2024_LOC03_095,2024-09-03,LOC03,LANDSLIDE_ONLY,27.385,88.755,15.0,68,16.54,14.49,12.6,29.44,61.66,0.531,0.0,0.0,NO_RIVER_ZONE,0.0,0
REC_2024_LOC04_095,2024-09-03,LOC04,LANDSLIDE_ONLY,27.545,88.455,25.0,72,17.12,22.51,1.96,5.68,11.53,0.388,0.0,0.0,NO_RIVER_ZONE,0.0,0
REC_2024_LOC05_095,2024-09-03,LOC05,FLOOD_ONLY,27.2345,88.4972,180.0,86,21.03,22.1,1.85,6.97,17.98,0.393,75.0,0.0,IN_BANK_FLOW,3.0,0
REC_2024_LOC06_095,2024-09-03,LOC06,FLOOD_ONLY,27.1739,88.518,210.0,88,21.32,22.07,3.51,21.02,44.43,0.499,135.1,0.0,IN_BANK_FLOW,3.1,0
REC_2024_LOC01_096,2024-09-04,LOC01,COMPOUND,27.604,88.646,85.0,80,18.38,73.89,0.89,4.91,9.76,0.39,28.0,0.0,IN_BANK_FLOW,3.0,0
REC_2024_LOC02_096,2024-09-04,LOC02,COMPOUND,27.399,88.524,95.0,78,18.6,74.22,0.62,3.07,5.62,0.367,45.0,0.0,IN_BANK_FLOW,3.0,0
REC_2024_LOC03_096,2024-09-04,LOC03,LANDSLIDE_ONLY,27.385,88.755,15.0,68,16.54,14.49,3.4,13.2,32.05,0.444,0.0,0.0,NO_RIVER_ZONE,0.0,0
REC_2024_LOC04_096,2024-09-04,LOC04,LANDSLIDE_ONLY,27.545,88.455,25.0,72,17.12,22.51,1.62,5.78,11.68,0.38,0.0,0.0,NO_RIVER_ZONE,0.0,0
REC_2024_LOC05_096,2024-09-04,LOC05,FLOOD_ONLY,27.2345,88.4972,180.0,86,21.03,22.1,3.37,8.77,21.49,0.413,75.1,0.0,IN_BANK_FLOW,3.0,0
REC_2024_LOC06_096,2024-09-04,LOC06,FLOOD_ONLY,27.1739,88.518,210.0,88,21.32,22.07,3.78,22.61,56.02,0.52,143.1,0.0,IN_BANK_FLOW,3.3,0
REC_2024_LOC01_097,2024-09-05,LOC01,COMPOUND,27.604,88.646,85.0,80,18.38,73.89,6.72,17.3,46.27,0.483,29.2,0.0,IN_BANK_FLOW,3.0,0
REC_2024_LOC02_097,2024-09-05,LOC02,COMPOUND,27.399,88.524,95.0,78,18.6,74.22,6.74,15.8,30.0,0.444,45.1,0.0,IN_BANK_FLOW,3.0,0
REC_2024_LOC03_097,2024-09-05,LOC03,LANDSLIDE_ONLY,27.385,88.755,15.0,68,16.54,14.49,4.82,16.88,39.37,0.472,0.0,0.0,NO_RIVER_ZONE,0.0,0
REC_2024_LOC04_097,2024-09-05,LOC04,LANDSLIDE_ONLY,27.545,88.455,25.0,72,17.12,22.51,2.46,9.96,16.1,0.408,0.0,0.0,NO_RIVER_ZONE,0.0,0
REC_2024_LOC05_097,2024-09-05,LOC05,FLOOD_ONLY,27.2345,88.4972,180.0,86,21.03,22.1,4.18,11.6,29.3,0.446,77.1,0.0,IN_BANK_FLOW,3.0,0
REC_2024_LOC06_097,2024-09-05,LOC06,FLOOD_ONLY,27.1739,88.518,210.0,88,21.32,22.07,13.35,37.81,89.9,0.629,238.3,0.0,IN_BANK_FLOW,5.4,0
REC_2024_LOC01_098,2024-09-06,LOC01,COMPOUND,27.604,88.646,85.0,80,18.38,73.89,0.25,0.65,1.13,0.354,28.0,0.0,IN_BANK_FLOW,3.0,0
REC_2024_LOC02_098,2024-09-06,LOC02,COMPOUND,27.399,88.524,95.0,78,18.6,74.22,8.28,18.8,44.86,0.473,46.2,0.0,IN_BANK_FLOW,3.0,0
REC_2024_LOC03_098,2024-09-06,LOC03,LANDSLIDE_ONLY,27.385,88.755,15.0,68,16.54,14.49,10.08,24.57,49.36,0.528,0.0,0.0,NO_RIVER_ZONE,0.0,0
REC_2024_LOC04_098,2024-09-06,LOC04,LANDSLIDE_ONLY,27.545,88.455,25.0,72,17.12,22.51,2.55,13.0,33.45,0.425,0.0,0.0,NO_RIVER_ZONE,0.0,0
REC_2024_LOC05_098,2024-09-06,LOC05,FLOOD_ONLY,27.2345,88.4972,180.0,86,21.03,22.1,2.93,10.85,26.76,0.461,76.3,0.0,IN_BANK_FLOW,3.0,0
REC_2024_LOC06_098,2024-09-06,LOC06,FLOOD_ONLY,27.1739,88.518,210.0,88,21.32,22.07,2.99,10.8,20.92,0.424,98.8,0.0,IN_BANK_FLOW,3.0,0
REC_2024_LOC01_099,2024-09-07,LOC01,COMPOUND,27.604,88.646,85.0,80,18.38,73.89,5.97,25.0,60.45,0.564,36.0,0.0,IN_BANK_FLOW,3.0,0
REC_2024_LOC02_099,2024-09-07,LOC02,COMPOUND,27.399,88.524,95.0,78,18.6,74.22,0.5,1.43,3.09,0.362,45.0,0.0,IN_BANK_FLOW,3.0,0
REC_2024_LOC03_099,2024-09-07,LOC03,LANDSLIDE_ONLY,27.385,88.755,15.0,68,16.54,14.49,0.7,2.12,5.9,0.37,0.0,0.0,NO_RIVER_ZONE,0.0,0
REC_2024_LOC04_099,2024-09-07,LOC04,LANDSLIDE_ONLY,27.545,88.455,25.0,72,17.12,22.51,6.3,31.3,67.08,0.539,0.0,0.0,NO_RIVER_ZONE,0.0,0
REC_2024_LOC05_099,2024-09-07,LOC05,FLOOD_ONLY,27.2345,88.4972,180.0,86,21.03,22.1,2.3,6.96,12.97,0.391,75.0,0.0,IN_BANK_FLOW,3.0,0
REC_2024_LOC06_099,2024-09-07,LOC06,FLOOD_ONLY,27.1739,88.518,210.0,88,21.32,22.07,4.88,12.36,32.4,0.447,102.3,0.0,IN_BANK_FLOW,3.0,0
REC_2024_LOC01_100,2024-09-08,LOC01,COMPOUND,27.604,88.646,85.0,80,18.38,73.89,8.33,39.19,74.88,0.55,59.1,0.0,IN_BANK_FLOW,3.5,0
REC_2024_LOC02_100,2024-09-08,LOC02,COMPOUND,27.399,88.524,95.0,78,18.6,74.22,3.73,13.95,32.89,0.455,45.0,0.0,IN_BANK_FLOW,3.0,0
REC_2024_LOC03_100,2024-09-08,LOC03,LANDSLIDE_ONLY,27.385,88.755,15.0,68,16.54,14.49,2.85,9.47,23.76,0.418,0.0,0.0,NO_RIVER_ZONE,0.0,0
REC_2024_LOC04_100,2024-09-08,LOC04,LANDSLIDE_ONLY,27.545,88.455,25.0,72,17.12,22.51,1.09,4.45,11.53,0.379,0.0,0.0,NO_RIVER_ZONE,0.0,0
REC_2024_LOC05_100,2024-09-08,LOC05,FLOOD_ONLY,27.2345,88.4972,180.0,86,21.03,22.1,0.92,3.33,8.34,0.386,75.0,0.0,IN_BANK_FLOW,3.0,0
REC_2024_LOC06_100,2024-09-08,LOC06,FLOOD_ONLY,27.1739,88.518,210.0,88,21.32,22.07,3.25,13.07,24.14,0.425,104.1,0.0,IN_BANK_FLOW,3.0,0
REC_2024_LOC01_101,2024-09-09,LOC01,COMPOUND,27.604,88.646,85.0,80,18.38,73.89,4.0,18.7,37.53,0.484,30.1,0.0,IN_BANK_FLOW,3.0,0
REC_2024_LOC02_101,2024-09-09,LOC02,COMPOUND,27.399,88.524,95.0,78,18.6,74.22,2.95,9.84,20.87,0.432,45.0,0.0,IN_BANK_FLOW,3.0,0
REC_2024_LOC03_101,2024-09-09,LOC03,LANDSLIDE_ONLY,27.385,88.755,15.0,68,16.54,14.49,5.24,15.29,35.08,0.465,0.0,0.0,NO_RIVER_ZONE,0.0,0
REC_2024_LOC04_101,2024-09-09,LOC04,LANDSLIDE_ONLY,27.545,88.455,25.0,72,17.12,22.51,0.33,1.87,4.77,0.367,0.0,0.0,NO_RIVER_ZONE,0.0,0
REC_2024_LOC05_101,2024-09-09,LOC05,FLOOD_ONLY,27.2345,88.4972,180.0,86,21.03,22.1,1.63,4.86,12.53,0.387,75.0,0.0,IN_BANK_FLOW,3.0,0
REC_2024_LOC06_101,2024-09-09,LOC06,FLOOD_ONLY,27.1739,88.518,210.0,88,21.32,22.07,1.58,8.82,16.95,0.406,96.0,0.0,IN_BANK_FLOW,3.0,0
REC_2024_LOC01_102,2024-09-10,LOC01,COMPOUND,27.604,88.646,85.0,80,18.38,73.89,5.54,15.37,41.34,0.453,28.4,0.0,IN_BANK_FLOW,3.0,0
REC_2024_LOC02_102,2024-09-10,LOC02,COMPOUND,27.399,88.524,95.0,78,18.6,74.22,13.74,49.05,89.95,0.643,95.5,0.0,IN_BANK_FLOW,3.7,0
REC_2024_LOC03_102,2024-09-10,LOC03,LANDSLIDE_ONLY,27.385,88.755,15.0,68,16.54,14.49,0.39,1.54,2.74,0.36,0.0,0.0,NO_RIVER_ZONE,0.0,0
REC_2024_LOC04_102,2024-09-10,LOC04,LANDSLIDE_ONLY,27.545,88.455,25.0,72,17.12,22.51,0.84,4.23,11.84,0.383,0.0,0.0,NO_RIVER_ZONE,0.0,0
REC_2024_LOC05_102,2024-09-10,LOC05,FLOOD_ONLY,27.2345,88.4972,180.0,86,21.03,22.1,3.24,7.73,19.32,0.409,75.0,0.0,IN_BANK_FLOW,3.0,0
REC_2024_LOC06_102,2024-09-10,LOC06,FLOOD_ONLY,27.1739,88.518,210.0,88,21.32,22.07,21.26,59.54,102.58,0.692,407.3,0.0,IN_BANK_FLOW,9.3,0
REC_2024_LOC01_103,2024-09-11,LOC01,COMPOUND,27.604,88.646,85.0,80,18.38,73.89,3.7,10.27,22.89,0.409,28.0,0.0,IN_BANK_FLOW,3.0,0
REC_2024_LOC02_103,2024-09-11,LOC02,COMPOUND,27.399,88.524,95.0,78,18.6,74.22,5.14,19.45,34.1,0.505,46.5,0.0,IN_BANK_FLOW,3.0,0
REC_2024_LOC03_103,2024-09-11,LOC03,LANDSLIDE_ONLY,27.385,88.755,15.0,68,16.54,14.49,2.67,8.89,23.15,0.413,0.0,0.0,NO_RIVER_ZONE,0.0,0
REC_2024_LOC04_103,2024-09-11,LOC04,LANDSLIDE_ONLY,27.545,88.455,25.0,72,17.12,22.51,2.75,17.37,40.17,0.48,0.0,0.0,NO_RIVER_ZONE,0.0,0
REC_2024_LOC05_103,2024-09-11,LOC05,FLOOD_ONLY,27.2345,88.4972,180.0,86,21.03,22.1,7.69,17.43,46.95,0.458,89.0,0.0,IN_BANK_FLOW,3.0,0
REC_2024_LOC06_103,2024-09-11,LOC06,FLOOD_ONLY,27.1739,88.518,210.0,88,21.32,22.07,0.72,2.2,5.93,0.368,95.0,0.0,IN_BANK_FLOW,3.0,0
REC_2024_LOC01_104,2024-09-12,LOC01,COMPOUND,27.604,88.646,85.0,80,18.38,73.89,9.09,23.5,51.67,0.489,34.3,0.0,IN_BANK_FLOW,3.0,0
REC_2024_LOC02_104,2024-09-12,LOC02,COMPOUND,27.399,88.524,95.0,78,18.6,74.22,9.41,22.22,45.9,0.502,48.5,0.0,IN_BANK_FLOW,3.0,0
REC_2024_LOC03_104,2024-09-12,LOC03,LANDSLIDE_ONLY,27.385,88.755,15.0,68,16.54,14.49,7.38,26.37,42.93,0.49,0.0,0.0,NO_RIVER_ZONE,0.0,0
REC_2024_LOC04_104,2024-09-12,LOC04,LANDSLIDE_ONLY,27.545,88.455,25.0,72,17.12,22.51,3.48,22.26,53.96,0.5,0.0,0.0,NO_RIVER_ZONE,0.0,0
REC_2024_LOC05_104,2024-09-12,LOC05,FLOOD_ONLY,27.2345,88.4972,180.0,86,21.03,22.1,4.02,10.23,25.98,0.43,75.7,0.0,IN_BANK_FLOW,3.0,0
REC_2024_LOC06_104,2024-09-12,LOC06,FLOOD_ONLY,27.1739,88.518,210.0,88,21.32,22.07,13.6,66.74,179.99,0.943,467.9,0.0,IN_BANK_FLOW,10.6,0
REC_2024_LOC01_105,2024-09-13,LOC01,COMPOUND,27.604,88.646,85.0,80,18.38,73.89,0.95,5.28,13.93,0.394,28.0,0.0,IN_BANK_FLOW,3.0,0
REC_2024_LOC02_105,2024-09-13,LOC02,COMPOUND,27.399,88.524,95.0,78,18.6,74.22,3.35,21.93,40.89,0.485,48.2,0.0,IN_BANK_FLOW,3.0,0
REC_2024_LOC03_105,2024-09-13,LOC03,LANDSLIDE_ONLY,27.385,88.755,15.0,68,16.54,14.49,13.37,46.44,128.05,0.852,0.0,0.0,NO_RIVER_ZONE,0.0,0
REC_2024_LOC04_105,2024-09-13,LOC04,LANDSLIDE_ONLY,27.545,88.455,25.0,72,17.12,22.51,0.62,2.59,6.08,0.367,0.0,0.0,NO_RIVER_ZONE,0.0,0
REC_2024_LOC05_105,2024-09-13,LOC05,FLOOD_ONLY,27.2345,88.4972,180.0,86,21.03,22.1,0.41,1.38,3.39,0.36,75.0,0.0,IN_BANK_FLOW,3.0,0
REC_2024_LOC06_105,2024-09-13,LOC06,FLOOD_ONLY,27.1739,88.518,210.0,88,21.32,22.07,5.37,30.1,62.75,0.567,186.4,0.0,IN_BANK_FLOW,4.2,0
REC_2024_LOC01_106,2024-09-14,LOC01,COMPOUND,27.604,88.646,85.0,80,18.38,73.89,5.84,16.72,45.65,0.529,29.0,0.0,IN_BANK_FLOW,3.0,0
REC_2024_LOC02_106,2024-09-14,LOC02,COMPOUND,27.399,88.524,95.0,78,18.6,74.22,6.8,15.53,41.34,0.451,45.1,0.0,IN_BANK_FLOW,3.0,0
REC_2024_LOC03_106,2024-09-14,LOC03,LANDSLIDE_ONLY,27.385,88.755,15.0,68,16.54,14.49,2.0,5.41,13.02,0.386,0.0,0.0,NO_RIVER_ZONE,0.0,0
REC_2024_LOC04_106,2024-09-14,LOC04,LANDSLIDE_ONLY,27.545,88.455,25.0,72,17.12,22.51,1.12,3.11,7.74,0.375,0.0,0.0,NO_RIVER_ZONE,0.0,0
REC_2024_LOC05_106,2024-09-14,LOC05,FLOOD_ONLY,27.2345,88.4972,180.0,86,21.03,22.1,2.67,9.12,24.34,0.431,75.1,0.0,IN_BANK_FLOW,3.0,0
REC_2024_LOC06_106,2024-09-14,LOC06,FLOOD_ONLY,27.1739,88.518,210.0,88,21.32,22.07,6.77,25.6,43.9,0.493,159.4,0.0,IN_BANK_FLOW,3.6,0
REC_2024_LOC01_107,2024-09-15,LOC01,COMPOUND,27.604,88.646,85.0,80,18.38,73.89,21.84,82.12,177.25,0.98,172.5,0.0,IN_BANK_FLOW,10.3,0
REC_2024_LOC02_107,2024-09-15,LOC02,COMPOUND,27.399,88.524,95.0,78,18.6,74.22,0.79,2.27,4.25,0.362,45.0,0.0,IN_BANK_FLOW,3.0,0
REC_2024_LOC03_107,2024-09-15,LOC03,LANDSLIDE_ONLY,27.385,88.755,15.0,68,16.54,14.49,3.47,9.9,23.16,0.437,0.0,0.0,NO_RIVER_ZONE,0.0,0
REC_2024_LOC04_107,2024-09-15,LOC04,LANDSLIDE_ONLY,27.545,88.455,25.0,72,17.12,22.51,4.55,23.66,51.8,0.527,0.0,0.0,NO_RIVER_ZONE,0.0,0
REC_2024_LOC05_107,2024-09-15,LOC05,FLOOD_ONLY,27.2345,88.4972,180.0,86,21.03,22.1,8.57,28.05,60.13,0.573,129.0,0.0,IN_BANK_FLOW,3.8,0
REC_2024_LOC06_107,2024-09-15,LOC06,FLOOD_ONLY,27.1739,88.518,210.0,88,21.32,22.07,5.16,13.15,30.71,0.477,104.3,0.0,IN_BANK_FLOW,3.0,0
REC_2024_LOC01_108,2024-09-16,LOC01,COMPOUND,27.604,88.646,85.0,80,18.38,73.89,2.79,18.1,39.11,0.49,29.7,0.0,IN_BANK_FLOW,3.0,0
REC_2024_LOC02_108,2024-09-16,LOC02,COMPOUND,27.399,88.524,95.0,78,18.6,74.22,16.36,68.77,117.63,0.76,149.7,0.0,IN_BANK_FLOW,5.8,0
REC_2024_LOC03_108,2024-09-16,LOC03,LANDSLIDE_ONLY,27.385,88.755,15.0,68,16.54,14.49,4.93,18.73,44.16,0.525,0.0,0.0,NO_RIVER_ZONE,0.0,0
REC_2024_LOC04_108,2024-09-16,LOC04,LANDSLIDE_ONLY,27.545,88.455,25.0,72,17.12,22.51,4.12,10.03,26.62,0.415,0.0,0.0,NO_RIVER_ZONE,0.0,0
REC_2024_LOC05_108,2024-09-16,LOC05,FLOOD_ONLY,27.2345,88.4972,180.0,86,21.03,22.1,4.84,13.96,27.89,0.468,80.8,0.0,IN_BANK_FLOW,3.0,0
REC_2024_LOC06_108,2024-09-16,LOC06,FLOOD_ONLY,27.1739,88.518,210.0,88,21.32,22.07,5.4,13.12,26.51,0.44,104.2,0.0,IN_BANK_FLOW,3.0,0
REC_2024_LOC01_109,2024-09-17,LOC01,COMPOUND,27.604,88.646,85.0,80,18.38,73.89,2.22,6.36,11.38,0.39,28.0,0.0,IN_BANK_FLOW,3.0,0
REC_2024_LOC02_109,2024-09-17,LOC02,COMPOUND,27.399,88.524,95.0,78,18.6,74.22,2.81,14.47,27.53,0.428,45.0,0.0,IN_BANK_FLOW,3.0,0
REC_2024_LOC03_109,2024-09-17,LOC03,LANDSLIDE_ONLY,27.385,88.755,15.0,68,16.54,14.49,24.32,87.3,231.25,0.98,0.0,0.0,NO_RIVER_ZONE,0.0,0
REC_2024_LOC04_109,2024-09-17,LOC04,LANDSLIDE_ONLY,27.545,88.455,25.0,72,17.12,22.51,5.28,16.29,30.05,0.441,0.0,0.0,NO_RIVER_ZONE,0.0,0
REC_2024_LOC05_109,2024-09-17,LOC05,FLOOD_ONLY,27.2345,88.4972,180.0,86,21.03,22.1,1.78,4.86,9.41,0.388,75.0,0.0,IN_BANK_FLOW,3.0,0
REC_2024_LOC06_109,2024-09-17,LOC06,FLOOD_ONLY,27.1739,88.518,210.0,88,21.32,22.07,6.79,25.37,45.52,0.521,158.1,0.0,IN_BANK_FLOW,3.6,0
REC_2024_LOC01_110,2024-09-18,LOC01,COMPOUND,27.604,88.646,85.0,80,18.38,73.89,6.94,42.55,105.6,0.675,66.0,0.0,IN_BANK_FLOW,3.9,0
REC_2024_LOC02_110,2024-09-18,LOC02,COMPOUND,27.399,88.524,95.0,78,18.6,74.22,0.38,1.29,2.53,0.359,45.0,0.0,IN_BANK_FLOW,3.0,0
REC_2024_LOC03_110,2024-09-18,LOC03,LANDSLIDE_ONLY,27.385,88.755,15.0,68,16.54,14.49,8.79,25.63,51.04,0.552,0.0,0.0,NO_RIVER_ZONE,0.0,0
REC_2024_LOC04_110,2024-09-18,LOC04,LANDSLIDE_ONLY,27.545,88.455,25.0,72,17.12,22.51,0.0,0.0,0.0,0.35,0.0,0.0,NO_RIVER_ZONE,0.0,0
REC_2024_LOC05_110,2024-09-18,LOC05,FLOOD_ONLY,27.2345,88.4972,180.0,86,21.03,22.1,1.74,8.3,19.13,0.405,75.0,0.0,IN_BANK_FLOW,3.0,0
REC_2024_LOC06_110,2024-09-18,LOC06,FLOOD_ONLY,27.1739,88.518,210.0,88,21.32,22.07,5.99,17.64,30.98,0.453,119.9,0.0,IN_BANK_FLOW,3.0,0
REC_2024_LOC01_111,2024-09-19,LOC01,COMPOUND,27.604,88.646,85.0,80,18.38,73.89,1.51,4.59,10.29,0.38,28.0,0.0,IN_BANK_FLOW,3.0,0
REC_2024_LOC02_111,2024-09-19,LOC02,COMPOUND,27.399,88.524,95.0,78,18.6,74.22,2.68,16.7,28.28,0.445,45.3,0.0,IN_BANK_FLOW,3.0,0
REC_2024_LOC03_111,2024-09-19,LOC03,LANDSLIDE_ONLY,27.385,88.755,15.0,68,16.54,14.49,4.64,23.11,43.81,0.486,0.0,0.0,NO_RIVER_ZONE,0.0,0
REC_2024_LOC04_111,2024-09-19,LOC04,LANDSLIDE_ONLY,27.545,88.455,25.0,72,17.12,22.51,3.43,8.39,22.33,0.442,0.0,0.0,NO_RIVER_ZONE,0.0,0
REC_2024_LOC05_111,2024-09-19,LOC05,FLOOD_ONLY,27.2345,88.4972,180.0,86,21.03,22.1,5.28,13.68,30.93,0.449,80.3,0.0,IN_BANK_FLOW,3.0,0
REC_2024_LOC06_111,2024-09-19,LOC06,FLOOD_ONLY,27.1739,88.518,210.0,88,21.32,22.07,1.27,5.32,11.76,0.382,95.0,0.0,IN_BANK_FLOW,3.0,0
REC_2024_LOC01_112,2024-09-20,LOC01,COMPOUND,27.604,88.646,85.0,80,18.38,73.89,5.09,32.42,73.89,0.518,46.6,0.0,IN_BANK_FLOW,3.0,0
REC_2024_LOC02_112,2024-09-20,LOC02,COMPOUND,27.399,88.524,95.0,78,18.6,74.22,8.26,28.26,74.37,0.535,55.1,0.0,IN_BANK_FLOW,3.0,0
REC_2024_LOC03_112,2024-09-20,LOC03,LANDSLIDE_ONLY,27.385,88.755,15.0,68,16.54,14.49,0.86,4.36,10.24,0.373,0.0,0.0,NO_RIVER_ZONE,0.0,0
REC_2024_LOC04_112,2024-09-20,LOC04,LANDSLIDE_ONLY,27.545,88.455,25.0,72,17.12,22.51,0.87,3.96,10.19,0.385,0.0,0.0,NO_RIVER_ZONE,0.0,0
REC_2024_LOC05_112,2024-09-20,LOC05,FLOOD_ONLY,27.2345,88.4972,180.0,86,21.03,22.1,18.91,59.14,103.92,0.677,311.8,0.0,IN_BANK_FLOW,9.2,0
REC_2024_LOC06_112,2024-09-20,LOC06,FLOOD_ONLY,27.1739,88.518,210.0,88,21.32,22.07,5.13,24.14,55.76,0.557,151.2,0.0,IN_BANK_FLOW,3.4,0
REC_2024_LOC01_113,2024-09-21,LOC01,COMPOUND,27.604,88.646,85.0,80,18.38,73.89,0.09,0.37,0.61,0.352,28.0,0.0,IN_BANK_FLOW,3.0,0
REC_2024_LOC02_113,2024-09-21,LOC02,COMPOUND,27.399,88.524,95.0,78,18.6,74.22,0.18,0.49,1.29,0.353,45.0,0.0,IN_BANK_FLOW,3.0,0
REC_2024_LOC03_113,2024-09-21,LOC03,LANDSLIDE_ONLY,27.385,88.755,15.0,68,16.54,14.49,1.99,7.99,17.38,0.407,0.0,0.0,NO_RIVER_ZONE,0.0,0
REC_2024_LOC04_113,2024-09-21,LOC04,LANDSLIDE_ONLY,27.545,88.455,25.0,72,17.12,22.51,1.0,2.38,5.95,0.374,0.0,0.0,NO_RIVER_ZONE,0.0,0
REC_2024_LOC05_113,2024-09-21,LOC05,FLOOD_ONLY,27.2345,88.4972,180.0,86,21.03,22.1,3.72,11.21,30.4,0.45,76.6,0.0,IN_BANK_FLOW,3.0,0
REC_2024_LOC06_113,2024-09-21,LOC06,FLOOD_ONLY,27.1739,88.518,210.0,88,21.32,22.07,1.46,5.84,9.53,0.394,95.0,0.0,IN_BANK_FLOW,3.0,0
REC_2024_LOC01_114,2024-09-22,LOC01,COMPOUND,27.604,88.646,85.0,80,18.38,73.89,0.56,1.89,4.03,0.361,28.0,0.0,IN_BANK_FLOW,3.0,0
REC_2024_LOC02_114,2024-09-22,LOC02,COMPOUND,27.399,88.524,95.0,78,18.6,74.22,6.86,18.67,46.77,0.47,46.1,0.0,IN_BANK_FLOW,3.0,0
REC_2024_LOC03_114,2024-09-22,LOC03,LANDSLIDE_ONLY,27.385,88.755,15.0,68,16.54,14.49,2.57,15.49,32.16,0.451,0.0,0.0,NO_RIVER_ZONE,0.0,0
REC_2024_LOC04_114,2024-09-22,LOC04,LANDSLIDE_ONLY,27.545,88.455,25.0,72,17.12,22.51,2.53,8.76,21.51,0.417,0.0,0.0,NO_RIVER_ZONE,0.0,0
REC_2024_LOC05_114,2024-09-22,LOC05,FLOOD_ONLY,27.2345,88.4972,180.0,86,21.03,22.1,4.75,15.98,39.43,0.497,85.2,0.0,IN_BANK_FLOW,3.0,0
REC_2024_LOC06_114,2024-09-22,LOC06,FLOOD_ONLY,27.1739,88.518,210.0,88,21.32,22.07,1.12,4.2,9.87,0.376,95.0,0.0,IN_BANK_FLOW,3.0,0
REC_2024_LOC01_115,2024-09-23,LOC01,COMPOUND,27.604,88.646,85.0,80,18.38,73.89,0.22,0.98,2.48,0.356,28.0,0.0,IN_BANK_FLOW,3.0,0
REC_2024_LOC02_115,2024-09-23,LOC02,COMPOUND,27.399,88.524,95.0,78,18.6,74.22,4.33,23.26,51.63,0.503,49.4,0.0,IN_BANK_FLOW,3.0,0
REC_2024_LOC03_115,2024-09-23,LOC03,LANDSLIDE_ONLY,27.385,88.755,15.0,68,16.54,14.49,0.24,1.04,1.95,0.358,0.0,0.0,NO_RIVER_ZONE,0.0,0
REC_2024_LOC04_115,2024-09-23,LOC04,LANDSLIDE_ONLY,27.545,88.455,25.0,72,17.12,22.51,6.64,17.64,39.96,0.533,0.0,0.0,NO_RIVER_ZONE,0.0,0
REC_2024_LOC05_115,2024-09-23,LOC05,FLOOD_ONLY,27.2345,88.4972,180.0,86,21.03,22.1,13.94,32.98,88.55,0.649,153.0,0.0,IN_BANK_FLOW,4.5,0
REC_2024_LOC06_115,2024-09-23,LOC06,FLOOD_ONLY,27.1739,88.518,210.0,88,21.32,22.07,1.31,4.45,10.14,0.391,95.0,0.0,IN_BANK_FLOW,3.0,0
REC_2024_LOC01_116,2024-09-24,LOC01,COMPOUND,27.604,88.646,85.0,80,18.38,73.89,6.9,30.13,55.8,0.586,43.0,0.0,IN_BANK_FLOW,3.0,0
REC_2024_LOC02_116,2024-09-24,LOC02,COMPOUND,27.399,88.524,95.0,78,18.6,74.22,2.51,7.94,13.85,0.397,45.0,0.0,IN_BANK_FLOW,3.0,0
REC_2024_LOC03_116,2024-09-24,LOC03,LANDSLIDE_ONLY,27.385,88.755,15.0,68,16.54,14.49,18.32,52.99,140.98,0.83,0.0,0.0,NO_RIVER_ZONE,0.0,0
REC_2024_LOC04_116,2024-09-24,LOC04,LANDSLIDE_ONLY,27.545,88.455,25.0,72,17.12,22.51,8.43,26.94,71.63,0.571,0.0,0.0,NO_RIVER_ZONE,0.0,0
REC_2024_LOC05_116,2024-09-24,LOC05,FLOOD_ONLY,27.2345,88.4972,180.0,86,21.03,22.1,1.41,6.12,15.77,0.416,75.0,0.0,IN_BANK_FLOW,3.0,0
REC_2024_LOC06_116,2024-09-24,LOC06,FLOOD_ONLY,27.1739,88.518,210.0,88,21.32,22.07,3.14,10.44,19.25,0.433,98.2,0.0,IN_BANK_FLOW,3.0,0
REC_2024_LOC01_117,2024-09-25,LOC01,COMPOUND,27.604,88.646,85.0,80,18.38,73.89,0.56,1.42,3.97,0.36,28.0,0.0,IN_BANK_FLOW,3.0,0
REC_2024_LOC02_117,2024-09-25,LOC02,COMPOUND,27.399,88.524,95.0,78,18.6,74.22,11.82,41.42,110.93,0.659,78.1,0.0,IN_BANK_FLOW,3.0,0
REC_2024_LOC03_117,2024-09-25,LOC03,LANDSLIDE_ONLY,27.385,88.755,15.0,68,16.54,14.49,4.72,25.0,53.12,0.53,0.0,0.0,NO_RIVER_ZONE,0.0,0
REC_2024_LOC04_117,2024-09-25,LOC04,LANDSLIDE_ONLY,27.545,88.455,25.0,72,17.12,22.51,1.8,11.75,27.44,0.434,0.0,0.0,NO_RIVER_ZONE,0.0,0
REC_2024_LOC05_117,2024-09-25,LOC05,FLOOD_ONLY,27.2345,88.4972,180.0,86,21.03,22.1,0.19,1.23,2.65,0.358,75.0,0.0,IN_BANK_FLOW,3.0,0
REC_2024_LOC06_117,2024-09-25,LOC06,FLOOD_ONLY,27.1739,88.518,210.0,88,21.32,22.07,5.36,12.19,22.67,0.432,101.8,0.0,IN_BANK_FLOW,3.0,0
REC_2024_LOC01_118,2024-09-26,LOC01,COMPOUND,27.604,88.646,85.0,80,18.38,73.89,12.29,27.36,45.79,0.478,39.0,0.0,IN_BANK_FLOW,3.0,0
REC_2024_LOC02_118,2024-09-26,LOC02,COMPOUND,27.399,88.524,95.0,78,18.6,74.22,3.63,8.41,17.45,0.402,45.0,0.0,IN_BANK_FLOW,3.0,0
REC_2024_LOC03_118,2024-09-26,LOC03,LANDSLIDE_ONLY,27.385,88.755,15.0,68,16.54,14.49,23.93,124.93,263.44,0.98,0.0,0.0,NO_RIVER_ZONE,0.0,0
REC_2024_LOC04_118,2024-09-26,LOC04,LANDSLIDE_ONLY,27.545,88.455,25.0,72,17.12,22.51,0.9,4.53,12.18,0.377,0.0,0.0,NO_RIVER_ZONE,0.0,0
REC_2024_LOC05_118,2024-09-26,LOC05,FLOOD_ONLY,27.2345,88.4972,180.0,86,21.03,22.1,1.62,8.74,21.83,0.418,75.0,0.0,IN_BANK_FLOW,3.0,0
REC_2024_LOC06_118,2024-09-26,LOC06,FLOOD_ONLY,27.1739,88.518,210.0,88,21.32,22.07,0.99,6.29,11.68,0.401,95.0,0.0,IN_BANK_FLOW,3.0,0
REC_2024_LOC01_119,2024-09-27,LOC01,COMPOUND,27.604,88.646,85.0,80,18.38,73.89,1.74,6.39,17.29,0.402,28.0,0.0,IN_BANK_FLOW,3.0,0
REC_2024_LOC02_119,2024-09-27,LOC02,COMPOUND,27.399,88.524,95.0,78,18.6,74.22,1.96,12.1,33.1,0.442,45.0,0.0,IN_BANK_FLOW,3.0,0
REC_2024_LOC03_119,2024-09-27,LOC03,LANDSLIDE_ONLY,27.385,88.755,15.0,68,16.54,14.49,26.49,72.11,139.46,0.899,0.0,0.0,NO_RIVER_ZONE,0.0,0
REC_2024_LOC04_119,2024-09-27,LOC04,LANDSLIDE_ONLY,27.545,88.455,25.0,72,17.12,22.51,0.28,1.54,3.65,0.363,0.0,0.0,NO_RIVER_ZONE,0.0,0
REC_2024_LOC05_119,2024-09-27,LOC05,FLOOD_ONLY,27.2345,88.4972,180.0,86,21.03,22.1,2.44,6.28,13.73,0.396,75.0,0.0,IN_BANK_FLOW,3.0,0
REC_2024_LOC06_119,2024-09-27,LOC06,FLOOD_ONLY,27.1739,88.518,210.0,88,21.32,22.07,4.6,11.65,20.83,0.418,100.6,0.0,IN_BANK_FLOW,3.0,0
REC_2024_LOC01_120,2024-09-28,LOC01,COMPOUND,27.604,88.646,85.0,80,18.38,73.89,3.52,21.65,47.25,0.526,32.4,0.0,IN_BANK_FLOW,3.0,0
REC_2024_LOC02_120,2024-09-28,LOC02,COMPOUND,27.399,88.524,95.0,78,18.6,74.22,14.31,42.7,105.29,0.625,80.8,0.0,IN_BANK_FLOW,3.1,0
REC_2024_LOC03_120,2024-09-28,LOC03,LANDSLIDE_ONLY,27.385,88.755,15.0,68,16.54,14.49,1.73,5.52,13.52,0.39,0.0,0.0,NO_RIVER_ZONE,0.0,0
REC_2024_LOC04_120,2024-09-28,LOC04,LANDSLIDE_ONLY,27.545,88.455,25.0,72,17.12,22.51,0.03,0.2,0.48,0.351,0.0,0.0,NO_RIVER_ZONE,0.0,0
REC_2024_LOC05_120,2024-09-28,LOC05,FLOOD_ONLY,27.2345,88.4972,180.0,86,21.03,22.1,5.96,16.22,31.45,0.443,85.8,0.0,IN_BANK_FLOW,3.0,0
REC_2024_LOC06_120,2024-09-28,LOC06,FLOOD_ONLY,27.1739,88.518,210.0,88,21.32,22.07,8.19,31.11,80.82,0.622,192.9,0.0,IN_BANK_FLOW,4.4,0
REC_2024_LOC01_121,2024-09-29,LOC01,COMPOUND,27.604,88.646,85.0,80,18.38,73.89,2.17,9.77,20.68,0.439,28.0,0.0,IN_BANK_FLOW,3.0,0
REC_2024_LOC02_121,2024-09-29,LOC02,COMPOUND,27.399,88.524,95.0,78,18.6,74.22,1.28,8.22,22.45,0.413,45.0,0.0,IN_BANK_FLOW,3.0,0
REC_2024_LOC03_121,2024-09-29,LOC03,LANDSLIDE_ONLY,27.385,88.755,15.0,68,16.54,14.49,2.85,14.03,30.84,0.469,0.0,0.0,NO_RIVER_ZONE,0.0,0
REC_2024_LOC04_121,2024-09-29,LOC04,LANDSLIDE_ONLY,27.545,88.455,25.0,72,17.12,22.51,0.24,0.73,1.63,0.355,0.0,0.0,NO_RIVER_ZONE,0.0,0
REC_2024_LOC05_121,2024-09-29,LOC05,FLOOD_ONLY,27.2345,88.4972,180.0,86,21.03,22.1,3.42,7.78,13.94,0.395,75.0,0.0,IN_BANK_FLOW,3.0,0
REC_2024_LOC06_121,2024-09-29,LOC06,FLOOD_ONLY,27.1739,88.518,210.0,88,21.32,22.07,6.19,18.18,45.87,0.464,122.2,0.0,IN_BANK_FLOW,3.0,0
REC_2024_LOC01_122,2024-09-30,LOC01,COMPOUND,27.604,88.646,85.0,80,18.38,73.89,0.26,1.02,2.67,0.36,28.0,0.0,IN_BANK_FLOW,3.0,0
REC_2024_LOC02_122,2024-09-30,LOC02,COMPOUND,27.399,88.524,95.0,78,18.6,74.22,5.46,12.31,29.96,0.446,45.0,0.0,IN_BANK_FLOW,3.0,0
REC_2024_LOC03_122,2024-09-30,LOC03,LANDSLIDE_ONLY,27.385,88.755,15.0,68,16.54,14.49,0.03,0.16,0.28,0.351,0.0,0.0,NO_RIVER_ZONE,0.0,0
REC_2024_LOC04_122,2024-09-30,LOC04,LANDSLIDE_ONLY,27.545,88.455,25.0,72,17.12,22.51,7.87,26.12,57.86,0.559,0.0,0.0,NO_RIVER_ZONE,0.0,0
REC_2024_LOC05_122,2024-09-30,LOC05,FLOOD_ONLY,27.2345,88.4972,180.0,86,21.03,22.1,2.21,6.06,14.48,0.385,75.0,0.0,IN_BANK_FLOW,3.0,0
REC_2024_LOC06_122,2024-09-30,LOC06,FLOOD_ONLY,27.1739,88.518,210.0,88,21.32,22.07,13.78,31.08,57.4,0.51,192.7,0.0,IN_BANK_FLOW,4.4,0
REC_2024_LOC01_123,2024-10-01,LOC01,COMPOUND,27.604,88.646,85.0,80,18.38,73.89,3.84,9.77,16.94,0.397,28.0,0.0,IN_BANK_FLOW,3.0,0
REC_2024_LOC02_123,2024-10-01,LOC02,COMPOUND,27.399,88.524,95.0,78,18.6,74.22,1.79,5.53,14.16,0.398,45.0,0.0,IN_BANK_FLOW,3.0,0
REC_2024_LOC03_123,2024-10-01,LOC03,LANDSLIDE_ONLY,27.385,88.755,15.0,68,16.54,14.49,0.43,1.88,3.3,0.362,0.0,0.0,NO_RIVER_ZONE,0.0,0
REC_2024_LOC04_123,2024-10-01,LOC04,LANDSLIDE_ONLY,27.545,88.455,25.0,72,17.12,22.51,0.25,0.8,2.07,0.356,0.0,0.0,NO_RIVER_ZONE,0.0,0
REC_2024_LOC05_123,2024-10-01,LOC05,FLOOD_ONLY,27.2345,88.4972,180.0,86,21.03,22.1,0.1,0.35,0.67,0.352,75.0,0.0,IN_BANK_FLOW,3.0,0
REC_2024_LOC06_123,2024-10-01,LOC06,FLOOD_ONLY,27.1739,88.518,210.0,88,21.32,22.07,0.58,1.7,2.99,0.362,95.0,0.0,IN_BANK_FLOW,3.0,0
REC_2024_LOC01_124,2024-10-02,LOC01,COMPOUND,27.604,88.646,85.0,80,18.38,73.89,0.55,1.67,4.58,0.366,28.0,0.0,IN_BANK_FLOW,3.0,0
REC_2024_LOC02_124,2024-10-02,LOC02,COMPOUND,27.399,88.524,95.0,78,18.6,74.22,1.59,4.35,10.72,0.384,45.0,0.0,IN_BANK_FLOW,3.0,0
REC_2024_LOC03_124,2024-10-02,LOC03,LANDSLIDE_ONLY,27.385,88.755,15.0,68,16.54,14.49,2.08,5.72,14.07,0.396,0.0,0.0,NO_RIVER_ZONE,0.0,0
REC_2024_LOC04_124,2024-10-02,LOC04,LANDSLIDE_ONLY,27.545,88.455,25.0,72,17.12,22.51,1.47,5.24,12.73,0.38,0.0,0.0,NO_RIVER_ZONE,0.0,0
REC_2024_LOC05_124,2024-10-02,LOC05,FLOOD_ONLY,27.2345,88.4972,180.0,86,21.03,22.1,0.76,3.36,7.47,0.375,75.0,0.0,IN_BANK_FLOW,3.0,0
REC_2024_LOC06_124,2024-10-02,LOC06,FLOOD_ONLY,27.1739,88.518,210.0,88,21.32,22.07,0.5,1.77,4.31,0.365,95.0,0.0,IN_BANK_FLOW,3.0,0
REC_2024_LOC01_125,2024-10-03,LOC01,COMPOUND,27.604,88.646,85.0,80,18.38,73.89,5.85,15.13,27.76,0.45,28.4,0.0,IN_BANK_FLOW,3.0,0
REC_2024_LOC02_125,2024-10-03,LOC02,COMPOUND,27.399,88.524,95.0,78,18.6,74.22,4.02,9.45,24.92,0.429,45.0,0.0,IN_BANK_FLOW,3.0,0
REC_2024_LOC03_125,2024-10-03,LOC03,LANDSLIDE_ONLY,27.385,88.755,15.0,68,16.54,14.49,2.87,9.24,15.6,0.423,0.0,0.0,NO_RIVER_ZONE,0.0,0
REC_2024_LOC04_125,2024-10-03,LOC04,LANDSLIDE_ONLY,27.545,88.455,25.0,72,17.12,22.51,0.03,0.14,0.34,0.351,0.0,0.0,NO_RIVER_ZONE,0.0,0
REC_2024_LOC05_125,2024-10-03,LOC05,FLOOD_ONLY,27.2345,88.4972,180.0,86,21.03,22.1,0.73,2.26,5.56,0.37,75.0,0.0,IN_BANK_FLOW,3.0,0
REC_2024_LOC06_125,2024-10-03,LOC06,FLOOD_ONLY,27.1739,88.518,210.0,88,21.32,22.07,0.37,1.45,2.38,0.358,95.0,0.0,IN_BANK_FLOW,3.0,0
REC_2024_LOC01_126,2024-10-04,LOC01,COMPOUND,27.604,88.646,85.0,80,18.38,73.89,1.45,5.9,12.4,0.385,28.0,0.0,IN_BANK_FLOW,3.0,0
REC_2024_LOC02_126,2024-10-04,LOC02,COMPOUND,27.399,88.524,95.0,78,18.6,74.22,0.42,0.96,1.97,0.357,45.0,0.0,IN_BANK_FLOW,3.0,0
REC_2024_LOC03_126,2024-10-04,LOC03,LANDSLIDE_ONLY,27.385,88.755,15.0,68,16.54,14.49,0.86,3.27,8.2,0.37,0.0,0.0,NO_RIVER_ZONE,0.0,0
REC_2024_LOC04_126,2024-10-04,LOC04,LANDSLIDE_ONLY,27.545,88.455,25.0,72,17.12,22.51,0.11,0.38,0.95,0.352,0.0,0.0,NO_RIVER_ZONE,0.0,0
REC_2024_LOC05_126,2024-10-04,LOC05,FLOOD_ONLY,27.2345,88.4972,180.0,86,21.03,22.1,0.07,0.42,0.86,0.353,75.0,0.0,IN_BANK_FLOW,3.0,0
REC_2024_LOC06_126,2024-10-04,LOC06,FLOOD_ONLY,27.1739,88.518,210.0,88,21.32,22.07,0.62,3.29,6.2,0.368,95.0,0.0,IN_BANK_FLOW,3.0,0
REC_2024_LOC01_127,2024-10-05,LOC01,COMPOUND,27.604,88.646,85.0,80,18.38,73.89,3.2,8.04,19.77,0.429,28.0,0.0,IN_BANK_FLOW,3.0,0
REC_2024_LOC02_127,2024-10-05,LOC02,COMPOUND,27.399,88.524,95.0,78,18.6,74.22,0.8,3.79,6.74,0.378,45.0,0.0,IN_BANK_FLOW,3.0,0
REC_2024_LOC03_127,2024-10-05,LOC03,LANDSLIDE_ONLY,27.385,88.755,15.0,68,16.54,14.49,2.03,8.57,16.23,0.407,0.0,0.0,NO_RIVER_ZONE,0.0,0
REC_2024_LOC04_127,2024-10-05,LOC04,LANDSLIDE_ONLY,27.545,88.455,25.0,72,17.12,22.51,0.66,2.73,4.78,0.37,0.0,0.0,NO_RIVER_ZONE,0.0,0
REC_2024_LOC05_127,2024-10-05,LOC05,FLOOD_ONLY,27.2345,88.4972,180.0,86,21.03,22.1,2.41,11.97,29.5,0.431,77.6,0.0,IN_BANK_FLOW,3.0,0
REC_2024_LOC06_127,2024-10-05,LOC06,FLOOD_ONLY,27.1739,88.518,210.0,88,21.32,22.07,2.48,7.28,12.91,0.394,95.0,0.0,IN_BANK_FLOW,3.0,0
REC_2024_LOC01_128,2024-10-06,LOC01,COMPOUND,27.604,88.646,85.0,80,18.38,73.89,0.86,3.62,9.31,0.373,28.0,0.0,IN_BANK_FLOW,3.0,0
REC_2024_LOC02_128,2024-10-06,LOC02,COMPOUND,27.399,88.524,95.0,78,18.6,74.22,0.87,2.19,3.93,0.366,45.0,0.0,IN_BANK_FLOW,3.0,0
REC_2024_LOC03_128,2024-10-06,LOC03,LANDSLIDE_ONLY,27.385,88.755,15.0,68,16.54,14.49,0.77,4.11,11.05,0.392,0.0,0.0,NO_RIVER_ZONE,0.0,0
REC_2024_LOC04_128,2024-10-06,LOC04,LANDSLIDE_ONLY,27.545,88.455,25.0,72,17.12,22.51,5.08,12.44,27.79,0.417,0.0,0.0,NO_RIVER_ZONE,0.0,0
REC_2024_LOC05_128,2024-10-06,LOC05,FLOOD_ONLY,27.2345,88.4972,180.0,86,21.03,22.1,3.66,12.32,29.2,0.435,78.0,0.0,IN_BANK_FLOW,3.0,0
REC_2024_LOC06_128,2024-10-06,LOC06,FLOOD_ONLY,27.1739,88.518,210.0,88,21.32,22.07,0.77,3.13,5.01,0.366,95.0,0.0,IN_BANK_FLOW,3.0,0
REC_2024_LOC01_129,2024-10-07,LOC01,COMPOUND,27.604,88.646,85.0,80,18.38,73.89,1.3,4.91,8.81,0.385,28.0,0.0,IN_BANK_FLOW,3.0,0
REC_2024_LOC02_129,2024-10-07,LOC02,COMPOUND,27.399,88.524,95.0,78,18.6,74.22,1.52,3.87,10.46,0.388,45.0,0.0,IN_BANK_FLOW,3.0,0
REC_2024_LOC03_129,2024-10-07,LOC03,LANDSLIDE_ONLY,27.385,88.755,15.0,68,16.54,14.49,2.95,9.86,22.8,0.423,0.0,0.0,NO_RIVER_ZONE,0.0,0
REC_2024_LOC04_129,2024-10-07,LOC04,LANDSLIDE_ONLY,27.545,88.455,25.0,72,17.12,22.51,4.91,12.12,28.72,0.463,0.0,0.0,NO_RIVER_ZONE,0.0,0
REC_2024_LOC05_129,2024-10-07,LOC05,FLOOD_ONLY,27.2345,88.4972,180.0,86,21.03,22.1,0.3,1.38,2.86,0.358,75.0,0.0,IN_BANK_FLOW,3.0,0
REC_2024_LOC06_129,2024-10-07,LOC06,FLOOD_ONLY,27.1739,88.518,210.0,88,21.32,22.07,5.5,13.88,29.14,0.445,106.4,0.0,IN_BANK_FLOW,3.0,0
REC_2024_LOC01_130,2024-10-08,LOC01,COMPOUND,27.604,88.646,85.0,80,18.38,73.89,3.79,11.32,20.24,0.432,28.0,0.0,IN_BANK_FLOW,3.0,0
REC_2024_LOC02_130,2024-10-08,LOC02,COMPOUND,27.399,88.524,95.0,78,18.6,74.22,0.43,2.48,4.49,0.362,45.0,0.0,IN_BANK_FLOW,3.0,0
REC_2024_LOC03_130,2024-10-08,LOC03,LANDSLIDE_ONLY,27.385,88.755,15.0,68,16.54,14.49,5.26,14.39,23.44,0.435,0.0,0.0,NO_RIVER_ZONE,0.0,0
REC_2024_LOC04_130,2024-10-08,LOC04,LANDSLIDE_ONLY,27.545,88.455,25.0,72,17.12,22.51,4.41,17.22,42.14,0.478,0.0,0.0,NO_RIVER_ZONE,0.0,0
REC_2024_LOC05_130,2024-10-08,LOC05,FLOOD_ONLY,27.2345,88.4972,180.0,86,21.03,22.1,2.1,7.17,17.28,0.424,75.0,0.0,IN_BANK_FLOW,3.0,0
REC_2024_LOC06_130,2024-10-08,LOC06,FLOOD_ONLY,27.1739,88.518,210.0,88,21.32,22.07,1.11,5.98,10.76,0.396,95.0,0.0,IN_BANK_FLOW,3.0,0
REC_2024_LOC01_131,2024-10-09,LOC01,COMPOUND,27.604,88.646,85.0,80,18.38,73.89,0.77,2.77,6.05,0.369,28.0,0.0,IN_BANK_FLOW,3.0,0
REC_2024_LOC02_131,2024-10-09,LOC02,COMPOUND,27.399,88.524,95.0,78,18.6,74.22,13.2,32.31,68.71,0.618,61.1,0.0,IN_BANK_FLOW,3.0,0
REC_2024_LOC03_131,2024-10-09,LOC03,LANDSLIDE_ONLY,27.385,88.755,15.0,68,16.54,14.49,0.61,1.8,4.9,0.365,0.0,0.0,NO_RIVER_ZONE,0.0,0
REC_2024_LOC04_131,2024-10-09,LOC04,LANDSLIDE_ONLY,27.545,88.455,25.0,72,17.12,22.51,0.42,2.36,5.19,0.37,0.0,0.0,NO_RIVER_ZONE,0.0,0
REC_2024_LOC05_131,2024-10-09,LOC05,FLOOD_ONLY,27.2345,88.4972,180.0,86,21.03,22.1,0.43,2.38,4.84,0.366,75.0,0.0,IN_BANK_FLOW,3.0,0
REC_2024_LOC06_131,2024-10-09,LOC06,FLOOD_ONLY,27.1739,88.518,210.0,88,21.32,22.07,0.46,1.1,1.96,0.355,95.0,0.0,IN_BANK_FLOW,3.0,0
REC_2024_LOC01_132,2024-10-10,LOC01,COMPOUND,27.604,88.646,85.0,80,18.38,73.89,2.92,11.04,25.29,0.448,28.0,0.0,IN_BANK_FLOW,3.0,0
REC_2024_LOC02_132,2024-10-10,LOC02,COMPOUND,27.399,88.524,95.0,78,18.6,74.22,2.89,7.74,13.62,0.396,45.0,0.0,IN_BANK_FLOW,3.0,0
REC_2024_LOC03_132,2024-10-10,LOC03,LANDSLIDE_ONLY,27.385,88.755,15.0,68,16.54,14.49,5.88,27.35,57.44,0.566,0.0,0.0,NO_RIVER_ZONE,0.0,0
REC_2024_LOC04_132,2024-10-10,LOC04,LANDSLIDE_ONLY,27.545,88.455,25.0,72,17.12,22.51,0.44,1.45,3.81,0.363,0.0,0.0,NO_RIVER_ZONE,0.0,0
REC_2024_LOC05_132,2024-10-10,LOC05,FLOOD_ONLY,27.2345,88.4972,180.0,86,21.03,22.1,0.45,1.35,3.3,0.358,75.0,0.0,IN_BANK_FLOW,3.0,0
REC_2024_LOC06_132,2024-10-10,LOC06,FLOOD_ONLY,27.1739,88.518,210.0,88,21.32,22.07,0.76,4.81,9.65,0.383,95.0,0.0,IN_BANK_FLOW,3.0,0
REC_2024_LOC01_133,2024-10-11,LOC01,COMPOUND,27.604,88.646,85.0,80,18.38,73.89,1.41,6.08,12.83,0.39,28.0,0.0,IN_BANK_FLOW,3.0,0
REC_2024_LOC02_133,2024-10-11,LOC02,COMPOUND,27.399,88.524,95.0,78,18.6,74.22,0.06,0.2,0.36,0.351,45.0,0.0,IN_BANK_FLOW,3.0,0
REC_2024_LOC03_133,2024-10-11,LOC03,LANDSLIDE_ONLY,27.385,88.755,15.0,68,16.54,14.49,2.04,5.27,13.19,0.392,0.0,0.0,NO_RIVER_ZONE,0.0,0
REC_2024_LOC04_133,2024-10-11,LOC04,LANDSLIDE_ONLY,27.545,88.455,25.0,72,17.12,22.51,7.19,21.26,43.73,0.497,0.0,0.0,NO_RIVER_ZONE,0.0,0
REC_2024_LOC05_133,2024-10-11,LOC05,FLOOD_ONLY,27.2345,88.4972,180.0,86,21.03,22.1,2.33,5.85,12.57,0.392,75.0,0.0,IN_BANK_FLOW,3.0,0
REC_2024_LOC06_133,2024-10-11,LOC06,FLOOD_ONLY,27.1739,88.518,210.0,88,21.32,22.07,2.93,13.64,35.09,0.432,105.7,0.0,IN_BANK_FLOW,3.0,0
REC_2024_LOC01_134,2024-10-12,LOC01,COMPOUND,27.604,88.646,85.0,80,18.38,73.89,2.67,7.43,14.97,0.398,28.0,0.0,IN_BANK_FLOW,3.0,0
REC_2024_LOC02_134,2024-10-12,LOC02,COMPOUND,27.399,88.524,95.0,78,18.6,74.22,0.37,1.42,3.41,0.364,45.0,0.0,IN_BANK_FLOW,3.0,0
REC_2024_LOC03_134,2024-10-12,LOC03,LANDSLIDE_ONLY,27.385,88.755,15.0,68,16.54,14.49,1.59,4.25,11.47,0.383,0.0,0.0,NO_RIVER_ZONE,0.0,0
REC_2024_LOC04_134,2024-10-12,LOC04,LANDSLIDE_ONLY,27.545,88.455,25.0,72,17.12,22.51,1.93,4.58,11.74,0.381,0.0,0.0,NO_RIVER_ZONE,0.0,0
REC_2024_LOC05_134,2024-10-12,LOC05,FLOOD_ONLY,27.2345,88.4972,180.0,86,21.03,22.1,18.31,47.91,104.5,0.66,238.7,0.0,IN_BANK_FLOW,7.0,0
REC_2024_LOC06_134,2024-10-12,LOC06,FLOOD_ONLY,27.1739,88.518,210.0,88,21.32,22.07,1.99,4.59,7.47,0.377,95.0,0.0,IN_BANK_FLOW,3.0,0
REC_2024_LOC01_135,2024-10-13,LOC01,COMPOUND,27.604,88.646,85.0,80,18.38,73.89,0.47,1.28,2.42,0.357,28.0,0.0,IN_BANK_FLOW,3.0,0
REC_2024_LOC02_135,2024-10-13,LOC02,COMPOUND,27.399,88.524,95.0,78,18.6,74.22,0.93,2.81,7.28,0.372,45.0,0.0,IN_BANK_FLOW,3.0,0
REC_2024_LOC03_135,2024-10-13,LOC03,LANDSLIDE_ONLY,27.385,88.755,15.0,68,16.54,14.49,1.2,5.52,14.27,0.382,0.0,0.0,NO_RIVER_ZONE,0.0,0
REC_2024_LOC04_135,2024-10-13,LOC04,LANDSLIDE_ONLY,27.545,88.455,25.0,72,17.12,22.51,2.09,9.16,23.91,0.438,0.0,0.0,NO_RIVER_ZONE,0.0,0
REC_2024_LOC05_135,2024-10-13,LOC05,FLOOD_ONLY,27.2345,88.4972,180.0,86,21.03,22.1,0.12,0.5,0.85,0.353,75.0,0.0,IN_BANK_FLOW,3.0,0
REC_2024_LOC06_135,2024-10-13,LOC06,FLOOD_ONLY,27.1739,88.518,210.0,88,21.32,22.07,0.64,1.65,2.86,0.363,95.0,0.0,IN_BANK_FLOW,3.0,0
REC_2024_LOC01_136,2024-10-14,LOC01,COMPOUND,27.604,88.646,85.0,80,18.38,73.89,0.49,2.24,5.13,0.364,28.0,0.0,IN_BANK_FLOW,3.0,0
REC_2024_LOC02_136,2024-10-14,LOC02,COMPOUND,27.399,88.524,95.0,78,18.6,74.22,1.68,9.28,21.76,0.416,45.0,0.0,IN_BANK_FLOW,3.0,0
REC_2024_LOC03_136,2024-10-14,LOC03,LANDSLIDE_ONLY,27.385,88.755,15.0,68,16.54,14.49,3.47,8.0,18.22,0.402,0.0,0.0,NO_RIVER_ZONE,0.0,0
REC_2024_LOC04_136,2024-10-14,LOC04,LANDSLIDE_ONLY,27.545,88.455,25.0,72,17.12,22.51,2.13,7.66,20.02,0.412,0.0,0.0,NO_RIVER_ZONE,0.0,0
REC_2024_LOC05_136,2024-10-14,LOC05,FLOOD_ONLY,27.2345,88.4972,180.0,86,21.03,22.1,0.02,0.05,0.09,0.35,75.0,0.0,IN_BANK_FLOW,3.0,0
REC_2024_LOC06_136,2024-10-14,LOC06,FLOOD_ONLY,27.1739,88.518,210.0,88,21.32,22.07,0.75,3.67,8.57,0.371,95.0,0.0,IN_BANK_FLOW,3.0,0
REC_2024_LOC01_137,2024-10-15,LOC01,COMPOUND,27.604,88.646,85.0,80,18.38,73.89,0.8,3.89,9.88,0.382,28.0,0.0,IN_BANK_FLOW,3.0,0
REC_2024_LOC02_137,2024-10-15,LOC02,COMPOUND,27.399,88.524,95.0,78,18.6,74.22,5.59,23.07,49.37,0.516,49.2,0.0,IN_BANK_FLOW,3.0,0
REC_2024_LOC03_137,2024-10-15,LOC03,LANDSLIDE_ONLY,27.385,88.755,15.0,68,16.54,14.49,0.28,0.77,1.45,0.354,0.0,0.0,NO_RIVER_ZONE,0.0,0
REC_2024_LOC04_137,2024-10-15,LOC04,LANDSLIDE_ONLY,27.545,88.455,25.0,72,17.12,22.51,0.9,2.26,4.02,0.367,0.0,0.0,NO_RIVER_ZONE,0.0,0
REC_2024_LOC05_137,2024-10-15,LOC05,FLOOD_ONLY,27.2345,88.4972,180.0,86,21.03,22.1,9.3,20.86,39.26,0.512,99.8,0.0,IN_BANK_FLOW,3.0,0
REC_2024_LOC06_137,2024-10-15,LOC06,FLOOD_ONLY,27.1739,88.518,210.0,88,21.32,22.07,3.08,16.33,30.13,0.462,114.8,0.0,IN_BANK_FLOW,3.0,0
REC_2024_LOC01_138,2024-10-16,LOC01,COMPOUND,27.604,88.646,85.0,80,18.38,73.89,0.21,0.71,1.98,0.355,28.0,0.0,IN_BANK_FLOW,3.0,0
REC_2024_LOC02_138,2024-10-16,LOC02,COMPOUND,27.399,88.524,95.0,78,18.6,74.22,1.93,5.97,15.66,0.398,45.0,0.0,IN_BANK_FLOW,3.0,0
REC_2024_LOC03_138,2024-10-16,LOC03,LANDSLIDE_ONLY,27.385,88.755,15.0,68,16.54,14.49,0.33,2.16,3.86,0.364,0.0,0.0,NO_RIVER_ZONE,0.0,0
REC_2024_LOC04_138,2024-10-16,LOC04,LANDSLIDE_ONLY,27.545,88.455,25.0,72,17.12,22.51,1.07,5.01,11.14,0.381,0.0,0.0,NO_RIVER_ZONE,0.0,0
REC_2024_LOC05_138,2024-10-16,LOC05,FLOOD_ONLY,27.2345,88.4972,180.0,86,21.03,22.1,0.86,3.56,6.72,0.375,75.0,0.0,IN_BANK_FLOW,3.0,0
REC_2024_LOC06_138,2024-10-16,LOC06,FLOOD_ONLY,27.1739,88.518,210.0,88,21.32,22.07,0.52,1.65,3.55,0.362,95.0,0.0,IN_BANK_FLOW,3.0,0
REC_2024_LOC01_139,2024-10-17,LOC01,COMPOUND,27.604,88.646,85.0,80,18.38,73.89,2.42,14.03,28.76,0.459,28.1,0.0,IN_BANK_FLOW,3.0,0
REC_2024_LOC02_139,2024-10-17,LOC02,COMPOUND,27.399,88.524,95.0,78,18.6,74.22,0.23,1.17,3.26,0.358,45.0,0.0,IN_BANK_FLOW,3.0,0
REC_2024_LOC03_139,2024-10-17,LOC03,LANDSLIDE_ONLY,27.385,88.755,15.0,68,16.54,14.49,1.26,5.01,10.75,0.379,0.0,0.0,NO_RIVER_ZONE,0.0,0
REC_2024_LOC04_139,2024-10-17,LOC04,LANDSLIDE_ONLY,27.545,88.455,25.0,72,17.12,22.51,0.88,3.01,5.87,0.374,0.0,0.0,NO_RIVER_ZONE,0.0,0
REC_2024_LOC05_139,2024-10-17,LOC05,FLOOD_ONLY,27.2345,88.4972,180.0,86,21.03,22.1,1.67,8.01,18.97,0.405,75.0,0.0,IN_BANK_FLOW,3.0,0
REC_2024_LOC06_139,2024-10-17,LOC06,FLOOD_ONLY,27.1739,88.518,210.0,88,21.32,22.07,0.89,4.14,8.38,0.373,95.0,0.0,IN_BANK_FLOW,3.0,0
REC_2024_LOC01_140,2024-10-18,LOC01,COMPOUND,27.604,88.646,85.0,80,18.38,73.89,2.99,12.12,28.07,0.443,28.0,0.0,IN_BANK_FLOW,3.0,0
REC_2024_LOC02_140,2024-10-18,LOC02,COMPOUND,27.399,88.524,95.0,78,18.6,74.22,0.44,1.93,3.97,0.361,45.0,0.0,IN_BANK_FLOW,3.0,0
REC_2024_LOC03_140,2024-10-18,LOC03,LANDSLIDE_ONLY,27.385,88.755,15.0,68,16.54,14.49,0.62,2.83,7.36,0.375,0.0,0.0,NO_RIVER_ZONE,0.0,0
REC_2024_LOC04_140,2024-10-18,LOC04,LANDSLIDE_ONLY,27.545,88.455,25.0,72,17.12,22.51,1.25,3.33,7.04,0.375,0.0,0.0,NO_RIVER_ZONE,0.0,0
REC_2024_LOC05_140,2024-10-18,LOC05,FLOOD_ONLY,27.2345,88.4972,180.0,86,21.03,22.1,4.13,9.35,19.22,0.416,75.2,0.0,IN_BANK_FLOW,3.0,0
REC_2024_LOC06_140,2024-10-18,LOC06,FLOOD_ONLY,27.1739,88.518,210.0,88,21.32,22.07,5.23,12.63,27.81,0.419,102.9,0.0,IN_BANK_FLOW,3.0,0
REC_2024_LOC01_141,2024-10-19,LOC01,COMPOUND,27.604,88.646,85.0,80,18.38,73.89,0.69,2.55,4.15,0.365,28.0,0.0,IN_BANK_FLOW,3.0,0
REC_2024_LOC02_141,2024-10-19,LOC02,COMPOUND,27.399,88.524,95.0,78,18.6,74.22,0.82,3.56,9.56,0.373,45.0,0.0,IN_BANK_FLOW,3.0,0
REC_2024_LOC03_141,2024-10-19,LOC03,LANDSLIDE_ONLY,27.385,88.755,15.0,68,16.54,14.49,1.12,5.33,13.86,0.385,0.0,0.0,NO_RIVER_ZONE,0.0,0
REC_2024_LOC04_141,2024-10-19,LOC04,LANDSLIDE_ONLY,27.545,88.455,25.0,72,17.12,22.51,7.09,21.45,50.74,0.517,0.0,0.0,NO_RIVER_ZONE,0.0,0
REC_2024_LOC05_141,2024-10-19,LOC05,FLOOD_ONLY,27.2345,88.4972,180.0,86,21.03,22.1,0.13,0.45,0.88,0.352,75.0,0.0,IN_BANK_FLOW,3.0,0
REC_2024_LOC06_141,2024-10-19,LOC06,FLOOD_ONLY,27.1739,88.518,210.0,88,21.32,22.07,11.59,26.96,61.72,0.637,167.3,0.0,IN_BANK_FLOW,3.8,0
REC_2024_LOC01_142,2024-10-20,LOC01,COMPOUND,27.604,88.646,85.0,80,18.38,73.89,1.41,6.57,15.95,0.393,28.0,0.0,IN_BANK_FLOW,3.0,0
REC_2024_LOC02_142,2024-10-20,LOC02,COMPOUND,27.399,88.524,95.0,78,18.6,74.22,0.01,0.03,0.06,0.35,45.0,0.0,IN_BANK_FLOW,3.0,0
REC_2024_LOC03_142,2024-10-20,LOC03,LANDSLIDE_ONLY,27.385,88.755,15.0,68,16.54,14.49,0.2,1.1,2.34,0.357,0.0,0.0,NO_RIVER_ZONE,0.0,0
REC_2024_LOC04_142,2024-10-20,LOC04,LANDSLIDE_ONLY,27.545,88.455,25.0,72,17.12,22.51,1.12,2.64,4.36,0.366,0.0,0.0,NO_RIVER_ZONE,0.0,0
REC_2024_LOC05_142,2024-10-20,LOC05,FLOOD_ONLY,27.2345,88.4972,180.0,86,21.03,22.1,0.48,2.47,4.82,0.369,75.0,0.0,IN_BANK_FLOW,3.0,0
REC_2024_LOC06_142,2024-10-20,LOC06,FLOOD_ONLY,27.1739,88.518,210.0,88,21.32,22.07,2.72,7.24,14.42,0.398,95.0,0.0,IN_BANK_FLOW,3.0,0
REC_2024_LOC01_143,2024-10-21,LOC01,COMPOUND,27.604,88.646,85.0,80,18.38,73.89,1.62,3.89,8.9,0.378,28.0,0.0,IN_BANK_FLOW,3.0,0
REC_2024_LOC02_143,2024-10-21,LOC02,COMPOUND,27.399,88.524,95.0,78,18.6,74.22,2.53,6.42,16.75,0.41,45.0,0.0,IN_BANK_FLOW,3.0,0
REC_2024_LOC03_143,2024-10-21,LOC03,LANDSLIDE_ONLY,27.385,88.755,15.0,68,16.54,14.49,5.34,12.52,27.42,0.442,0.0,0.0,NO_RIVER_ZONE,0.0,0
REC_2024_LOC04_143,2024-10-21,LOC04,LANDSLIDE_ONLY,27.545,88.455,25.0,72,17.12,22.51,0.44,1.53,4.05,0.359,0.0,0.0,NO_RIVER_ZONE,0.0,0
REC_2024_LOC05_143,2024-10-21,LOC05,FLOOD_ONLY,27.2345,88.4972,180.0,86,21.03,22.1,1.03,3.79,6.46,0.372,75.0,0.0,IN_BANK_FLOW,3.0,0
REC_2024_LOC06_143,2024-10-21,LOC06,FLOOD_ONLY,27.1739,88.518,210.0,88,21.32,22.07,2.24,12.27,27.12,0.455,102.0,0.0,IN_BANK_FLOW,3.0,0
REC_2024_LOC01_144,2024-10-22,LOC01,COMPOUND,27.604,88.646,85.0,80,18.38,73.89,1.51,4.38,10.21,0.373,28.0,0.0,IN_BANK_FLOW,3.0,0
REC_2024_LOC02_144,2024-10-22,LOC02,COMPOUND,27.399,88.524,95.0,78,18.6,74.22,0.75,3.69,7.97,0.376,45.0,0.0,IN_BANK_FLOW,3.0,0
REC_2024_LOC03_144,2024-10-22,LOC03,LANDSLIDE_ONLY,27.385,88.755,15.0,68,16.54,14.49,1.39,7.58,15.7,0.4,0.0,0.0,NO_RIVER_ZONE,0.0,0
REC_2024_LOC04_144,2024-10-22,LOC04,LANDSLIDE_ONLY,27.545,88.455,25.0,72,17.12,22.51,0.23,0.76,1.83,0.356,0.0,0.0,NO_RIVER_ZONE,0.0,0
REC_2024_LOC05_144,2024-10-22,LOC05,FLOOD_ONLY,27.2345,88.4972,180.0,86,21.03,22.1,0.32,1.59,2.72,0.36,75.0,0.0,IN_BANK_FLOW,3.0,0
REC_2024_LOC06_144,2024-10-22,LOC06,FLOOD_ONLY,27.1739,88.518,210.0,88,21.32,22.07,0.3,1.28,2.42,0.358,95.0,0.0,IN_BANK_FLOW,3.0,0
REC_2024_LOC01_145,2024-10-23,LOC01,COMPOUND,27.604,88.646,85.0,80,18.38,73.89,1.84,8.67,15.08,0.397,28.0,0.0,IN_BANK_FLOW,3.0,0
REC_2024_LOC02_145,2024-10-23,LOC02,COMPOUND,27.399,88.524,95.0,78,18.6,74.22,1.04,2.77,5.48,0.374,45.0,0.0,IN_BANK_FLOW,3.0,0
REC_2024_LOC03_145,2024-10-23,LOC03,LANDSLIDE_ONLY,27.385,88.755,15.0,68,16.54,14.49,2.08,5.79,12.72,0.389,0.0,0.0,NO_RIVER_ZONE,0.0,0
REC_2024_LOC04_145,2024-10-23,LOC04,LANDSLIDE_ONLY,27.545,88.455,25.0,72,17.12,22.51,0.52,1.28,2.95,0.362,0.0,0.0,NO_RIVER_ZONE,0.0,0
REC_2024_LOC05_145,2024-10-23,LOC05,FLOOD_ONLY,27.2345,88.4972,180.0,86,21.03,22.1,0.26,1.36,3.11,0.36,75.0,0.0,IN_BANK_FLOW,3.0,0
REC_2024_LOC06_145,2024-10-23,LOC06,FLOOD_ONLY,27.1739,88.518,210.0,88,21.32,22.07,0.08,0.23,0.42,0.352,95.0,0.0,IN_BANK_FLOW,3.0,0
REC_2024_LOC01_146,2024-10-24,LOC01,COMPOUND,27.604,88.646,85.0,80,18.38,73.89,1.24,6.71,13.85,0.403,28.0,0.0,IN_BANK_FLOW,3.0,0
REC_2024_LOC02_146,2024-10-24,LOC02,COMPOUND,27.399,88.524,95.0,78,18.6,74.22,2.64,11.38,29.41,0.442,45.0,0.0,IN_BANK_FLOW,3.0,0
REC_2024_LOC03_146,2024-10-24,LOC03,LANDSLIDE_ONLY,27.385,88.755,15.0,68,16.54,14.49,2.11,7.29,17.3,0.41,0.0,0.0,NO_RIVER_ZONE,0.0,0
REC_2024_LOC04_146,2024-10-24,LOC04,LANDSLIDE_ONLY,27.545,88.455,25.0,72,17.12,22.51,3.68,12.43,22.49,0.422,0.0,0.0,NO_RIVER_ZONE,0.0,0
REC_2024_LOC05_146,2024-10-24,LOC05,FLOOD_ONLY,27.2345,88.4972,180.0,86,21.03,22.1,1.44,7.46,12.78,0.399,75.0,0.0,IN_BANK_FLOW,3.0,0
REC_2024_LOC06_146,2024-10-24,LOC06,FLOOD_ONLY,27.1739,88.518,210.0,88,21.32,22.07,0.95,5.97,13.44,0.394,95.0,0.0,IN_BANK_FLOW,3.0,0
REC_2024_LOC01_147,2024-10-25,LOC01,COMPOUND,27.604,88.646,85.0,80,18.38,73.89,0.49,1.22,2.56,0.36,28.0,0.0,IN_BANK_FLOW,3.0,0
REC_2024_LOC02_147,2024-10-25,LOC02,COMPOUND,27.399,88.524,95.0,78,18.6,74.22,1.51,3.86,6.64,0.376,45.0,0.0,IN_BANK_FLOW,3.0,0
REC_2024_LOC03_147,2024-10-25,LOC03,LANDSLIDE_ONLY,27.385,88.755,15.0,68,16.54,14.49,1.82,6.49,13.37,0.383,0.0,0.0,NO_RIVER_ZONE,0.0,0
REC_2024_LOC04_147,2024-10-25,LOC04,LANDSLIDE_ONLY,27.545,88.455,25.0,72,17.12,22.51,1.34,3.37,5.72,0.374,0.0,0.0,NO_RIVER_ZONE,0.0,0
REC_2024_LOC05_147,2024-10-25,LOC05,FLOOD_ONLY,27.2345,88.4972,180.0,86,21.03,22.1,2.66,9.57,24.96,0.439,75.3,0.0,IN_BANK_FLOW,3.0,0
REC_2024_LOC06_147,2024-10-25,LOC06,FLOOD_ONLY,27.1739,88.518,210.0,88,21.32,22.07,2.36,6.59,17.8,0.404,95.0,0.0,IN_BANK_FLOW,3.0,0
REC_2024_LOC01_148,2024-10-26,LOC01,COMPOUND,27.604,88.646,85.0,80,18.38,73.89,2.71,15.0,39.29,0.488,28.3,0.0,IN_BANK_FLOW,3.0,0
REC_2024_LOC02_148,2024-10-26,LOC02,COMPOUND,27.399,88.524,95.0,78,18.6,74.22,5.1,24.24,55.64,0.487,50.4,0.0,IN_BANK_FLOW,3.0,0
REC_2024_LOC03_148,2024-10-26,LOC03,LANDSLIDE_ONLY,27.385,88.755,15.0,68,16.54,14.49,8.94,29.76,66.06,0.566,0.0,0.0,NO_RIVER_ZONE,0.0,0
REC_2024_LOC04_148,2024-10-26,LOC04,LANDSLIDE_ONLY,27.545,88.455,25.0,72,17.12,22.51,0.97,3.53,8.37,0.374,0.0,0.0,NO_RIVER_ZONE,0.0,0
REC_2024_LOC05_148,2024-10-26,LOC05,FLOOD_ONLY,27.2345,88.4972,180.0,86,21.03,22.1,0.82,4.1,8.1,0.371,75.0,0.0,IN_BANK_FLOW,3.0,0
REC_2024_LOC06_148,2024-10-26,LOC06,FLOOD_ONLY,27.1739,88.518,210.0,88,21.32,22.07,2.9,6.48,17.87,0.406,95.0,0.0,IN_BANK_FLOW,3.0,0
REC_2024_LOC01_149,2024-10-27,LOC01,COMPOUND,27.604,88.646,85.0,80,18.38,73.89,0.55,1.38,3.49,0.364,28.0,0.0,IN_BANK_FLOW,3.0,0
REC_2024_LOC02_149,2024-10-27,LOC02,COMPOUND,27.399,88.524,95.0,78,18.6,74.22,1.07,3.07,5.36,0.374,45.0,0.0,IN_BANK_FLOW,3.0,0
REC_2024_LOC03_149,2024-10-27,LOC03,LANDSLIDE_ONLY,27.385,88.755,15.0,68,16.54,14.49,0.94,2.41,5.23,0.369,0.0,0.0,NO_RIVER_ZONE,0.0,0
REC_2024_LOC04_149,2024-10-27,LOC04,LANDSLIDE_ONLY,27.545,88.455,25.0,72,17.12,22.51,3.8,9.9,16.01,0.395,0.0,0.0,NO_RIVER_ZONE,0.0,0
REC_2024_LOC05_149,2024-10-27,LOC05,FLOOD_ONLY,27.2345,88.4972,180.0,86,21.03,22.1,3.08,7.73,14.15,0.397,75.0,0.0,IN_BANK_FLOW,3.0,0
REC_2024_LOC06_149,2024-10-27,LOC06,FLOOD_ONLY,27.1739,88.518,210.0,88,21.32,22.07,0.26,1.49,3.51,0.359,95.0,0.0,IN_BANK_FLOW,3.0,0
REC_2024_LOC01_150,2024-10-28,LOC01,COMPOUND,27.604,88.646,85.0,80,18.38,73.89,11.34,41.74,77.42,0.597,64.3,0.0,IN_BANK_FLOW,3.8,0
REC_2024_LOC02_150,2024-10-28,LOC02,COMPOUND,27.399,88.524,95.0,78,18.6,74.22,1.64,4.23,7.87,0.384,45.0,0.0,IN_BANK_FLOW,3.0,0
REC_2024_LOC03_150,2024-10-28,LOC03,LANDSLIDE_ONLY,27.385,88.755,15.0,68,16.54,14.49,0.57,2.3,5.22,0.367,0.0,0.0,NO_RIVER_ZONE,0.0,0
REC_2024_LOC04_150,2024-10-28,LOC04,LANDSLIDE_ONLY,27.545,88.455,25.0,72,17.12,22.51,0.18,0.81,2.11,0.356,0.0,0.0,NO_RIVER_ZONE,0.0,0
REC_2024_LOC05_150,2024-10-28,LOC05,FLOOD_ONLY,27.2345,88.4972,180.0,86,21.03,22.1,3.97,9.81,22.99,0.42,75.5,0.0,IN_BANK_FLOW,3.0,0
REC_2024_LOC06_150,2024-10-28,LOC06,FLOOD_ONLY,27.1739,88.518,210.0,88,21.32,22.07,2.69,6.31,12.8,0.399,95.0,0.0,IN_BANK_FLOW,3.0,0
REC_2024_LOC01_151,2024-10-29,LOC01,COMPOUND,27.604,88.646,85.0,80,18.38,73.89,0.48,1.09,1.8,0.356,28.0,0.0,IN_BANK_FLOW,3.0,0
REC_2024_LOC02_151,2024-10-29,LOC02,COMPOUND,27.399,88.524,95.0,78,18.6,74.22,4.04,9.58,19.87,0.429,45.0,0.0,IN_BANK_FLOW,3.0,0
REC_2024_LOC03_151,2024-10-29,LOC03,LANDSLIDE_ONLY,27.385,88.755,15.0,68,16.54,14.49,0.06,0.16,0.42,0.351,0.0,0.0,NO_RIVER_ZONE,0.0,0
REC_2024_LOC04_151,2024-10-29,LOC04,LANDSLIDE_ONLY,27.545,88.455,25.0,72,17.12,22.51,1.11,4.19,11.3,0.383,0.0,0.0,NO_RIVER_ZONE,0.0,0
REC_2024_LOC05_151,2024-10-29,LOC05,FLOOD_ONLY,27.2345,88.4972,180.0,86,21.03,22.1,2.49,5.82,10.02,0.385,75.0,0.0,IN_BANK_FLOW,3.0,0
REC_2024_LOC06_151,2024-10-29,LOC06,FLOOD_ONLY,27.1739,88.518,210.0,88,21.32,22.07,1.21,7.39,14.41,0.404,95.1,0.0,IN_BANK_FLOW,3.0,0
REC_2024_LOC01_152,2024-10-30,LOC01,COMPOUND,27.604,88.646,85.0,80,18.38,73.89,0.62,1.56,3.76,0.364,28.0,0.0,IN_BANK_FLOW,3.0,0
REC_2024_LOC02_152,2024-10-30,LOC02,COMPOUND,27.399,88.524,95.0,78,18.6,74.22,2.44,7.58,15.18,0.396,45.0,0.0,IN_BANK_FLOW,3.0,0
REC_2024_LOC03_152,2024-10-30,LOC03,LANDSLIDE_ONLY,27.385,88.755,15.0,68,16.54,14.49,2.08,7.38,15.33,0.394,0.0,0.0,NO_RIVER_ZONE,0.0,0
REC_2024_LOC04_152,2024-10-30,LOC04,LANDSLIDE_ONLY,27.545,88.455,25.0,72,17.12,22.51,0.85,2.71,6.85,0.375,0.0,0.0,NO_RIVER_ZONE,0.0,0
REC_2024_LOC05_152,2024-10-30,LOC05,FLOOD_ONLY,27.2345,88.4972,180.0,86,21.03,22.1,1.21,6.39,15.76,0.402,75.0,0.0,IN_BANK_FLOW,3.0,0
REC_2024_LOC06_152,2024-10-30,LOC06,FLOOD_ONLY,27.1739,88.518,210.0,88,21.32,22.07,1.3,3.56,9.44,0.388,95.0,0.0,IN_BANK_FLOW,3.0,0
REC_2024_LOC01_153,2024-10-31,LOC01,COMPOUND,27.604,88.646,85.0,80,18.38,73.89,3.2,15.32,32.59,0.474,28.4,0.0,IN_BANK_FLOW,3.0,0
REC_2024_LOC02_153,2024-10-31,LOC02,COMPOUND,27.399,88.524,95.0,78,18.6,74.22,1.3,5.57,13.23,0.392,45.0,0.0,IN_BANK_FLOW,3.0,0
REC_2024_LOC03_153,2024-10-31,LOC03,LANDSLIDE_ONLY,27.385,88.755,15.0,68,16.54,14.49,0.86,3.59,7.97,0.383,0.0,0.0,NO_RIVER_ZONE,0.0,0
REC_2024_LOC04_153,2024-10-31,LOC04,LANDSLIDE_ONLY,27.545,88.455,25.0,72,17.12,22.51,1.22,4.56,7.47,0.379,0.0,0.0,NO_RIVER_ZONE,0.0,0
REC_2024_LOC05_153,2024-10-31,LOC05,FLOOD_ONLY,27.2345,88.4972,180.0,86,21.03,22.1,0.52,2.22,3.72,0.363,75.0,0.0,IN_BANK_FLOW,3.0,0
REC_2024_LOC06_153,2024-10-31,LOC06,FLOOD_ONLY,27.1739,88.518,210.0,88,21.32,22.07,3.71,9.73,21.4,0.429,97.1,0.0,IN_BANK_FLOW,3.0,0
