tree
version=v4
num_class=1
num_tree_per_iteration=1
label_index=0
max_feature_idx=2
objective=binary sigmoid:1
feature_names=rainfall_1h rainfall_24h rainfall_72h
feature_infos=[0.46953155744187125:299.50425341788491] [0.0034904266098423342:299.34625670459349] [0.59764056572108037:299.66778360998717]
tree_sizes=1563 1381 1584 1065 1072 1071 1376 1069 1889 1175 1169 868 1282 1172 1381 1178 1173 1281 772 879 1179 874 1175 1072 873 974 873 1278 1382 1178 874 1281 1185 871 1175 979 1285 1076 1179 1186 775 982 971 1174 773 876 1079 1388 872 776 772 1177 1176 978 875 1488 1383 1181 984 880 772 1080 977 1281 980 1285 774 778 978 978 1274 778 764 979 777 1289 775 977 985 777 984 1081 1080 1189 877 877 1290 1288 1083 982 1485 1288 1492 1182 1082 779 985 980 1081 1188

Tree=0
num_leaves=14
num_cat=0
split_feature=0 1 2 2 0 0 2 1 1 0 1 1 2
split_gain=4.87025 6.27843 8.92562 4.31176 4.12246 3.06934 3.67945 3.72145 2.94462 4.18889 0.982439 2.54552 1.9858
threshold=172.38727951557777 74.014125626989042 163.63909127725688 30.762588997509642 206.22962239092661 225.80054844387448 223.65981085751784 197.38409967602755 192.16368385870973 187.83541808556302 130.56474140179438 193.69370184903667 198.54798497905878
decision_type=2 2 2 2 2 2 2 2 2 2 2 2 2
left_child=1 2 -1 -3 8 -6 7 -7 9 -2 12 -12 -5
right_child=4 3 -4 10 5 6 -8 -9 -10 -11 11 -13 -14
leaf_value=-0.78431151439812141 -0.77757546130683652 -0.69829729800171425 -0.63034458659732373 -0.78152418208448626 -0.80047804181720517 -0.76902972231043021 -0.64015997824462456 -0.67833094576190567 -0.6085326051588773 -0.64224203101829447 -0.74252049113790486 -0.80236691443661701 -0.86918578334831109
leaf_weight=7.4227441251277906 4.366320073604582 5.676216095685958 7.6410601288080215 6.3311641067266446 6.5494801104068747 14.627172246575361 4.3663200736045829 6.5494801104068747 4.584636077284812 4.8029520809650421 10.697484180331232 21.176652356982231 4.3663200736045837
leaf_count=34 20 26 35 29 30 67 20 30 21 22 49 97 20
internal_value=-0.744596 -0.76257 -0.706212 -0.780166 -0.719774 -0.739404 -0.723745 -0.740979 -0.673969 -0.706687 -0.791082 -0.782281 -0.817304
internal_weight=109.158 63.3116 15.0638 48.2478 45.8464 32.0925 25.543 21.1767 13.7539 9.16927 42.5716 31.8741 10.6975
internal_count=500 290 69 221 210 147 117 97 63 42 195 146 49
is_linear=0
shrinkage=1


Tree=1
num_leaves=12
num_cat=0
split_feature=0 1 2 2 0 0 2 1 0 1 1
split_gain=3.93548 5.10749 6.94685 3.54258 3.21714 2.51455 3.0198 4.18508 2.27439 0.899411 1.23818
threshold=172.38727951557777 74.014125626989042 163.63909127725688 30.762588997509642 206.22962239092661 225.80054844387448 210.34641840116004 197.38409967602755 191.92012754849023 104.53741907066514 202.64273915901882
decision_type=2 2 2 2 2 2 2 2 2 2 2
left_child=1 2 -1 -3 8 -6 7 -7 -2 -5 -11
right_child=4 3 -4 9 5 6 -8 -9 -10 10 -12
leaf_value=-0.036294391798117283 0.026648459631557132 0.040969692199784948 0.098797218077747481 -0.082935920611752478 -0.05139703395106221 -0.032711806333984621 0.080414174083183826 0.065435358828126247 0.10772338623580438 -0.017550714261718017 -0.054263802303616798
leaf_weight=7.3160260915756208 7.9495076835155469 5.7678336501121512 7.9353097081184387 4.8889486044645301 6.4161251485347739 13.200222596526151 6.0424974709749213 6.4760343283414832 6.1269642412662506 17.080895289778709 19.875696122646332
leaf_count=34 36 26 35 23 30 61 27 29 27 79 93
internal_value=-8.31477e-05 -0.0163688 0.0339941 -0.0325009 0.0220714 0.00460842 0.0185803 -0.00040869 0.0619374 -0.0426278 -0.0372955
internal_weight=109.076 62.8647 15.2513 47.6134 46.2114 32.1349 25.7188 19.6763 14.0765 41.8455 36.9566
internal_count=500 290 69 221 210 147 117 90 63 195 172
is_linear=0
shrinkage=0.1


Tree=2
num_leaves=14
num_cat=0
split_feature=0 0 1 2 2 2 1 1 2 2 2 0 1
split_gain=3.21272 3.36105 3.03785 2.60587 4.84062 4.07981 2.51049 2.24909 2.23113 2.55827 1.74503 1.44369 1.17655
threshold=179.94443620883499 206.22962239092661 19.257672086434749 72.455620454177293 125.11634514384032 20.66393760578411 90.320066537509462 62.393779982402855 223.65981085751784 141.03464643844094 132.26341740966947 101.91972238800651 152.60293904491004
decision_type=2 2 2 2 2 2 2 2 2 2 2 2 2
left_child=2 10 -1 5 12 -4 -6 -3 9 -9 -2 -7 -5
right_child=1 7 3 4 6 11 -8 8 -10 -11 -12 -13 -14
leaf_value=0.059279448623232103 0.018649351617557021 0.060394057922434685 -0.059733116488982177 -0.12398654057517987 0.031797499820082654 0.097324849172148148 -0.029012884197781277 0.0057044738292920628 0.053357850879900075 -0.064859871807328912 0.097792437682414385 0.016404211419020438 -0.060437836758319124
leaf_weight=5.1739681810140601 4.5859634280204755 5.812596768140792 4.4335173070430747 4.8953402787446958 9.2905868589878065 4.5194740295410138 25.212790593504906 13.049243256449705 4.7939863353967658 8.4742889702320081 7.0979817658662796 4.304677426815033 7.1959630101919174
leaf_count=23 20 27 20 23 42 21 119 60 21 39 31 20 34
internal_value=-0.000131329 0.0207991 -0.0142341 -0.020589 -0.0317191 0.0185285 -0.0126387 0.00409712 -0.00833686 -0.0220783 0.0667287 0.0578494 -0.0861665
internal_weight=108.84 43.8141 65.0263 59.8523 46.5947 13.2577 34.5034 32.1301 26.3175 21.5235 11.6839 8.82415 12.0913
internal_count=500 198 302 279 218 61 161 147 120 99 51 41 57
is_linear=0
shrinkage=0.1


Tree=3
num_leaves=9
num_cat=0
split_feature=2 2 1 0 2 0 2 0
split_gain=2.82828 5.85219 4.25289 4.20465 3.66067 3.32848 2.9257 1.04907
threshold=20.030750990924158 30.762588997509642 88.486483559120487 174.32738010333679 110.659453519818 206.22962239092661 247.93829759957541 21.29098210005434
decision_type=2 2 2 2 2 2 2 2
left_child=-1 -2 4 7 -3 -5 -6 -4
right_child=1 2 3 5 6 -7 -8 -9
leaf_value=-0.061775345686869654 0.10515118325329831 -0.035887401709348787 0.0032384817444013922 0.066231677984916415 0.069613783329952869 -0.0081305066595262123 -0.017171628989676793 -0.044116118522060259
leaf_weight=6.9748197942972174 5.420320212841033 6.4035417139530209 5.4631816148757926 8.3965009748935717 17.144175678491596 21.260087355971336 5.022515043616294 32.559812471270561
leaf_count=32 24 30 26 36 77 97 22 156
internal_value=-0.000174515 0.00405145 -0.00164199 -0.0152995 0.030711 0.0129232 0.04995 -0.0373122
internal_weight=108.645 101.67 96.2498 67.6796 28.5702 29.6566 22.1667 38.023
internal_count=500 468 444 315 129 133 99 182
is_linear=0
shrinkage=0.1


Tree=4
num_leaves=9
num_cat=0
split_feature=2 2 0 0 1 0 2 1
split_gain=2.34288 4.58554 3.47533 4.45545 3.37014 2.89089 2.56925 1.01599
threshold=20.030750990924158 30.762588997509642 181.9303242257167 210.73388086757711 19.257672086434749 225.80054844387448 160.6815621340877 145.12267585250228
decision_type=2 2 2 2 2 2 2 2
left_child=-1 -2 4 7 -3 -5 -6 -4
right_child=1 2 3 5 6 -7 -8 -9
leaf_value=-0.056945788648784391 0.09170128332770297 0.057300347614093507 0.11057052431027925 -0.073090174718614107 -0.049097109396192738 0.015549926335991488 -0.0047112285716060312 0.046376419704031432
leaf_weight=6.8181448429822913 5.5841769874095908 5.5493686795234671 5.1480649560689908 4.3629303425550487 23.656290128827095 23.483091697096825 29.062952131032944 4.731375515460968
leaf_count=32 24 24 22 21 114 106 137 20
internal_value=-0.000199858 0.00360905 -0.00151546 0.0221315 -0.0168255 0.00166175 -0.0246282 0.0798272
internal_weight=108.396 101.578 95.9941 37.7255 58.2686 27.846 52.7192 9.87944
internal_count=500 468 444 169 275 127 251 42
is_linear=0
shrinkage=0.1


Tree=5
num_leaves=9
num_cat=0
split_feature=2 2 1 0 1 2 2 0
split_gain=1.94057 3.62581 3.16126 3.01888 3.93581 2.92027 2.69868 2.4696
threshold=20.030750990924158 30.762588997509642 88.486483559120487 136.53571952274856 272.90966321874515 241.24637814379039 110.659453519818 77.434208283264113
decision_type=2 2 2 2 2 2 2 2
left_child=-1 -2 6 5 -5 -4 -3 -8
right_child=1 2 3 4 -6 -7 7 -9
leaf_value=-0.052475195960894672 0.080650715817074753 -0.031749533942890255 -0.053370655174770298 -0.0073313517609572311 0.088365144870418494 0.028795820102161571 0.098040900426800873 0.022734404897625043
leaf_weight=6.667246848344802 5.7071969956159583 6.2733235359191921 23.14474277198315 33.453999355435371 4.9312739223241797 5.3196591883897772 5.8932603150606182 16.680603638291359
leaf_count=32 24 30 114 153 22 26 26 73
internal_value=-0.000215811 0.00322021 -0.00139762 -0.013337 0.00496257 -0.0380147 0.0262705 0.0423943
internal_weight=108.071 101.404 95.6969 66.8497 38.3853 28.4644 28.8472 22.5739
internal_count=500 468 444 315 175 140 129 99
is_linear=0
shrinkage=0.1


Tree=6
num_leaves=12
num_cat=0
split_feature=0 0 0 0 0 1 0 1 2 2 2
split_gain=1.69769 1.86953 1.77525 3.30592 4.65235 2.5229 1.74442 1.58169 1.83438 2.19729 1.31621
threshold=181.9303242257167 206.22962239092661 15.463793849455373 35.834191099061641 60.50691758076966 265.81857648771899 24.117229175854217 62.393779982402855 223.65981085751784 141.03464643844094 160.6815621340877
decision_type=2 2 2 2 2 2 2 2 2 2 2
left_child=2 10 -1 6 -5 -6 -4 -3 9 -9 -2
right_child=1 7 3 4 5 -7 -8 8 -10 -11 -12
leaf_value=0.043012373782354077 0.013410444632721672 0.049441762291169949 -0.028312823608762239 0.066689725808749364 -0.028233925550469791 0.041867123004094592 -0.11850436431767999 0.0054210313245864261 0.047945715817478599 -0.060487575996983636 0.083319818936953005
leaf_weight=5.6675938963890067 4.9958301186561567 5.9844607859849921 4.3307284116744977 7.5279296934604636 37.065726101398468 5.9593573659658423 4.2479626536369324 13.014342248439794 4.850849136710166 8.274227559566496 5.8428061455488205
leaf_count=26 21 27 21 36 175 29 21 60 21 39 24
internal_value=-0.000230825 0.015184 -0.010451 -0.0155753 -0.00583495 -0.0185243 -0.0729735 0.00306697 -0.00755026 -0.0201957 0.0510966
internal_weight=107.762 42.9625 64.7993 59.1317 50.553 43.0251 8.57869 32.1239 26.1394 21.2886 10.8386
internal_count=500 192 308 282 240 204 42 147 120 99 45
is_linear=0
shrinkage=0.1


Tree=7
num_leaves=9
num_cat=0
split_feature=2 2 1 0 2 1 2 2
split_gain=1.61259 3.52219 2.49803 2.4638 3.10357 3.02826 2.12025 2.4427
threshold=20.378362049067089 30.762588997509642 88.486483559120487 125.48314475238918 241.24637814379039 272.90966321874515 110.659453519818 247.93829759957541
decision_type=2 2 2 2 2 2 2 2
left_child=-1 -2 6 4 -4 -5 -3 -8
right_child=1 2 3 5 -6 -7 7 -9
leaf_value=-0.045858026918539734 0.084087134509081923 -0.028801226369358824 -0.05227915875054695 -0.0070281233864344372 0.04023387289999994 0.075601454896561018 0.054772635458514386 -0.023797784375778699
leaf_weight=7.2302983403205863 5.0901312679052344 6.1758836954832104 21.115172937512401 35.652072995901108 4.3781180232763282 5.0654604136943808 17.7355090379715 5.0931741297245017
leaf_count=35 21 30 107 165 21 22 77 22
internal_value=-0.000246961 0.00304081 -0.00129186 -0.0120123 -0.0363913 0.0032514 0.0231805 0.0372432
internal_weight=107.536 100.306 95.2154 66.2108 25.4933 40.7175 29.0046 22.8287
internal_count=500 465 444 315 128 187 129 99
is_linear=0
shrinkage=0.1


Tree=8
num_leaves=17
num_cat=0
split_feature=1 0 2 0 2 2 2 0 2 0 0 0 1 0 0 2
split_gain=1.39988 3.73963 5.80755 4.00481 2.64798 3.92247 3.6385 3.84082 2.96877 2.5007 2.28832 3.18896 1.97145 1.77777 1.60075 0.230701
threshold=214.07392736838116 129.05377315667079 150.86455727725061 206.22962239092661 160.6815621340877 72.455620454177293 205.58672896445788 225.80054844387448 99.912682947836672 127.50571743488398 95.372010916838732 196.2700730698555 69.420147776009671 77.434208283264113 73.330894099625837 150.86455727725061
decision_type=2 2 2 2 2 2 2 2 2 2 2 2 2 2 2 2
left_child=4 14 -3 -4 5 10 9 13 -7 -6 -1 -12 -10 -8 15 -2
right_child=1 2 3 -5 6 8 7 -9 12 -11 11 -13 -14 -15 -16 -17
leaf_value=0.081761339590831858 -0.045997270640886961 0.077112221198928521 0.019081041534446279 -0.10716874051618244 0.12093416894866105 -0.096133361988590571 0.036537522837943308 0.074132344325695584 0.036930271829554974 0.030658280471118033 -0.05304771617246018 0.045341824921781723 -0.044415194202706759 -0.034090864343529106 -0.099566151079717058 -0.012238913472595592
leaf_weight=4.7208572179079082 4.1300321966409701 7.7619452178478268 5.5771655142307264 4.5726029276847839 5.4343064874410612 6.7924348264932659 4.6781397461891236 6.002862572669982 4.7288155704736701 7.0481192469596863 6.0289153903722745 7.2623997628688812 8.0530983209609968 14.961823448538778 5.4444997757673255 3.9705182611942291
leaf_count=22 21 35 25 21 25 34 21 26 21 32 28 34 39 68 28 20
internal_value=-0.000253379 -0.0179845 0.0119988 -0.0377961 0.00711355 -0.0117215 0.0256824 0.00412873 -0.0427101 0.0699605 0.0219548 0.000712515 -0.0143205 -0.0172675 -0.0576338 -0.0294505
internal_weight=107.169 31.4568 17.9117 10.1498 75.7118 37.5865 38.1253 25.6428 19.5743 12.4824 18.0122 13.2913 12.7819 19.64 13.5451 8.10055
internal_count=500 150 81 46 350 178 172 115 94 57 84 62 60 89 69 41
is_linear=0
shrinkage=0.1


Tree=9
num_leaves=10
num_cat=0
split_feature=2 2 0 0 1 0 2 1 2
split_gain=1.40293 2.26715 1.95229 3.00229 2.09736 1.91368 1.47566 0.91851 0.192276
threshold=20.030750990924158 30.762588997509642 181.9303242257167 210.73388086757711 38.012552397760651 225.80054844387448 241.24637814379039 145.12267585250228 165.23486111938522
decision_type=2 2 2 2 2 2 2 2 2
left_child=-1 -2 4 7 8 -5 -6 -4 -3
right_child=1 2 3 5 6 -7 -8 -9 -10
leaf_value=-0.045638550129266493 0.063016400093334771 0.014722090060646655 0.091736344105767517 -0.063669883072657113 -0.031075276404150882 0.010337276257641097 0.010969639074500159 0.031414317666724555 0.043556853754147327
leaf_weight=6.416174665093421 5.8480201065540305 4.2434241324663144 5.3071637004613859 4.0968496054410961 36.473299190402031 23.744243696331978 10.825050964951513 4.8138702511787415 5.0822506099939346
leaf_count=32 24 20 22 21 183 106 51 20 21
internal_value=-0.000303664 0.00259253 -0.00114333 0.0164029 -0.0129067 -0.000552964 -0.0214526 0.0630454 0.0304363
internal_weight=106.85 100.434 94.5862 37.9621 56.624 27.8411 47.2984 10.121 9.32567
internal_count=500 468 444 169 275 127 234 42 41
is_linear=0
shrinkage=0.1


Tree=10
num_leaves=10
num_cat=0
split_feature=1 1 2 2 0 1 2 2 2
split_gain=1.18961 2.46245 1.44492 1.65371 3.26412 1.70228 0.972725 2.2805 1.0597
threshold=287.7104588193327 229.7494024967171 276.26416943399005 229.64336664121336 270.38047354534842 129.21467355092076 135.23225387582181 79.33669351259951 201.5909470038354
decision_type=2 2 2 2 2 2 2 2 2
left_child=1 2 3 4 -1 -5 7 -3 -8
right_child=-2 6 -4 5 -6 -7 8 -9 -10
leaf_value=0.01637512252833535 0.04463034561325438 -0.053794182728650199 0.059086648185430218 -0.0565368711621861 -0.058269074310035231 0.018610453103281289 -0.092468550045408895 0.045816548971302079 -0.029039367717164991
leaf_weight=55.973528400063515 5.5849915295839301 5.2343567460775393 4.6671163141727439 8.6367006599903089 6.543147310614585 4.6306027770042411 4.3320107161998731 4.0975755751132965 6.7194329649209976
leaf_count=264 27 25 21 38 30 21 22 20 32
internal_value=-0.000294343 -0.00278262 0.00508334 0.00175757 0.00856268 -0.0303087 -0.0338287 -0.0100559 -0.0539027
internal_weight=106.419 100.834 80.4511 75.784 62.5167 13.2673 20.3834 9.33193 11.0514
internal_count=500 473 374 353 294 59 99 45 54
is_linear=0
shrinkage=0.1


Tree=11
num_leaves=7
num_cat=0
split_feature=2 2 0 0 0 0
split_gain=1.13824 2.2494 1.76222 4.73547 2.38136 1.68004
threshold=20.378362049067089 30.762588997509642 37.390205503237262 21.29098210005434 49.759415318859119 176.91997847527858
decision_type=2 2 2 2 2 2
left_child=-1 -2 3 -3 -4 -6
right_child=1 2 4 -5 5 -7
leaf_value=-0.039349223209923324 0.066554684422545127 0.01143207832682617 0.075613859254244339 -0.11398929181986167 -0.015352888093457365 0.014249031199256907
leaf_weight=6.9723352938890448 5.187792479991912 8.0474675148725492 4.4341270476579657 4.809490129351615 36.380821689963341 40.533638313412666
leaf_count=35 21 38 21 26 178 181
internal_value=-0.000291629 0.00244822 -0.00108205 -0.0354852 0.00435528 0.000247215
internal_weight=106.366 99.3933 94.2055 12.857 81.3486 76.9145
internal_count=500 465 444 64 380 359
is_linear=0
shrinkage=0.1


Tree=12
num_leaves=11
num_cat=0
split_feature=1 1 1 2 2 1 1 1 1 0
split_gain=1.08074 2.05803 1.90323 1.50741 2.94153 2.3848 4.32601 1.57866 0.92543 0.686826
threshold=287.7104588193327 242.86706865257113 265.81857648771899 160.6815621340877 205.58672896445788 203.61502995677282 154.07060473696194 202.64273915901882 119.96761404132407 144.75148952961567
decision_type=2 2 2 2 2 2 2 2 2 2
left_child=1 3 -3 5 8 6 -1 -6 -5 -7
right_child=-2 2 -4 4 7 9 -8 -9 -10 -11
leaf_value=-0.0036212987610255275 0.042535670244186391 -0.077975128174508482 -0.0039516599752360227 0.080292419112629035 0.0077330668378063974 0.0071453082804752727 -0.090530592108443317 -0.058028069882857594 0.02920517550891108 0.064708970215543518
leaf_weight=27.70904441177845 5.5831014513969413 6.4782138466835004 7.4883518517017365 6.7755676507949811 24.773522675037388 3.8728511631488782 7.2196503281593314 4.2813396602869025 7.4387171119451523 4.4595048874616623
leaf_count=133 27 33 36 29 111 20 35 20 36 20
internal_value=-0.000287859 -0.00266692 -0.0382865 0.00308232 0.0162798 -0.0101176 -0.0215852 -0.00195708 0.0535571 0.0379536
internal_weight=106.08 100.497 13.9666 86.5302 43.2691 43.2611 34.9287 29.0549 14.2143 8.33236
internal_count=500 473 69 404 196 208 168 131 65 40
is_linear=0
shrinkage=0.1


Tree=13
num_leaves=10
num_cat=0
split_feature=2 2 2 1 1 1 2 2 0
split_gain=0.924873 1.29184 2.86665 3.83633 3.06372 2.3683 1.81018 1.91198 1.54235
threshold=14.113652979727922 72.455620454177293 99.912682947836672 206.21119634007053 47.372471912317359 130.56474140179438 53.776330147060627 30.762588997509642 160.0494509690856
decision_type=2 2 2 2 2 2 2 2 2
left_child=-1 6 3 -3 8 -6 7 -2 -4
right_child=1 2 4 -5 5 -7 -8 -9 -10
leaf_value=-0.045092476412424962 0.035352201715528775 -0.10326953097394463 0.077581501306241599 0.020706713229215041 -0.0351701429366734 0.0077466486571347694 0.065283701359033261 -0.041206970567009234 0.010774885845600907
leaf_weight=4.4155087769031516 7.6099887043237704 6.169828072190283 7.173433840274809 4.191699355840683 19.631572306156158 37.268179833889008 7.0206938982009879 5.7093817293643951 6.6680452972650528
leaf_count=23 33 33 30 21 91 181 33 27 28
internal_value=-0.000290324 0.00165978 -0.00399157 -0.0531156 0.00320367 -0.00706052 0.0241937 0.00253492 0.0453978
internal_weight=105.858 101.443 81.1028 10.3615 70.7412 56.8998 20.3401 13.3194 13.8415
internal_count=500 477 384 54 330 272 93 60 58
is_linear=0
shrinkage=0.1


Tree=14
num_leaves=12
num_cat=0
split_feature=1 1 0 2 0 1 0 0 0 0 1
split_gain=0.896002 2.75912 2.57363 3.68013 3.29729 2.20411 1.77573 2.26404 2.1186 1.73977 0.430516
threshold=212.10944470836219 187.22847314232641 129.05377315667079 150.86455727725061 206.22962239092661 168.26742826253428 77.434208283264113 35.834191099061641 187.83541808556302 73.330894099625837 253.4356655594334
decision_type=2 2 2 2 2 2 2 2 2 2 2
left_child=1 5 9 -4 -5 6 7 -1 -8 10 -2
right_child=2 -3 3 4 -6 -7 8 -9 -10 -11 -12
leaf_value=-0.0048142442138146332 0.004063323158128818 0.061838836458938333 0.057904247841498807 0.019510678453022953 -0.097380279568519829 -0.065362515301041077 -0.026097175465949769 0.077401542670606838 0.016105220178190962 -0.092786353172955804 -0.041586202879579572
leaf_weight=6.6758752614259702 4.0914373546838778 7.8403370231389991 8.5681043267250079 5.4949377775192243 4.3029197603464127 4.9109254330396643 23.54707233607769 6.7220827490091324 24.039058610796928 5.206969127058982 4.1731164455413818
leaf_count=32 21 36 38 25 21 24 113 31 108 29 22
internal_value=-0.000294445 0.0057591 -0.0143144 0.010036 -0.0318243 -0.000913391 0.00427657 0.0364354 -0.00477782 -0.0475117 -0.018987
internal_weight=105.573 73.7354 31.8375 18.366 9.79786 65.895 60.9841 13.398 47.5861 13.4715 8.26455
internal_count=500 344 156 84 46 308 284 63 221 72 43
is_linear=0
shrinkage=0.1


Tree=15
num_leaves=10
num_cat=0
split_feature=1 1 0 0 0 1 1 0 2
split_gain=0.920049 1.699 1.90793 2.84596 2.46303 1.7829 1.83372 1.46499 1.36466
threshold=287.7104588193327 214.07392736838116 129.05377315667079 73.330894099625837 203.36858946113617 187.22847314232641 168.26742826253428 83.427086374832911 160.6815621340877
decision_type=2 2 2 2 2 2 2 2 2
left_child=1 5 3 -3 -4 6 7 -1 -7
right_child=-2 2 4 -5 -6 8 -8 -9 -10
leaf_value=0.030564839475743594 0.039160144759126853 -0.014967679080413807 0.035744929627676801 -0.12700058304123288 -0.044793541041699865 0.0078278977182349926 -0.060449523486488514 -0.0051516337235019563 0.084463285952202954
leaf_weight=15.343939945101736 5.5927536934614173 5.541391462087633 7.8013642877340299 3.8378382921218872 7.3980943262577057 4.6716437935829145 4.7857748419046393 45.652547150850296 4.6230782270431519
leaf_count=72 27 29 36 23 35 21 24 212 21
internal_value=-0.000307011 -0.00252194 -0.0253422 -0.0608098 -0.00345589 0.00494894 -0.000843661 0.00383301 0.0459454
internal_weight=105.248 99.6557 24.5787 9.37923 15.1995 75.077 65.7823 60.9965 9.29472
internal_count=500 473 123 52 71 350 308 284 42
is_linear=0
shrinkage=0.1


Tree=16
num_leaves=10
num_cat=0
split_feature=0 0 0 0 1 1 0 1 2
split_gain=0.852679 4.80423 1.83675 1.49059 4.06018 3.81408 1.96904 1.60484 0.72247
threshold=35.834191099061641 23.40411619877397 57.526448525396283 125.48314475238918 81.09614677729634 145.12267585250228 137.52354756158209 24.938107296192623 148.10317233982903
decision_type=2 2 2 2 2 2 2 2 2
left_child=1 8 -2 4 -4 -6 -5 -8 -1
right_child=2 -3 3 6 5 -7 7 -9 -10
leaf_value=0.04484874664636742 0.051957099806733104 -0.11162017881498443 0.036873400043802733 0.064627719792972424 -0.13707510010441379 -0.020698681366720949 -0.052214865545874192 0.0062581419748838317 -0.010847033787007306
leaf_weight=4.5818759202957136 7.1143602877855292 4.2632282972335807 6.9258826225996044 5.3316591680049887 4.145086556673049 8.7840919345617277 5.1404369771480551 54.017928302288055 4.7368243932723999
leaf_count=22 33 24 31 27 22 49 22 248 22
internal_value=-0.00030958 -0.0236897 0.00316241 -0.000953331 -0.0249119 -0.0580089 0.00642297 0.00117726 0.0165378
internal_weight=105.041 13.5819 91.4594 84.3451 19.8551 12.9292 64.49 59.1584 9.3187
internal_count=500 68 432 399 102 71 297 270 44
is_linear=0
shrinkage=0.1


Tree=17
num_leaves=11
num_cat=0
split_feature=1 1 1 2 2 1 1 0 1 0
split_gain=0.841862 1.46437 1.59593 1.05565 2.20726 1.8001 3.64409 1.66619 0.804266 0.295936
threshold=287.7104588193327 242.86706865257113 265.81857648771899 160.6815621340877 205.58672896445788 203.61502995677282 162.70940945515011 256.19399523430815 119.96761404132407 144.75148952961567
decision_type=2 2 2 2 2 2 2 2 2 2
left_child=1 3 -3 5 8 6 -1 -6 -5 -7
right_child=-2 2 -4 4 7 9 -8 -9 -10 -11
leaf_value=-0.0043268467104628974 0.037456977819329447 -0.070891893886917703 -0.0016269126688037427 0.070304188085355782 -0.013069411226803818 0.011951762011550789 -0.091672663516824848 0.052312763884911684 0.022925949788535436 0.049917518267088165
leaf_weight=28.521850511431694 5.5843617916107169 6.1091649383306486 7.3031030744314194 6.8110805600881559 24.271707296371464 3.7140765488147718 5.7372477799653998 4.643340826034545 7.5597626864910126 4.5909805744886398
leaf_count=139 27 33 36 29 111 20 29 20 36 20
internal_value=-0.000321856 -0.00244724 -0.0331765 0.00235356 0.0133496 -0.00882899 -0.0189543 -0.00256997 0.0453809 0.032939
internal_weight=104.847 99.2623 13.4123 85.85 43.2859 42.5642 34.2591 28.915 14.3708 8.30506
internal_count=500 473 69 404 196 208 168 131 65 40
is_linear=0
shrinkage=0.1


Tree=18
num_leaves=6
num_cat=0
split_feature=1 1 1 1 1
split_gain=0.817462 2.62486 2.1116 2.39826 1.83731
threshold=11.038486303550068 18.044276736757883 29.580444039412132 47.372471912317359 60.680279836278082
decision_type=2 2 2 2 2
left_child=-1 -2 -3 -4 -5
right_child=1 2 3 4 -6
leaf_value=-0.041385563130556705 0.08675650722307858 -0.073336764217910175 0.061490358327381991 -0.074833659455158477 0.00018247570250891094
leaf_weight=4.6314856559038153 3.4922904074192038 3.924755945801734 6.2264395356178275 3.3987619727849951 82.907814487814903
leaf_count=20 15 18 27 15 405
internal_value=-0.000314336 0.00158882 -0.00149471 0.00155245 -0.00277167
internal_weight=104.582 99.9501 96.4578 92.533 86.3066
internal_count=500 480 465 447 420
is_linear=0
shrinkage=0.1


Tree=19
num_leaves=7
num_cat=0
split_feature=0 0 0 2 2 1
split_gain=0.776178 2.88835 2.16943 1.24919 3.24047 2.41866
threshold=284.43437993797289 270.38047354534842 256.19399523430815 123.12938570558681 183.08312581423658 104.53741907066514
decision_type=2 2 2 2 2 2
left_child=1 2 3 5 -5 -1
right_child=-2 -3 -4 4 -6 -7
leaf_value=-0.053643776215611706 0.039730260380642916 -0.080971961485043056 0.058711101030377945 0.044313524460331336 -0.0090790864995337634 0.0015436460965856259
leaf_weight=11.950783520936964 4.6308989673852912 4.4420327991247168 6.2017302066087714 16.345617711544037 37.319628089666367 23.670587956905365
leaf_count=60 21 21 27 77 175 119
internal_value=-0.000292893 -0.00214762 0.00151922 -0.00245325 0.00718349 -0.0169714
internal_weight=104.561 99.9304 95.4883 89.2866 53.6652 35.6214
internal_count=500 479 458 431 252 179
is_linear=0
shrinkage=0.1


Tree=20
num_leaves=10
num_cat=0
split_feature=1 1 0 1 2 2 2 1 0
split_gain=0.681207 1.77276 1.75472 3.05331 1.55687 1.50067 2.64402 2.44322 1.3125
threshold=212.10944470836219 187.22847314232641 108.62331487352303 277.88650127428036 135.23225387582181 269.03909468646674 247.93829759957541 162.70940945515011 55.470964899353078
decision_type=2 2 2 2 2 2 2 2 2
left_child=1 5 8 4 -4 6 7 -1 -2
right_child=2 -3 3 -5 -6 -7 -8 -9 -10
leaf_value=0.0075585686451835879 -0.016982449696005784 0.049229143437560983 0.011013286847755502 0.066501268919109971 -0.05493143886328386 0.05112335229118066 -0.075109202658609209 -0.069825243908261572 -0.087725942423044531
leaf_weight=50.697017565369606 6.6647349894046801 8.0581414699554426 7.6754509955644625 5.743701070547103 6.7096625566482544 5.1862322241067877 4.9296296387910834 4.4371194988489142 4.3240652978420258
leaf_count=238 36 36 36 25 34 23 23 24 25
internal_value=-0.000283895 0.00497825 -0.0126807 0.00486486 -0.0197454 -0.000486575 -0.00494286 0.00133083 -0.0448198
internal_weight=104.426 73.3081 31.1176 20.1288 14.3851 65.25 60.0638 55.1341 10.9888
internal_count=500 344 156 95 70 308 285 262 61
is_linear=0
shrinkage=0.1


Tree=21
num_leaves=7
num_cat=0
split_feature=2 2 2 2 1 2
split_gain=0.662575 1.9326 1.35949 2.05738 2.75862 2.24437
threshold=20.378362049067089 27.518770862137782 42.474972451177031 72.455620454177293 150.55623282753814 83.12578268333489
decision_type=2 2 2 2 2 2
left_child=-1 -2 -3 4 -4 -5
right_child=1 2 3 5 -6 -7
leaf_value=-0.031005116340922345 0.072978012141197576 -0.058422420612029527 0.093147251151985549 -0.065819777722490355 -0.010736127424890935 0.0006499371660026674
leaf_weight=6.5771806687116614 3.6697448939084998 3.9490189403295508 5.3703967928886396 5.4529636502265921 4.878152146935463 74.231365844607353
leaf_count=35 15 18 25 30 23 354
internal_value=-0.000284539 0.00178672 -0.000996072 0.00152556 0.0437004 -0.00389872
internal_weight=104.129 97.5516 93.8819 89.9329 10.2485 79.6843
internal_count=500 465 450 432 48 384
is_linear=0
shrinkage=0.1


Tree=22
num_leaves=10
num_cat=0
split_feature=0 0 0 0 1 1 2 0 2
split_gain=0.624129 3.74636 1.79414 1.01167 3.19896 3.57582 1.84539 2.75606 0.556345
threshold=37.390205503237262 23.40411619877397 57.526448525396283 125.48314475238918 81.09614677729634 145.12267585250228 260.49338998216143 137.52354756158209 148.10317233982903
decision_type=2 2 2 2 2 2 2 2 2
left_child=1 8 -2 4 -4 -6 7 -5 -1
right_child=2 -3 3 6 5 -7 -8 -9 -10
leaf_value=0.041217213371127222 0.053216823483134515 -0.093969193354810729 0.033177701796525447 0.087561380708893757 -0.13223021398605556 -0.015729083130606374 -0.04144840168652042 0.0046814164612581886 -0.0077936788119284412
leaf_weight=4.601955905556677 6.5371567308902732 4.584945708513259 6.9024609476327923 4.3448078483343116 3.8193433731794348 8.4934236332774145 7.5993323326110831 52.421587958931923 4.6628865152597427
leaf_count=22 30 27 31 22 22 49 34 241 22
internal_value=-0.000272894 -0.0200368 0.00276451 -0.00118154 -0.0213174 -0.051867 0.00482966 0.0110249 0.0165506
internal_weight=103.968 13.8498 90.1181 83.581 19.2152 12.3128 64.3657 56.7664 9.26484
internal_count=500 71 429 399 102 71 297 263 44
is_linear=0
shrinkage=0.1


Tree=23
num_leaves=9
num_cat=0
split_feature=1 1 2 2 0 0 0 0
split_gain=0.701723 1.15362 1.07898 1.09766 2.21638 0.711172 1.47809 1.51756
threshold=287.7104588193327 229.7494024967171 276.26416943399005 247.93829759957541 270.38047354534842 73.330894099625837 136.53571952274856 203.36858946113617
decision_type=2 2 2 2 2 2 2 2
left_child=1 2 3 4 -1 -3 -7 -8
right_child=-2 5 -4 -5 -6 6 7 -9
leaf_value=0.0097795363431887813 0.034387207852482587 0.013104844014246145 0.049498765191626722 -0.038122955998506763 -0.052569592038964365 -0.094404571463249445 0.019685673567986006 -0.052133696906475895
leaf_weight=61.39891379326582 5.5258581042289725 4.0015777125954655 4.7085202038288108 6.8122186958789817 6.2850342094898215 3.2185802087187758 5.6145442277193052 6.1812637150287628
leaf_count=291 27 22 21 32 30 21 26 30
internal_value=-0.00028628 -0.002237 0.00307324 0.000138924 0.00398989 -0.024355 -0.0343387 -0.0179493
internal_weight=103.747 98.2207 79.2047 74.4962 67.6839 19.016 15.0144 11.7958
internal_count=500 473 374 353 321 99 77 56
is_linear=0
shrinkage=0.1


Tree=24
num_leaves=7
num_cat=0
split_feature=0 0 0 2 0 2
split_gain=0.775202 2.53317 2.02855 1.21296 2.12674 1.93334
threshold=281.84760953457356 267.97694999440756 256.19399523430815 265.66680206457141 137.52354756158209 123.12938570558681
decision_type=2 2 2 2 2 2
left_child=1 2 3 5 -5 -1
right_child=-2 -3 -4 4 -6 -7
leaf_value=-0.016262035210252948 0.037353109269012731 -0.077534374812319881 0.059498717565213438 0.01245798518241663 -0.087370530232430466 0.015062836261785218
leaf_weight=35.172444395720959 5.1995767802000037 4.2769947350025168 5.6043706089258185 4.1918010264635068 4.3472535461187363 44.797311380505562
leaf_count=179 24 21 24 20 20 212
internal_value=-0.000277463 -0.00226611 0.00115448 -0.00253988 -0.038365 0.00128547
internal_weight=103.59 98.3902 94.1132 88.5088 8.53905 79.9698
internal_count=500 476 455 431 40 391
is_linear=0
shrinkage=0.1


Tree=25
num_leaves=8
num_cat=0
split_feature=1 1 2 2 1 1 1
split_gain=0.658243 1.33824 1.35953 3.23633 2.73683 3.44955 1.75538
threshold=11.038486303550068 19.257672086434749 241.24637814379039 228.47309331476129 202.64273915901882 130.56474140179438 29.580444039412132
decision_type=2 2 2 2 2 2 2
left_child=-1 -2 3 6 5 -4 -3
right_child=1 2 4 -5 -6 -7 -8
leaf_value=-0.037405566962191272 0.056613501035323727 -0.075304557385517112 0.0061186370795678026 -0.089813660326293565 -0.029876483135403444 0.12101023714332731 0.0016807583351951855
leaf_weight=4.5616749823093405 4.2101112604141226 3.0913899987936011 6.1213572919368762 4.4018534272909156 5.8602270334959021 4.5599986165761948 70.649617567658424
leaf_count=20 18 15 29 21 28 20 349
internal_value=-0.000265836 0.0014473 -0.00100565 -0.0065188 0.0250386 0.0551672 -0.00154664
internal_weight=103.456 98.8946 94.6844 78.1429 16.5416 10.6814 73.741
internal_count=500 480 462 385 77 49 364
is_linear=0
shrinkage=0.1


Tree=26
num_leaves=7
num_cat=0
split_feature=0 0 0 2 0 2
split_gain=0.575328 2.16702 1.54717 1.09515 1.77178 1.62141
threshold=281.84760953457356 267.97694999440756 256.19399523430815 265.66680206457141 137.52354756158209 123.12938570558681
decision_type=2 2 2 2 2 2
left_child=1 2 3 5 -5 -1
right_child=-2 -3 -4 4 -6 -7
leaf_value=-0.014641490446820758 0.031945582510092975 -0.072640277326760858 0.051823644214449661 0.009568023938303612 -0.081938587999684995 0.01408671669286804
leaf_weight=34.925144664943218 5.2656243145465842 4.1568605303764334 5.6603465825319281 4.2203079015016538 4.2435639798641205 44.907391272485256
leaf_count=179 24 21 24 20 20 212
internal_value=-0.000256264 -0.00198449 0.00114148 -0.00210756 -0.036311 0.0015187
internal_weight=103.379 98.1136 93.9568 88.2964 8.46387 79.8325
internal_count=500 476 455 431 40 391
is_linear=0
shrinkage=0.1


Tree=27
num_leaves=11
num_cat=0
split_feature=0 0 0 1 0 1 0 2 1 2
split_gain=0.560211 3.66268 1.27933 2.77527 2.53042 1.92741 1.21553 1.09594 1.06961 0.532847
threshold=35.834191099061641 23.40411619877397 83.427086374832911 95.078541748563524 108.62331487352303 277.88650127428036 57.526448525396283 211.81360502432941 145.12267585250228 148.10317233982903
decision_type=2 2 2 2 2 2 2 2 2 2
left_child=1 9 3 -2 8 7 -5 -6 -4 -1
right_child=2 -3 4 6 5 -7 -8 -9 -10 -11
leaf_value=0.038114659889073393 0.093438391585362296 -0.10261035192558583 -0.085348629207478238 0.031071317081615618 -0.010210813537042462 0.059139243696170511 -0.040865891747734813 0.01862830499182096 -0.011715848479184002 -0.0096954198559765416
leaf_weight=4.6396560817956907 4.6532526910305014 3.7791568338870993 4.817819379270075 5.302854120731352 43.049029275774956 5.74954068660736 4.2165852338075638 18.990070477128029 3.3407828137278557 4.6850269734859467
leaf_count=22 20 24 25 25 206 25 24 87 20 22
internal_value=-0.000244557 -0.0195641 0.00256459 0.0301456 -0.00258237 0.00375005 -0.000792888 -0.0013832 -0.0551975 0.0140933
internal_weight=103.224 13.1038 90.1199 14.1727 75.9472 67.7886 9.51944 62.0391 8.1586 9.32468
internal_count=500 68 432 69 363 318 49 293 45 44
is_linear=0
shrinkage=0.1


Tree=28
num_leaves=12
num_cat=0
split_feature=2 0 0 2 1 1 1 1 1 1 0
split_gain=0.548056 2.50609 2.19497 1.62062 1.75497 2.72406 1.57088 1.47341 1.33052 1.22691 1.07202
threshold=72.455620454177293 249.4605837092225 137.52354756158209 83.12578268333489 47.372471912317359 130.56474140179438 195.94356710148469 88.486483559120487 107.12257549057726 29.580444039412132 195.67738622061185
decision_type=2 2 2 2 2 2 2 2 2 2 2
left_child=1 2 8 -2 9 7 -7 -6 -1 -5 -4
right_child=3 -3 10 4 5 6 -8 -9 -10 -11 -12
leaf_value=-0.014368385659189024 -0.058498317050937269 0.080285550139725492 -0.06714517447543604 0.01000491148269227 -0.010528533048956956 0.031396010587558185 -0.0091869354424016208 -0.0649503623164117 0.061153530994660504 0.072270872419768248 -0.0010612391369020252
leaf_weight=3.870344236493116 5.1529496088623992 4.4960186332464209 5.1753779202699643 9.2637825310230237 9.7917076200246829 15.971508100628851 23.678280211985111 10.11270562559366 5.8720564246177673 4.8064345121383658 4.6696553975343704
leaf_count=20 30 21 24 39 44 76 123 52 29 20 22
internal_value=-0.000246948 0.0129547 -0.00250012 -0.0042829 -0.000488382 -0.00799281 0.00716046 -0.0381783 0.0311511 0.0312752 -0.0358005
internal_weight=102.861 24.0835 19.5874 78.7774 73.6244 59.5542 39.6498 19.9044 9.7424 14.0702 9.84503
internal_count=500 116 95 384 354 295 199 96 49 59 46
is_linear=0
shrinkage=0.1


Tree=29
num_leaves=10
num_cat=0
split_feature=1 1 2 2 1 1 0 0 0
split_gain=0.544054 0.651943 1.80073 1.49979 1.68977 2.2332 1.56882 2.75672 1.36024
threshold=11.038486303550068 47.372471912317359 135.23225387582181 89.750530221247018 130.56474140179438 202.64273915901882 254.33696017058534 184.18072401219322 200.35870230450507
decision_type=2 2 2 2 2 2 2 2 2
left_child=-1 2 -2 6 8 -6 7 -3 -5
right_child=1 3 -4 4 5 -7 -8 -9 -10
leaf_value=-0.034246484439333251 -0.027550307118563877 0.032003166878448022 0.048717082440991114 -0.055049485785171416 0.027809858955582641 -0.020969075340479579 0.070112782613332578 -0.041591713501807522 -0.00044564718182913489
leaf_weight=4.500935584306716 4.7950260937213889 14.659550562500959 8.7359205186367017 12.381596490740778 17.231954857707024 20.612578712403774 4.6771788969635955 7.7968085706233969 7.2238905578851691
leaf_count=20 24 76 36 62 81 109 22 36 34
internal_value=-0.000250313 0.00130924 0.0216898 -0.00195107 -0.0111023 0.0012417 0.0174249 0.00645115 -0.03493
internal_weight=102.615 98.1145 13.5309 84.5836 57.45 37.8445 27.1335 22.4564 19.6055
internal_count=500 480 60 420 286 190 134 112 96
is_linear=0
shrinkage=0.1


Tree=30
num_leaves=7
num_cat=0
split_feature=1 1 2 0 0 0
split_gain=0.539805 0.902806 1.06229 0.76455 1.78621 1.64889
threshold=287.7104588193327 253.4356655594334 129.14448915369755 15.463793849455373 35.834191099061641 60.50691758076966
decision_type=2 2 2 2 2 2
left_child=1 3 -3 -1 -5 -6
right_child=-2 2 -4 4 5 -7
leaf_value=0.038378861992524924 0.030293921512187849 0.0084403116506010581 -0.056917788226703306 -0.059311595700636682 0.047925504189237689 -0.0020374310827101839
leaf_weight=5.2390541136264792 5.4783549308776847 4.227125905454157 6.0403048992156982 4.9399493336677542 7.3023196309804908 69.207811526954174
leaf_count=23 27 21 33 29 33 334
internal_value=-0.000245305 -0.00197087 -0.0300097 0.00135004 -0.00103174 0.00273116
internal_weight=102.435 96.9566 10.2674 86.6891 81.4501 76.5101
internal_count=500 473 54 419 396 367
is_linear=0
shrinkage=0.1


Tree=31
num_leaves=11
num_cat=0
split_feature=0 0 0 1 0 1 0 2 1 0
split_gain=0.498066 2.34511 1.00309 2.13996 2.08662 1.61678 1.16999 1.03142 0.797862 0.67953
threshold=40.325108204044405 23.40411619877397 83.427086374832911 95.078541748563524 108.62331487352303 277.88650127428036 57.526448525396283 53.776330147060627 145.12267585250228 13.408172671699665
decision_type=2 2 2 2 2 2 2 2 2 2
left_child=1 9 3 -2 8 7 -5 -6 -4 -1
right_child=2 -3 4 6 5 -7 -8 -9 -10 -11
leaf_value=-0.012946119852361307 0.082432177779170168 -0.074864912323090282 -0.077544464116340167 0.035762523613309442 -0.0291543561816494 0.054541844892431447 -0.039717054417793031 0.0050388149498250979 -0.0133562800927793 0.041378765220086849
leaf_weight=5.1219146996736509 4.6651081442832938 4.7525417506694785 4.5740675106644622 4.0646355450153333 10.668254256248472 5.7553058266639701 4.1508410573005676 50.970042489469051 3.3582760989665985 4.1830585896968842
leaf_count=23 20 30 25 19 53 25 24 240 20 21
internal_value=-0.000232735 -0.0177142 0.0025533 0.0283417 -0.00185647 0.00385359 -0.00237327 -0.000879282 -0.0503694 0.0114757
internal_weight=102.264 14.0575 88.2065 12.8806 75.3259 67.3936 8.21548 61.6383 7.93234 9.30497
internal_count=500 74 426 63 363 318 43 293 45 44
is_linear=0
shrinkage=0.1


Tree=32
num_leaves=10
num_cat=0
split_feature=1 1 1 2 2 0 1 0 0
split_gain=0.459967 0.632359 1.75791 1.26473 2.25559 1.2619 1.52177 0.873827 0.728046
threshold=11.038486303550068 88.486483559120487 103.14602809933859 27.518770862137782 61.44739831586552 77.434208283264113 59.421146902122231 172.38727951557777 187.83541808556302
decision_type=2 2 2 2 2 2 2 2 2
left_child=-1 5 -3 -4 -5 -2 8 -8 -7
right_child=1 2 3 4 -6 6 7 -9 -10
leaf_value=-0.031648277397150634 0.056277768001358357 -0.063123900191898161 0.042502137983962941 -0.059783781626045765 0.00268705754393484 -0.041940711970119421 -0.00062003743063804859 0.061968019238320862 0.0062602434407797308
leaf_weight=4.4560185372829428 5.6354538202285793 4.6652456149458876 6.4366634041070929 6.4930558055639258 52.606996797025204 6.6841061636805552 3.9845654815435392 5.0679151862859726 5.8993559628725052
leaf_count=20 26 24 31 31 268 31 20 24 25
internal_value=-0.000229955 0.00120634 -0.00381382 0.000408177 -0.00417633 0.0141292 0.00315093 0.0344191 -0.0193432
internal_weight=101.929 97.4734 70.202 65.5367 59.1001 27.2714 21.6359 9.05248 12.5835
internal_count=500 480 354 330 299 126 100 44 56
is_linear=0
shrinkage=0.1


Tree=33
num_leaves=7
num_cat=0
split_feature=2 2 2 2 1 2
split_gain=0.510877 1.45181 2.04948 1.74837 2.02113 1.37313
threshold=20.378362049067089 30.762588997509642 42.474972451177031 72.455620454177293 150.55623282753814 99.912682947836672
decision_type=2 2 2 2 2 2
left_child=-1 -2 -3 4 -4 -5
right_child=1 2 3 5 -6 -7
leaf_value=-0.027529908105891482 0.053882482317429016 -0.0947153682465941 0.081229738630909737 -0.04014252384175801 -0.0078394187465756181 0.00089842855398320853
leaf_weight=6.4188475161790839 5.0339640974998465 2.2889093309640876 5.4988537728786451 9.2520762681961042 4.7469320893287659 68.576251655817032
leaf_count=35 21 12 25 54 23 330
internal_value=-0.000221933 0.0016155 -0.0012962 0.00113162 0.0399635 -0.00398044
internal_weight=101.816 95.397 90.363 88.0741 10.2458 77.8283
internal_count=500 465 444 432 48 384
is_linear=0
shrinkage=0.1


Tree=34
num_leaves=10
num_cat=0
split_feature=0 0 0 2 2 2 0 1 0
split_gain=0.514537 1.45632 1.35135 0.957148 3.1713 1.49759 1.21262 1.37385 0.619891
threshold=44.804903316182781 23.40411619877397 57.526448525396283 229.64336664121336 211.81360502432941 202.94506065740777 200.73339004007804 83.964655698490006 13.408172671699665
decision_type=2 2 2 2 2 2 2 2 2
left_child=1 8 -2 4 5 -4 7 -5 -1
right_child=2 -3 3 6 -6 -7 -8 -9 -10
leaf_value=-0.01489349920355593 0.059205021169683764 -0.053040312905061816 0.0030623050929887725 0.0065541709156453874 0.073523959801762143 -0.05811701862562238 0.0203282657964113 -0.061598305797569086 0.036831613142858037
leaf_weight=5.1147594451904279 4.0534157156944266 6.5179986804723731 53.087667718529701 4.6420967578887966 6.2383562028408042 4.3272846192121497 5.2177982628345481 8.1523711979389173 4.2356162965297699
leaf_count=23 18 39 264 20 29 21 23 42 21
internal_value=-0.00021493 -0.0167559 0.00284715 4.98623e-05 0.00580882 -0.00154869 -0.0203016 -0.0368712 0.0085374
internal_weight=101.587 15.8684 85.719 81.6656 63.6533 57.415 18.0123 12.7945 9.35038
internal_count=500 83 417 399 314 285 85 62 44
is_linear=0
shrinkage=0.1


Tree=35
num_leaves=8
num_cat=0
split_feature=1 1 2 0 2 2 2
split_gain=0.489121 0.816434 0.881437 0.641992 1.36493 1.40338 1.33036
threshold=287.7104588193327 253.4356655594334 129.14448915369755 270.38047354534842 247.93829759957541 123.12938570558681 276.26416943399005
decision_type=2 2 2 2 2 2 2
left_child=1 3 -3 4 5 -1 -6
right_child=-2 2 -4 -5 6 -7 -8
leaf_value=-0.0066765286456844297 0.029140432197478479 0.0061679161952016915 -0.05368290037224567 -0.027138770079757991 -0.056414586743945852 0.022463046087100855 0.011623708522902489
leaf_weight=29.846007518470287 5.3758841902017585 4.2213347852230054 5.8995792716741562 7.2623067423701277 6.7587312757968885 37.037618219852448 4.9997527450323105
leaf_count=157 27 21 33 35 33 171 23
internal_value=-0.000212715 -0.00185602 -0.0287197 0.00130895 0.00393599 0.00945986 -0.0274844
internal_weight=101.401 96.0253 10.1209 85.9044 78.6421 66.8836 11.7585
internal_count=500 473 54 419 384 328 56
is_linear=0
shrinkage=0.1


Tree=36
num_leaves=11
num_cat=0
split_feature=0 0 0 0 1 1 0 2 2 0
split_gain=0.451301 2.04577 0.671372 1.66475 1.63106 1.35826 0.857791 0.830876 0.786179 0.491017
threshold=37.390205503237262 23.40411619877397 83.427086374832911 108.62331487352303 95.078541748563524 277.88650127428036 57.526448525396283 260.49338998216143 117.43383634731372 13.408172671699665
decision_type=2 2 2 2 2 2 2 2 2 2
left_child=1 9 4 8 -2 7 -6 -5 -4 -1
right_child=2 -3 3 5 6 -7 -8 -9 -10 -11
leaf_value=-0.01338188486711215 0.070947050070656395 -0.079352751899158691 -0.0086476167258028678 0.00339390878281382 0.026522171231866839 0.050316466326673415 -0.036240364897503277 -0.034365886057830336 -0.073363492270068262 0.032561446193858562
leaf_weight=5.0871192514896375 4.6375118046998969 3.8004947006702414 3.2968396097421637 54.776101790368557 4.727474167942999 5.72318211197853 4.0373153239488602 6.521194949746131 4.3591814041137695 4.2862037867307663
leaf_count=23 20 27 21 262 22 25 24 31 24 21
internal_value=-0.000202947 -0.0174657 0.00237902 -0.00131964 0.0229876 0.00372675 -0.00238807 -0.000623218 -0.0454955 0.00762694
internal_weight=101.253 13.1738 88.0788 74.6765 13.4023 67.0205 8.76479 61.2973 7.65602 9.37332
internal_count=500 71 429 363 66 318 46 293 45 44
is_linear=0
shrinkage=0.1


Tree=37
num_leaves=9
num_cat=0
split_feature=2 2 2 0 0 0 0 0
split_gain=0.43544 1.03127 1.23361 1.43857 1.56753 1.20704 0.94992 2.96726
threshold=20.030750990924158 72.455620454177293 83.12578268333489 37.390205503237262 19.585612323731599 249.4605837092225 137.94352025627106 203.36858946113617
decision_type=2 2 2 2 2 2 2 2
left_child=-1 6 -3 4 -4 -5 -2 -8
right_child=1 2 3 5 -6 -7 7 -9
leaf_value=-0.027140243795371357 0.050641436853206281 -0.052200739889295293 -0.0023163990242693775 0.01198731462707303 -0.083599449949150029 -0.023406309581528433 -0.058892078728348521 0.047398037321954578
leaf_weight=5.6629020422697058 7.3269328847527531 4.9015681296586981 5.7204490900039655 50.477788336575031 4.0539168789982796 11.908602863550184 4.4346187859773618 6.4415296465158463
leaf_count=32 35 30 27 246 27 54 20 29
internal_value=-0.000199736 0.0014017 -0.00365503 -0.000357526 -0.0360285 0.00523122 0.0228092 0.00405952
internal_weight=100.928 95.2654 77.0623 72.1608 9.77437 62.3864 18.2031 10.8761
internal_count=500 468 384 354 54 300 84 49
is_linear=0
shrinkage=0.1


Tree=38
num_leaves=10
num_cat=0
split_feature=1 1 2 0 0 2 0 1 2
split_gain=0.402502 0.696866 0.762293 0.556504 1.49942 1.4356 1.41836 1.29585 1.15352
threshold=287.7104588193327 253.4356655594334 129.14448915369755 181.9303242257167 151.59928372306325 20.378362049067089 207.99651002685849 155.54892117631917 59.739371313935649
decision_type=2 2 2 2 2 2 2 2 2
left_child=1 3 -3 4 5 -1 -5 -6 -8
right_child=-2 2 -4 6 7 -7 8 -9 -10
leaf_value=-0.064180506250177391 0.026608731804728503 0.0055348623810231425 -0.050450565941715653 0.044486314273736893 -0.069296973495812583 0.0085817735383524 0.03954442662029737 0.0036953487995769795 -0.011629823650755336
leaf_weight=2.929413028061389 5.3055101931095114 4.2208719104528409 5.7386101707816124 9.2325215786695463 6.0559933930635435 36.464374355971813 5.5626046955585506 4.0646482408046722 21.161625944077969
leaf_count=17 27 21 33 39 28 189 27 20 99
internal_value=-0.000199733 -0.00169016 -0.0267237 0.00122686 -0.00564934 0.003171 0.0106958 -0.0399818 -0.000977988
internal_weight=100.736 95.4307 9.95948 85.4712 49.5144 39.3938 35.9568 10.1206 26.7242
internal_count=500 473 54 419 254 206 165 48 126
is_linear=0
shrinkage=0.1


Tree=39
num_leaves=10
num_cat=0
split_feature=0 2 2 0 0 0 1 1 1
split_gain=0.375012 1.93375 2.60054 3.35806 2.77718 1.49337 1.36668 1.79009 1.62305
threshold=125.48314475238918 263.05048294127261 201.5909470038354 101.91972238800651 81.265566938526817 137.52354756158209 24.938107296192623 47.372471912317359 72.573746164262829
decision_type=2 2 2 2 2 2 2 2 2
left_child=1 2 3 4 -1 -2 -7 -8 -9
right_child=5 -3 -4 -5 -6 6 7 8 -10
leaf_value=-0.0048930222298247126 0.054656802478413813 0.058571287042786579 -0.070161406561195253 -0.086752851763843133 0.080954744702983528 -0.050476985341926683 0.064552404077757863 -0.059100213482518461 0.0046577835864573215
leaf_weight=17.795519597828395 5.4270371049642554 3.8937480375170699 6.9863465353846541 3.9412485212087622 4.7806332111358634 4.945503741502761 4.5370101332664481 4.392719477415084 43.83908598870039
leaf_count=95 27 19 38 25 26 22 19 21 208
internal_value=-0.000195307 -0.00813112 -0.0158832 -0.00158287 0.0132857 0.00450493 -0.000210986 0.00449995 -0.00114899
internal_weight=100.539 37.3975 33.5037 26.5174 22.5762 63.1414 57.7143 52.7688 48.2318
internal_count=500 203 184 146 121 297 270 248 229
is_linear=0
shrinkage=0.1


Tree=40
num_leaves=6
num_cat=0
split_feature=1 1 1 1 0
split_gain=0.365198 2.35089 1.87783 0.780029 0.927496
threshold=285.18478174599511 265.81857648771899 242.86706865257113 232.40062928338475 178.78291279084161
decision_type=2 2 2 2 2
left_child=1 2 3 4 -1
right_child=-2 -3 -4 -5 -6
leaf_value=-0.010515110886892888 -0.02205936673519324 0.068214132117761325 -0.059054369229704168 0.043366925631531737 0.011343156914813472
leaf_weight=43.7367809638381 7.1057066470384589 4.9931349530816069 5.4716681167483321 4.2102038338780394 34.904930099844933
leaf_count=224 36 27 33 21 159
internal_value=-0.000205655 0.00145842 -0.00231543 0.00143169 -0.000813372
internal_weight=100.422 93.3167 88.3236 82.8519 78.6417
internal_count=500 464 437 404 383
is_linear=0
shrinkage=0.1


Tree=41
num_leaves=8
num_cat=0
split_feature=1 1 2 2 2 0 1
split_gain=0.375576 0.653496 0.445578 1.39495 1.24634 2.58579 1.07473
threshold=287.7104588193327 271.20767983224715 72.455620454177293 77.971957089041794 53.776330147060627 95.372010916838732 47.372471912317359
decision_type=2 2 2 2 2 2 2
left_child=1 2 4 -4 5 -1 -5
right_child=-2 -3 3 6 -6 -7 -8
leaf_value=0.060254928786681629 0.025676650460638401 -0.036793569508390536 -0.082268839690397222 0.023411150761216918 0.048717545384738707 -0.029685169542603248 -0.0077461000112630674
leaf_weight=4.5428083389997509 5.3129452317953101 5.0105339810252181 2.1865486055612555 14.084125742316244 6.6827418133616439 10.786819808185099 51.745668195188046
leaf_count=21 27 27 15 61 30 56 263
internal_value=-0.000197687 -0.00164413 0.000312105 -0.00369009 0.0126785 -0.00303217 -0.00108008
internal_weight=100.352 95.0392 90.0287 68.0163 22.0124 15.3296 65.8298
internal_count=500 473 446 339 107 77 324
is_linear=0
shrinkage=0.1


Tree=42
num_leaves=8
num_cat=0
split_feature=1 1 2 2 1 1 1
split_gain=0.338372 0.90885 1.07697 2.52577 1.88453 2.44061 1.69776
threshold=11.038486303550068 19.257672086434749 241.24637814379039 228.47309331476129 202.64273915901882 130.56474140179438 29.580444039412132
decision_type=2 2 2 2 2 2 2
left_child=-1 -2 3 6 5 -4 -3
right_child=1 2 4 -5 -6 -7 -8
leaf_value=-0.027551247029131518 0.046794721684810241 -0.078054128602551009 0.0042365030687131705 -0.082731477761528199 -0.024124998758832467 0.10169514716663255 0.00144159323493258
leaf_weight=4.3247130513191214 4.1539302915334693 2.79574941843748 5.7559136003255862 4.0614667758345595 5.6209473833441725 4.6417095810174942 68.756528086960316
leaf_count=20 18 15 29 21 28 20 349
internal_value=-0.000190411 0.00104492 -0.00102904 -0.00601891 0.022525 0.047744 -0.00166453
internal_weight=100.111 95.7862 91.6323 75.6137 16.0186 10.3976 71.5523
internal_count=500 480 462 385 77 49 364
is_linear=0
shrinkage=0.1


Tree=43
num_leaves=10
num_cat=0
split_feature=1 2 1 0 0 0 2 1 0
split_gain=0.315394 0.594658 1.18623 1.1761 1.38958 3.55499 2.94819 1.30122 1.3585
threshold=287.7104588193327 265.66680206457141 149.8945215369215 238.17594437076676 125.48314475238918 101.91972238800651 53.776330147060627 82.570707494887344 263.52134676514629
decision_type=2 2 2 2 2 2 2 2 2
left_child=1 3 -3 4 5 -1 -6 -5 -9
right_child=-2 2 -4 7 6 -7 -8 8 -10
leaf_value=0.0052481900557507389 0.023475656832412806 0.010211336627546811 -0.063762286731295789 0.0228399096226653 -0.039781035166295581 -0.093252672333881015 0.034457576381182645 -0.068954222906557935 -0.006903183861858825
leaf_weight=26.97653886675835 5.3343365788459769 4.3711703419685346 4.3005342110991478 5.0342216938734081 6.5577462986111632 4.2398962080478659 29.027972646057606 6.7164881676435453 7.4328155294060707
leaf_count=145 27 21 21 22 34 28 135 31 36
internal_value=-0.00018254 -0.00151578 -0.0264742 0.00100129 0.00726857 -0.00813045 0.0207769 -0.020823 -0.036358
internal_weight=99.9917 94.6574 8.6717 85.9857 66.8022 31.2164 35.5857 19.1835 14.1493
internal_count=500 473 42 431 342 173 169 89 67
is_linear=0
shrinkage=0.1


Tree=44
num_leaves=6
num_cat=0
split_feature=1 1 1 1 2
split_gain=0.333851 2.05382 1.42858 0.70912 0.997011
threshold=285.18478174599511 265.81857648771899 242.86706865257113 232.40062928338475 59.739371313935649
decision_type=2 2 2 2 2
left_child=1 2 3 4 -1
right_child=-2 -3 -4 -5 -6
leaf_value=0.021897296206785329 -0.021143968083860303 0.063571743925361399 -0.052956177373379702 0.040922843855056928 -0.006642100092103545
leaf_weight=15.18754321336746 7.0648208186030379 5.0266026630997649 5.2069529071450225 4.2316979914903632 63.089751377701759
leaf_count=75 36 27 33 21 308
internal_value=-0.000189144 0.00140713 -0.00215525 0.00105068 -0.00110482
internal_weight=99.8074 92.7425 87.7159 82.509 78.2773
internal_count=500 464 437 404 383
is_linear=0
shrinkage=0.1


Tree=45
num_leaves=7
num_cat=0
split_feature=0 0 0 2 0 2
split_gain=0.321559 1.66645 0.782477 0.928683 1.1624 1.14308
threshold=284.43437993797289 270.38047354534842 256.19399523430815 265.66680206457141 137.52354756158209 99.912682947836672
decision_type=2 2 2 2 2 2
left_child=1 2 3 5 -5 -1
right_child=-2 -3 -4 4 -6 -7
leaf_value=-0.014050677826694703 0.025298020618112413 -0.065101984263830973 0.035661179343084902 0.0041261165766448204 -0.072140911003618663 0.01133347760218268
leaf_weight=27.746209338307381 4.7190212607383719 3.9420098513364783 6.1806545555591574 4.0365987792611113 3.9577680230140686 49.190061546862125
leaf_count=147 21 21 27 20 20 244
internal_value=-0.000181027 -0.00144596 0.00130817 -0.0011918 -0.0336314 0.00217896
internal_weight=99.7723 95.0533 91.1113 84.9306 7.99437 76.9363
internal_count=500 479 458 431 40 391
is_linear=0
shrinkage=0.1


Tree=46
num_leaves=9
num_cat=0
split_feature=0 1 1 0 2 2 2 1
split_gain=0.307524 1.22197 1.67129 0.903106 0.804596 0.740465 2.2119 1.07222
threshold=44.804903316182781 154.07060473696194 236.91633990763384 60.50691758076966 8.4513760128930659 229.64336664121336 211.81360502432941 147.18349676904504
decision_type=2 2 2 2 2 2 2 2
left_child=1 -1 -3 -2 -5 6 -6 -7
right_child=3 2 -4 4 5 7 -8 -9
leaf_value=0.015706953800747603 0.045009852039226514 -0.083462557148259717 0.0092468452930538521 -0.054386608540938575 0.00023269892859452076 -0.039908300815307302 0.062869092708381383 0.0098251124214914377
leaf_weight=7.4732045382261258 4.6543104648590079 4.2282093912363052 3.6001379117369652 2.6594105735421172 53.29274994134903 9.2437810972332972 6.3048034310340872 8.1632944345474225
leaf_count=37 21 23 23 16 266 45 29 40
internal_value=-0.000173583 -0.013216 -0.0408269 0.00219328 -0.000308247 0.00155939 0.00685898 -0.0165851
internal_weight=99.6199 15.3016 7.82835 84.3183 79.664 77.0046 59.5976 17.4071
internal_count=500 83 46 417 396 380 295 85
is_linear=0
shrinkage=0.1


Tree=47
num_leaves=12
num_cat=0
split_feature=2 0 0 1 1 2 0 0 0 2 2
split_gain=0.306435 1.41529 1.76967 1.23785 1.69456 0.94756 1.04528 1.34127 1.04247 4.93626 2.64396
threshold=72.455620454177293 249.4605837092225 184.18072401219322 104.53741907066514 216.72752897312017 83.12578268333489 37.390205503237262 19.585612323731599 249.4605837092225 208.38545792205201 205.58672896445788
decision_type=2 2 2 2 2 2 2 2 2 2 2
left_child=1 2 3 -1 -5 -2 7 -7 10 -10 -8
right_child=5 -3 -4 4 -6 6 8 -9 9 -11 -12
leaf_value=-0.025449155288420785 -0.047052147665046229 0.059639489596914279 -0.045598228324682993 0.082717677483324412 -0.0066914232215962259 -0.00044439439314475614 0.033514905745880404 -0.077304049612152759 -0.073876143838747632 0.059570387151022357 -0.012420955631508857
leaf_weight=4.1606710553169313 4.6394809633493415 4.5870518386363974 6.2954847365617743 4.5534500926732999 3.9662046208977699 5.635731175541876 25.113982602953911 3.8023494184017181 7.2058818191289884 4.5048525780439377 25.006167903542519
leaf_count=23 30 21 30 21 21 27 125 27 34 20 121
internal_value=-0.000169914 0.0097922 -0.00225747 0.0192602 0.0410945 -0.00326227 -0.000411626 -0.0314091 0.00431993 -0.0225423 0.0105964
internal_weight=99.4713 23.5629 18.9758 12.6803 8.51965 75.9084 71.269 9.43808 61.8309 11.7107 50.1202
internal_count=500 116 95 65 42 384 354 54 300 54 246
is_linear=0
shrinkage=0.1


Tree=48
num_leaves=7
num_cat=0
split_feature=1 1 2 2 1 2
split_gain=0.30998 0.499249 0.539736 1.79356 1.28726 0.780228
threshold=287.7104588193327 271.20767983224715 30.762588997509642 42.474972451177031 133.98225962284641 72.455620454177293
decision_type=2 2 2 2 2 2
left_child=1 2 4 -4 -1 -5
right_child=-2 -3 3 5 -6 -7
leaf_value=-0.021273770201726439 0.02336738391933044 -0.032535051167827074 -0.091186408498453289 0.02677406994288356 0.051942723657423723 -0.0037927606721907385
leaf_weight=4.0484378039836866 5.29154248535633 4.9147839173674575 2.2192519456148139 9.5344557836651784 5.9020842462778091 67.257472682744265
leaf_count=23 27 27 12 43 29 339
internal_value=-0.000181403 -0.00150878 0.0002053 -0.00255889 0.0221541 2.40505e-06
internal_weight=99.168 93.8765 88.9617 79.0112 9.95052 76.7919
internal_count=500 473 446 394 52 382
is_linear=0
shrinkage=0.1


Tree=49
num_leaves=6
num_cat=0
split_feature=1 1 1 1 2
split_gain=0.286751 1.83974 1.25369 0.561107 0.863548
threshold=285.18478174599511 265.81857648771899 242.86706865257113 232.40062928338475 59.739371313935649
decision_type=2 2 2 2 2
left_child=1 2 3 4 -1
right_child=-2 -3 -4 -5 -6
leaf_value=0.020443846132323178 -0.019711825392988755 0.059810686219499004 -0.050268458641804376 0.036044586323631576 -0.0062372135503397071
leaf_weight=15.049284011125563 6.9811700582504264 5.0790362283587447 5.0886250622570506 4.3008952215313903 62.546234082430601
leaf_count=75 36 27 33 21 308
internal_value=-0.000172177 0.0013095 -0.00210637 0.000886181 -0.00106255
internal_weight=99.0452 92.0641 86.985 81.8964 77.5955
internal_count=500 464 437 404 383
is_linear=0
shrinkage=0.1


Tree=50
num_leaves=6
num_cat=0
split_feature=1 1 0 0 2
split_gain=0.299797 0.501667 0.45076 1.90598 0.64371
threshold=287.7104588193327 271.20767983224715 284.43437993797289 267.97694999440756 247.93829759957541
decision_type=2 2 2 2 2
left_child=1 2 3 4 -1
right_child=-2 -3 -4 -5 -6
leaf_value=0.00571163698431247 0.022983764906419721 -0.03258098994632553 0.032787893109469141 -0.068815629693536315 -0.019577930822520257
leaf_weight=68.960897352546453 5.2956686913967124 4.9121747687458983 4.0624297708272925 3.9859742224216452 11.784860156476496
leaf_count=347 27 27 18 22 59
internal_value=-0.000164355 -0.00147254 0.000248413 -0.00131168 0.00202062
internal_weight=99.002 93.7063 88.7942 84.7317 80.7458
internal_count=500 473 446 428 406
is_linear=0
shrinkage=0.1


Tree=51
num_leaves=10
num_cat=0
split_feature=2 1 1 2 1 1 1 1 2
split_gain=0.35122 2.60378 2.19904 2.18971 1.22703 1.4155 1.40042 1.01478 0.901333
threshold=241.24637814379039 40.215482085295314 202.64273915901882 228.47309331476129 18.044276736757883 59.421146902122231 74.014125626989042 130.56474140179438 141.03464643844094
decision_type=2 2 2 2 2 2 2 2 2
left_child=3 -2 7 4 -1 8 -7 -3 -6
right_child=1 2 -4 -5 5 6 -8 -9 -10
leaf_value=0.045944177831131611 -0.062392643310178998 0.027091190231465452 -0.018301119371888181 -0.076054576573014093 -0.075423915342360856 0.056219051559791289 -0.0016883450163629025 0.094823402787060473 -0.010941833234186696
leaf_weight=5.5699996724724761 3.6911422610282925 4.2301898598670942 5.4297186806797972 3.901299610733985 4.0036921314895135 4.498890906572341 58.237823683768511 4.6363045275211334 4.7272275239229202
leaf_count=26 16 23 28 21 22 21 303 20 20
internal_value=-0.00015509 0.0124844 0.0318169 -0.00296401 0.000737409 -0.00278589 0.00246423 0.0625085 -0.040511
internal_weight=98.9263 17.9874 14.2962 80.9389 77.0376 71.4676 62.7367 8.86649 8.73092
internal_count=500 87 71 413 392 366 324 43 42
is_linear=0
shrinkage=0.1


Tree=52
num_leaves=10
num_cat=0
split_feature=2 1 1 1 2 1 1 1 2
split_gain=0.284182 2.12227 1.75895 1.15346 1.66506 1.16472 1.11726 0.812281 0.770777
threshold=241.24637814379039 40.215482085295314 202.64273915901882 18.044276736757883 228.47309331476129 59.421146902122231 74.014125626989042 130.56474140179438 141.03464643844094
decision_type=2 2 2 2 2 2 2 2 2
left_child=3 -2 7 -1 5 8 -7 -3 -5
right_child=1 2 -4 4 -6 6 -8 -9 -10
leaf_value=0.041074223676806465 -0.056958589632582726 0.02415725736718214 -0.016595967539988109 -0.069954369848952772 -0.070512669888821308 0.049880604616801653 -0.0015204247535971556 0.084479061526761823 -0.0098528140440057709
leaf_weight=5.60535093396902 3.6416236460208919 4.2674615532159788 5.3909691348671904 3.8910850845277292 3.7929327487945548 4.5600283667445174 58.204676184803247 4.6809468865394592 4.7248791307210922
leaf_count=26 16 23 28 22 21 21 303 20 20
internal_value=-0.000155558 0.0112142 0.0285273 -0.00268641 -0.00594943 -0.00251876 0.002214 0.0557118 -0.0369955
internal_weight=98.76 17.981 14.3394 80.779 75.1736 71.3807 62.7647 8.94841 8.61596
internal_count=500 87 71 413 387 366 324 43 42
is_linear=0
shrinkage=0.1


Tree=53
num_leaves=8
num_cat=0
split_feature=1 1 1 0 0 0 2
split_gain=0.268416 1.65689 0.981512 0.55819 1.06738 2.21476 1.29235
threshold=265.81857648771899 283.57479104637054 242.86706865257113 270.38047354534842 178.78291279084161 151.59928372306325 123.12938570558681
decision_type=2 2 2 2 2 2 2
left_child=2 -2 3 4 5 -1 -6
right_child=1 -3 -4 -5 6 -7 -8
leaf_value=0.0033745096496773808 0.061492571529485798 -0.015043204865205563 -0.045561726585511442 -0.026433184626663747 -0.0088820417593586162 -0.055728599199655504 0.034360646951511357
leaf_weight=37.65167648345232 4.5427413806319219 7.4959015473723412 4.9016859345138064 7.0270821228623381 11.153933107852938 7.624077469110488 18.169170618057251
leaf_count=199 24 39 33 35 53 37 80
internal_value=-0.000153028 0.0138373 -0.00209951 0.000510418 0.00304846 -0.00657798 0.017912
internal_weight=98.5663 12.0386 86.5276 81.6259 74.5989 45.2758 29.3231
internal_count=500 63 437 404 369 236 133
is_linear=0
shrinkage=0.1


Tree=54
num_leaves=7
num_cat=0
split_feature=1 1 2 2 1 2
split_gain=0.307335 0.449314 0.41551 1.60203 1.00309 0.638165
threshold=287.7104588193327 271.20767983224715 30.762588997509642 42.474972451177031 133.98225962284641 72.455620454177293
decision_type=2 2 2 2 2 2
left_child=1 2 4 -4 -1 -5
right_child=-2 -3 3 5 -6 -7
leaf_value=-0.019463580275408916 0.02329922791703196 -0.031049135641222265 -0.087725157111725127 0.024272478223375072 0.045440813675196257 -0.0033648443545856647
leaf_weight=3.9731643572449666 5.2882012128829947 4.8711898624896994 2.1351220309734336 9.5531075894832593 5.9427488520741463 66.612280618399382
leaf_count=23 27 27 12 43 29 339
internal_value=-0.00015136 -0.00148356 0.000149009 -0.0022933 0.0194346 0.00010159
internal_weight=98.3758 93.0876 88.2164 78.3005 9.91591 76.1654
internal_count=500 473 446 394 52 382
is_linear=0
shrinkage=0.1


Tree=55
num_leaves=13
num_cat=0
split_feature=1 1 2 1 2 0 1 2 2 1 2 2
split_gain=0.268416 1.55256 1.71086 0.86729 2.6294 0.874626 0.733145 1.30274 2.63542 1.91197 0.883878 0.564696
threshold=88.486483559120487 117.29101216978508 96.628424758507123 59.421146902122231 110.659453519818 151.59928372306325 142.78226561818886 241.24637814379039 265.66680206457141 197.38409967602755 167.13234191176562 89.750530221247018
decision_type=2 2 2 2 2 2 2 2 2 2 2 2
left_child=3 2 -2 4 -1 -6 10 9 -9 -8 -3 -5
right_child=1 6 -4 11 5 -7 7 8 -10 -11 -12 -13
leaf_value=-0.073138755217650439 0.014129772222317991 0.063553648353690026 -0.074238756587938562 0.062282055482161584 0.039081979185533723 -0.0092017528058836243 -0.040572229386414256 0.087260766468730933 -0.019096295523428123 0.0054721727614044768 -0.0010374763271954626 0.014263642579453784
leaf_weight=4.3995087221264901 3.4859066084027273 4.026311554014681 5.8973837718367577 3.6206232830882055 7.4519929736852628 7.5552578270435333 13.578543342649935 4.4391489475965482 4.9030619040131569 26.853242598474026 4.4713530689477921 7.5686048045754433
leaf_count=26 18 20 33 19 33 33 70 20 25 146 22 35
internal_value=-0.000143981 -0.00365893 -0.0414097 0.00762839 -0.00515581 0.014774 0.00241996 -0.00221467 0.0314415 -0.0099913 0.0295667 0.0298015
internal_weight=98.2509 67.655 9.38329 30.596 19.4068 15.0073 58.2717 49.774 9.34221 40.4318 8.49766 11.1892
internal_count=500 354 51 146 92 66 303 261 45 216 42 54
is_linear=0
shrinkage=0.1


Tree=56
num_leaves=12
num_cat=0
split_feature=0 1 1 2 0 2 1 1 0 0 2
split_gain=0.281899 1.43861 1.24775 1.10719 2.97152 1.41531 1.96254 0.720579 1.3027 1.67756 1.47941
threshold=108.62331487352303 271.20767983224715 277.88650127428036 201.5909470038354 49.759415318859119 160.6815621340877 66.439298048449444 16.842300329999578 180.81166464173799 238.17594437076676 81.456343977377188
decision_type=2 2 2 2 2 2 2 2 2 2 2
left_child=1 3 7 5 -5 6 -1 -2 10 -10 -9
right_child=2 -3 -4 4 -6 -7 -8 8 9 -11 -12
leaf_value=-0.07256802902415295 0.037832065634961179 -0.069699426077228427 0.048926168453476575 0.0230826919088125 -0.099213683368460745 0.052630516459944612 0.01406702585077577 0.019002210091908334 0.0289888986774758 -0.014191186768178069 -0.042372384661466519
leaf_weight=3.3412946388125482 4.5143913552165023 3.3614520058035842 5.5657268762588492 4.3861322253942472 3.6319660916924477 5.9620113223791114 12.025193825364111 5.5080020278692272 18.077814280986786 17.912019245326519 13.686631061136721
leaf_count=19 21 22 25 22 21 29 69 31 84 86 71
internal_value=-0.000155415 -0.00773256 0.00364195 -0.000634681 -0.032314 0.0112746 -0.00477093 -0.000579896 -0.0037222 0.00749832 -0.0247606
internal_weight=97.9726 32.7081 65.2646 29.3466 8.0181 21.3285 15.3665 59.6989 55.1845 35.9898 19.1946
internal_count=500 182 318 160 43 117 88 293 272 170 102
is_linear=0
shrinkage=0.1


Tree=57
num_leaves=10
num_cat=0
split_feature=0 0 0 1 1 2 1 0 0
split_gain=0.278532 0.801351 0.448516 0.368237 1.64547 1.50681 1.15514 1.3711 1.12325
threshold=35.834191099061641 20.493956738463417 49.759415318859119 187.22847314232641 212.10944470836219 135.23225387582181 107.594098041283 191.92012754849023 83.427086374832911
decision_type=2 2 2 2 2 2 2 2 2
left_child=1 -1 -2 6 -5 -6 8 -8 -4
right_child=2 -3 3 4 5 -7 7 -9 -10
leaf_value=0.0034398289990487784 0.030853816732123302 -0.052209106217742822 0.062867287309956582 0.053738337537992759 0.021983071784537653 -0.029614245275536993 -0.046634023844744951 0.0051219556775071503 0.00066010549309598605
leaf_weight=8.0034231841564161 5.008980229496955 3.8240714818239203 3.240295514464381 6.4140252918005016 11.397487111389639 11.242873407900332 11.37918457388878 9.3033512458205205 27.85577680170536
leaf_count=38 24 30 15 29 58 63 61 45 137
internal_value=-0.000165893 -0.0145526 0.00181634 1.69751e-05 0.00902726 -0.0036394 -0.00503894 -0.0233533 0.00714226
internal_weight=97.6695 11.8275 85.842 80.833 29.0544 22.6404 51.7786 20.6825 31.0961
internal_count=500 68 432 408 150 121 258 106 152
is_linear=0
shrinkage=0.1


Tree=58
num_leaves=8
num_cat=0
split_feature=1 1 2 1 0 1 1
split_gain=0.273943 0.42381 0.753737 0.574144 0.681063 2.87232 1.70565
threshold=287.7104588193327 255.61993842368437 129.14448915369755 236.91633990763384 176.91997847527858 212.10944470836219 203.61502995677282
decision_type=2 2 2 2 2 2 2
left_child=1 3 -3 4 5 -1 -6
right_child=-2 2 -4 -5 6 -7 -8
leaf_value=-0.00063181477885183228 0.022188677462646463 0.010100230157097169 -0.049864381336295047 0.032273797631795179 1.7845171193908119e-05 -0.082164159473132631 0.063429883806959436
leaf_weight=37.457316942512989 5.1908168867230406 3.8264406323432905 4.6356972679495811 5.3993462920188895 31.072568528354168 4.8843131363391867 4.9123709499835959
leaf_count=196 27 19 29 33 145 29 22
internal_value=-0.000163377 -0.00142195 -0.0227494 0.000733601 -0.00144058 -0.010037 0.00867434
internal_weight=97.3789 92.1881 8.46214 83.7259 78.3266 42.3416 35.9849
internal_count=500 473 48 425 392 225 167
is_linear=0
shrinkage=0.1


Tree=59
num_leaves=7
num_cat=0
split_feature=2 2 2 0 0 2
split_gain=0.271627 0.700788 0.732619 0.681418 2.00701 1.64297
threshold=20.030750990924158 30.762588997509642 48.124203058645442 108.62331487352303 127.50571743488398 260.49338998216143
decision_type=2 2 2 2 2 2
left_child=-1 -2 -3 5 -5 -4
right_child=1 2 3 4 -6 -7
leaf_value=-0.021986679185463372 0.035957005208723997 -0.047634976745704424 -0.021330987145692454 0.077079033713355935 0.0019656910838938722 0.052319927893858732
leaf_weight=5.3864146545529357 5.4324376434087744 3.2518211826682082 24.144778065383438 3.8198358565568915 51.748677954077721 3.4632722213864318
leaf_count=32 24 18 140 22 246 18
internal_value=-0.00016122 0.00111855 -0.00107121 0.000749218 0.00712906 -0.0120919
internal_weight=97.2472 91.8608 86.4284 83.1766 55.5685 27.6081
internal_count=500 468 444 426 268 158
is_linear=0
shrinkage=0.1


Tree=60
num_leaves=6
num_cat=0
split_feature=1 1 1 0 2
split_gain=0.250935 1.41917 0.89477 0.427778 0.83351
threshold=285.18478174599511 265.81857648771899 242.86706865257113 270.38047354534842 247.93829759957541
decision_type=2 2 2 2 2
left_child=1 2 3 4 -1
right_child=-2 -3 -4 -5 -6
leaf_value=0.007321750010860612 -0.018744712942549452 0.052573671120462628 -0.043715989255686226 -0.023102744069588399 -0.022815475793109413
leaf_weight=62.783124540001154 6.755987510085105 5.0816960334777823 4.8110205978155127 6.9127125814557067 10.74814713001251
leaf_count=315 36 27 33 35 54
internal_value=-0.000154888 0.00123538 -0.00182468 0.000680668 0.00291656
internal_weight=97.0927 90.3367 85.255 80.444 73.5313
internal_count=500 464 437 404 369
is_linear=0
shrinkage=0.1


Tree=61
num_leaves=9
num_cat=0
split_feature=0 0 2 2 1 1 1 2
split_gain=0.296559 0.704788 0.58147 1.97425 1.58365 1.1305 1.0812 1.01876
threshold=281.84760953457356 267.05326323024161 99.912682947836672 81.047728549386804 60.680279836278082 47.372471912317359 232.40062928338475 241.24637814379039
decision_type=2 2 2 2 2 2 2 2
left_child=1 2 3 4 -1 7 -7 -4
right_child=-2 -3 5 -5 -6 6 -8 -9
leaf_value=-0.059952048252274105 0.023047599459710327 -0.040809620769809797 0.054709131515104231 -0.072369513632395688 0.011373068593856899 -0.0096889341051023224 0.025388974021562 -0.0048906119800749999
leaf_weight=3.6929309628903928 5.2161624729633322 4.337655395269393 7.8636087998747808 4.4639654234051696 19.821841798722744 35.424203231930733 11.685522109270094 4.514562115073204
leaf_count=23 24 24 34 27 101 179 68 20
internal_value=-0.000146606 -0.00146446 0.000486749 -0.0114022 0.000171653 0.00607843 -0.000987893 0.0329719
internal_weight=97.0205 91.8043 87.4666 27.9787 23.5148 59.4879 47.1097 12.3782
internal_count=500 476 452 151 124 301 247 54
is_linear=0
shrinkage=0.1


Tree=62
num_leaves=8
num_cat=0
split_feature=0 2 0 0 0 2 1
split_gain=0.248072 2.13392 0.986412 1.29333 0.949527 0.685375 0.515866
threshold=263.52134676514629 121.21925819031915 238.17594437076676 225.80054844387448 210.73388086757711 61.44739831586552 107.594098041283
decision_type=2 2 2 2 2 2 2
left_child=2 -2 3 4 5 -1 -4
right_child=1 -3 6 -5 -6 -7 -8
leaf_value=-0.018596570208571719 0.067339711098339403 -0.022473827586932459 -0.006999129955239082 0.057253615767454961 -0.045970314022690834 0.0067297756472962534 -0.053192875023346388
leaf_weight=13.299963042140005 4.4557733535766584 6.5110618770122528 4.4788188338279706 3.9962984323501578 4.4434116035699835 54.350430969148874 5.2528310865163803
leaf_count=70 22 32 20 18 24 289 25
internal_value=-0.000145358 0.014017 -0.00195511 0.00187896 -0.00119057 0.00175066 -0.031933
internal_weight=96.7886 10.9668 85.8218 76.0901 72.0938 67.6504 9.73165
internal_count=500 54 446 401 383 359 45
is_linear=0
shrinkage=0.1


Tree=63
num_leaves=11
num_cat=0
split_feature=1 0 1 2 1 1 1 1 0 1
split_gain=0.253432 1.85645 1.53289 0.619209 1.45383 1.43187 2.56432 1.20106 1.11089 1.07273
threshold=29.580444039412132 129.05377315667079 47.372471912317359 89.750530221247018 130.56474140179438 231.68225892820846 197.38409967602755 202.64273915901882 200.35870230450507 263.58709784095112
decision_type=2 2 2 2 2 2 2 2 2 2
left_child=1 -1 -2 5 8 6 -4 -6 -5 -7
right_child=2 -3 3 4 7 9 -8 -9 -10 -11
leaf_value=0.0284227464559305 0.050431109930877273 -0.054898144420118526 0.0050034360114200324 -0.050111663561731801 0.023325020166487652 -0.063611553270482638 0.092739283801160838 -0.013564238721859809 0.00056098557433875045 0.01093113314696363
leaf_weight=5.1730995401740056 5.9964869767427436 5.5355406627058983 14.068811289966112 11.431886017322542 16.603058129549026 3.7765677422285071 4.3648784309625617 18.842597246170044 6.9605432525277129 3.9495216384530067
leaf_count=27 27 26 73 62 81 22 20 109 34 19
internal_value=-0.00014069 -0.0146477 0.00166583 -0.00198952 -0.00812222 0.0106319 0.0257782 0.00371502 -0.0309348 -0.0255059
internal_weight=96.703 10.7086 85.9944 79.9979 53.8381 26.1598 18.4337 35.4457 18.3924 7.72609
internal_count=500 53 447 420 286 134 93 190 96 41
is_linear=0
shrinkage=0.1


Tree=64
num_leaves=8
num_cat=0
split_feature=1 1 2 0 0 2 1
split_gain=0.257279 0.525658 0.897157 1.40288 2.02434 0.921654 0.943417
threshold=11.038486303550068 19.257672086434749 241.24637814379039 77.434208283264113 172.38727951557777 226.56934703396419 59.421146902122231
decision_type=2 2 2 2 2 2 2
left_child=-1 -2 5 -4 -5 6 -3
right_child=1 2 3 4 -6 -7 -8
leaf_value=-0.024555906058261932 0.036419643244263354 -0.035349676753358893 0.075224951523103101 -0.0394510952539147 0.043901335729571972 -0.051996908386117348 0.0015982780841249996
leaf_weight=4.1316805407404891 3.9973573535680762 7.7907145768403998 3.6724737882614127 5.5422417595982534 6.1435423493385315 3.9917831793427458 61.180881287902594
leaf_count=20 18 40 18 31 28 23 322
internal_value=-0.000142317 0.000950299 -0.000655012 0.0213126 0.0043696 -0.00527903 -0.00257519
internal_weight=96.4507 92.319 88.3216 15.3583 11.6858 72.9634 68.9716
internal_count=500 480 462 77 59 385 362
is_linear=0
shrinkage=0.1


Tree=65
num_leaves=11
num_cat=0
split_feature=1 1 1 2 2 1 0 2 2 1
split_gain=0.263629 1.14656 0.855599 1.81976 0.675735 1.50155 0.49412 0.776243 2.35196 0.399572
threshold=88.486483559120487 103.14602809933859 59.421146902122231 110.659453519818 240.4508330582278 21.024881667937372 272.22090498935773 27.518770862137782 61.44739831586552 74.014125626989042
decision_type=2 2 2 2 2 2 2 2 2 2
left_child=2 -2 3 -1 5 -5 7 -3 -9 -4
right_child=1 6 9 4 -6 -7 -8 8 -10 -11
leaf_value=-0.064377222970837464 -0.054014422163748355 0.037120209650462928 0.047619186218798987 0.070177268716555649 -0.019012002949467977 -0.0087026361242217229 -0.029724776643640472 -0.064509043642490133 0.0058381514542819755 0.0096623477082434725
leaf_weight=4.0876307077705922 4.232082173228263 5.807495303452014 5.8548060581088048 4.3370804786682111 4.9656593799591056 5.4405970796942711 5.2009442746639243 5.3028757348656645 45.805240903049707 5.2696306928992271
leaf_count=26 24 29 27 19 23 24 25 27 249 27
internal_value=-0.000136057 -0.00365163 0.00765063 -0.00533911 0.0110294 0.0262861 -0.000220343 0.00247577 -0.00146093 0.0296391
internal_weight=96.304 66.3486 29.9554 18.831 14.7433 9.77768 62.1166 56.9156 51.1081 11.1244
internal_count=500 354 146 92 66 43 330 305 276 54
is_linear=0
shrinkage=0.1


Tree=66
num_leaves=6
num_cat=0
split_feature=2 2 2 2 0
split_gain=0.280185 0.68057 0.548374 0.807242 0.586778
threshold=20.378362049067089 30.762588997509642 48.124203058645442 58.325740175577288 37.390205503237262
decision_type=2 2 2 2 2
left_child=-1 -2 -3 -4 -5
right_child=1 2 3 4 -6
leaf_value=-0.02117032993738421 0.038361674810646014 -0.041905554694300212 0.045854176443266358 -0.023907198417739611 0.0019206949504434326
leaf_weight=5.9409748613834372 4.6847504526376715 3.1243463084101668 3.7898070961236945 10.093323413282631 68.446703784167767
leaf_count=35 21 18 18 62 346
internal_value=-0.000135766 0.0012506 -0.000783892 0.00077664 -0.0013985
internal_weight=96.0799 90.1389 85.4542 82.3298 78.54
internal_count=500 465 444 426 408
is_linear=0
shrinkage=0.1


Tree=67
num_leaves=6
num_cat=0
split_feature=0 0 1 1 1
split_gain=0.249298 0.698766 0.441162 1.46565 1.37495
threshold=281.84760953457356 267.05326323024161 283.57479104637054 265.81857648771899 242.86706865257113
decision_type=2 2 2 2 2
left_child=1 2 3 4 -1
right_child=-2 -3 -4 -5 -6
leaf_value=0.0026512164522420408 0.021137742791276701 -0.040813977340595969 -0.025252835686974125 0.059382325670189251 -0.055669173322775801
leaf_weight=71.726685911417007 5.2137425988912574 4.2749945148825637 6.1309144571423522 4.298934966325759 4.2839002646505824
leaf_count=365 24 24 34 22 31
internal_value=-0.000126481 -0.00134861 0.000603185 0.00257706 -0.000635677
internal_weight=95.9292 90.7154 86.4404 80.3095 76.0106
internal_count=500 476 452 418 396
is_linear=0
shrinkage=0.1


Tree=68
num_leaves=8
num_cat=0
split_feature=1 1 1 1 0 2 2
split_gain=0.294052 0.560127 0.724974 0.62164 4.04887 0.81108 0.576836
threshold=287.7104588193327 255.61993842368437 236.91633990763384 212.10944470836219 163.81201343920412 273.30253988603744 129.14448915369755
decision_type=2 2 2 2 2 2 2
left_child=1 2 3 5 -5 -1 -3
right_child=-2 6 -4 4 -6 -7 -8
leaf_value=-0.0011662919117697915 0.023134418798394851 0.0028275439177055054 0.037039157517169886 -0.097021241274082931 0.037950409528680784 0.041205443556408546 -0.050052976645184669
leaf_weight=63.312051128596067 5.1445895805954924 3.7636172845959646 5.2431153506040564 4.2373733296990377 4.6741878166794777 4.864758387207984 4.5647189170122147
leaf_count=321 27 19 33 26 22 23 29
internal_value=-0.000122458 -0.00144219 0.00105776 -0.00138949 -0.0262275 0.00185714 -0.026156
internal_weight=95.8044 90.6598 82.3315 77.0884 8.91156 68.1768 8.32834
internal_count=500 473 425 392 48 344 48
is_linear=0
shrinkage=0.1


Tree=69
num_leaves=8
num_cat=0
split_feature=1 1 1 0 1 0 2
split_gain=0.237431 0.460666 0.575756 0.564438 0.516188 3.42457 0.651468
threshold=287.7104588193327 255.61993842368437 236.91633990763384 155.20731122949763 212.10944470836219 163.81201343920412 273.30253988603744
decision_type=2 2 2 2 2 2 2
left_child=1 2 4 -3 6 -6 -1
right_child=-2 3 -4 -5 5 -7 -8
leaf_value=-0.0010500070222016456 0.020720640226046937 0.002865342322407424 0.03268398663675192 -0.049563978902309014 -0.091493774267250194 0.03387979325406245 0.03679335308115185
leaf_weight=63.292360708117485 5.1681790500879279 4.0231786891818029 5.3419821672141543 4.1938519179821014 4.0537386089563352 4.7101712226867676 4.9012402892112723
leaf_count=321 27 27 33 21 26 22 23
internal_value=-0.000126327 -0.00131662 0.00093756 -0.0238938 -0.00126611 -0.0241116 0.00166989
internal_weight=95.6847 90.5165 82.2995 8.21703 76.9575 8.76391 68.1936
internal_count=500 473 425 48 392 48 344
is_linear=0
shrinkage=0.1


Tree=70
num_leaves=11
num_cat=0
split_feature=1 0 1 2 1 1 1 2 0 1
split_gain=0.238167 1.59066 1.4168 0.588341 1.32305 2.8437 1.216 1.21506 1.00099 0.487422
threshold=29.580444039412132 129.05377315667079 47.372471912317359 89.750530221247018 148.57641949123129 197.38409967602755 130.56474140179438 123.12938570558681 243.82006966417435 90.320066537509462
decision_type=2 2 2 2 2 2 2 2 2 2
left_child=1 -1 -2 4 9 -6 7 -5 -8 -4
right_child=2 -3 3 6 5 -7 8 -9 -10 -11
leaf_value=0.025857480324466688 0.048660144923095054 -0.051949082538334079 0.014583312508976962 -0.092868453653137006 -0.082332674926167082 0.01655495243418928 0.011086218580731361 -0.0184602809138559 -0.032062880957288598 0.058697230142812501
leaf_weight=5.0883482769131643 5.95673844218254 5.4329638034105301 4.5811008065938967 2.5534863173961666 3.851680412888526 11.869708217680452 28.504839155822992 15.615186758339403 6.6261080503463736 5.5259972438216209
leaf_count=27 27 26 25 16 21 61 157 80 33 27
internal_value=-0.000126545 -0.01432 0.00162858 -0.00191195 0.0104749 -0.00767214 -0.00791451 -0.0289179 0.00294779 0.0387023
internal_weight=95.6062 10.5213 85.0848 79.1281 25.8285 15.7214 53.2996 18.1687 35.1309 10.1071
internal_count=500 53 447 420 134 82 286 96 190 52
is_linear=0
shrinkage=0.1


Tree=71
num_leaves=6
num_cat=0
split_feature=2 2 0 2 2
split_gain=0.255775 0.701346 0.501784 0.602281 0.546656
threshold=20.378362049067089 30.762588997509642 13.408172671699665 53.776330147060627 72.455620454177293
decision_type=2 2 2 2 2
left_child=-1 -2 -3 -4 -5
right_child=1 2 3 4 -6
leaf_value=-0.020283608560736556 0.03901748075278693 -0.03443960938347046 -0.034761748242678185 0.030086348246541883 0.00033362441000637198
leaf_weight=5.9096694290637961 4.6484148204326621 4.2319551706314078 4.476599469780921 6.7781857773661605 69.432629950344563
leaf_count=35 21 20 25 31 368
internal_value=-0.000133707 0.00119578 -0.000874548 0.000885898 0.00297983
internal_weight=95.4775 89.5678 84.9194 80.6874 76.2108
internal_count=500 465 444 424 399
is_linear=0
shrinkage=0.1


Tree=72
num_leaves=6
num_cat=0
split_feature=1 1 1 0 0
split_gain=0.245968 0.98 0.681002 0.348901 1.49
threshold=285.18478174599511 265.81857648771899 242.86706865257113 10.02044321185633 21.29098210005434
decision_type=2 2 2 2 2
left_child=1 2 3 -1 -5
right_child=-2 -3 -4 4 -6
leaf_value=-0.031099019980401744 -0.018635547422396301 0.043792793398432485 -0.038769830750052255 0.063692948583137995 -0.00097175010385917729
leaf_weight=3.276798650622367 6.674865595996379 5.10765816271305 4.591053143143653 3.7489430606365195 71.95898550003767
leaf_count=15 36 27 33 18 371
internal_value=-0.000123279 0.00127007 -0.00132867 0.00084763 0.00223035
internal_weight=95.3583 88.6834 83.5758 78.9847 75.7079
internal_count=500 464 437 404 389
is_linear=0
shrinkage=0.1


Tree=73
num_leaves=8
num_cat=0
split_feature=0 2 0 0 0 2 1
split_gain=0.238655 1.80062 0.725924 0.900521 0.839198 0.672583 0.47692
threshold=263.52134676514629 121.21925819031915 238.17594437076676 225.80054844387448 210.73388086757711 265.66680206457141 107.594098041283
decision_type=2 2 2 2 2 2 2
left_child=2 -2 3 4 5 -1 -4
right_child=1 -3 6 -5 -6 -7 -8
leaf_value=0.0049243646188411568 0.063056081351697546 -0.020117791008188182 -0.0038767412786701407 0.047452926336983524 -0.043733074160953518 -0.028492825799216383 -0.048809483048355001
leaf_weight=59.957897715270519 4.4045059680938703 6.3631828725337982 4.4090408682823163 4.0176048576831809 4.3566623479127875 6.6954849883913985 5.0884206295013428
leaf_count=323 22 32 20 18 24 36 25
internal_value=-0.000116903 0.0139043 -0.00190308 0.00139413 -0.00121179 0.00156753 -0.0279502
internal_weight=95.2928 10.7677 84.5251 75.0276 71.01 66.6534 9.49746
internal_count=500 54 446 401 383 359 45
is_linear=0
shrinkage=0.1


Tree=74
num_leaves=6
num_cat=0
split_feature=2 1 1 2 2
split_gain=0.234717 0.315549 0.443756 0.487987 0.566652
threshold=8.4513760128930659 287.7104588193327 271.20767983224715 30.762588997509642 53.776330147060627
decision_type=2 2 2 2 2
left_child=-1 2 3 -2 -5
right_child=1 -3 -4 4 -6
leaf_value=-0.028440787975549234 0.026318903425397507 0.025242467045417324 -0.030719826420290381 -0.035390125339267976 0.00090951421804288902
leaf_weight=2.8378534689545623 6.9961313828825942 4.9794027283787718 4.6433668658137313 4.5770823359489432 71.148115824908018
leaf_count=17 36 26 27 25 369
internal_value=-0.000113515 0.000757019 -0.000638544 0.00105 -0.00128456
internal_weight=95.182 92.3441 87.3647 82.7213 75.7252
internal_count=500 483 457 430 394
is_linear=0
shrinkage=0.1


Tree=75
num_leaves=11
num_cat=0
split_feature=0 0 2 2 0 0 1 1 1 2
split_gain=0.238994 1.28907 1.16404 1.66343 2.56574 2.10099 1.00741 1.47082 1.26848 0.900764
threshold=125.48314475238918 137.52354756158209 264.1314576667134 201.5909470038354 101.91972238800651 81.265566938526817 24.938107296192623 47.372471912317359 72.573746164262829 238.34993461712722
decision_type=2 2 2 2 2 2 2 2 2 2
left_child=2 -2 3 4 5 -1 -3 -8 -9 -5
right_child=1 6 -4 9 -6 -7 7 8 -10 -11
leaf_value=-0.0047553804345314091 0.050789881579984479 -0.045703373715995088 0.048516313206910071 -0.093631758054910572 -0.081725783557356324 0.070951793852222514 0.057965952285512726 -0.055079647918162826 0.0031160671779261514 -0.019626465171247474
leaf_weight=16.578368585556756 5.3016177862882605 4.588022679090499 3.437108412384986 3.3649945035576811 3.3866077214479438 4.7062449753284445 4.4754425138235083 4.1128827109932891 41.921808630228043 3.2171088606119156
leaf_count=95 27 22 17 21 25 26 19 21 208 19
internal_value=-0.000105682 0.0036937 -0.00672082 -0.0127956 -0.000879287 0.0119842 -0.000837955 0.00323734 -0.00208332 -0.0574605
internal_weight=95.0902 60.3998 34.6904 31.2533 24.6712 21.2846 55.0982 50.5101 46.0347 6.5821
internal_count=500 297 203 186 146 121 270 248 229 40
is_linear=0
shrinkage=0.1


Tree=76
num_leaves=6
num_cat=0
split_feature=1 1 1 0 2
split_gain=0.223402 0.871073 0.54283 0.378624 0.969131
threshold=285.18478174599511 265.81857648771899 242.86706865257113 270.38047354534842 247.93829759957541
decision_type=2 2 2 2 2
left_child=1 2 3 4 -1
right_child=-2 -3 -4 -5 -6
leaf_value=0.0075977728810145626 -0.017851918097541841 0.041422570828970003 -0.035228400728411269 -0.0219423701856226 -0.025241331872715891
leaf_weight=61.497252471745014 6.609997831284999 5.0765897110104552 4.449083622545003 6.7664469778537741 10.524682328104971
leaf_count=315 36 27 33 35 54
internal_value=-0.000119428 0.00120779 -0.00124488 0.000674126 0.00279894
internal_weight=94.9241 88.3141 83.2375 78.7884 72.0219
internal_count=500 464 437 404 369
is_linear=0
shrinkage=0.1


Tree=77
num_leaves=8
num_cat=0
split_feature=0 2 0 0 2 1 1
split_gain=0.24128 1.47001 0.588686 0.732493 0.69956 0.768074 0.397211
threshold=263.52134676514629 121.21925819031915 238.17594437076676 225.80054844387448 265.66680206457141 283.57479104637054 107.594098041283
decision_type=2 2 2 2 2 2 2
left_child=2 -2 3 4 5 -1 -4
right_child=1 -3 6 -5 -6 -7 -8
leaf_value=0.0049154584489300955 0.058295510078516202 -0.017016567563584033 -0.0035830134176143094 0.042431603890450642 -0.031432869333329602 -0.038968188628309669 -0.044763353228707982
leaf_weight=59.477999914437532 4.4099655896425229 6.2860821038484573 4.403719559311865 4.0471339523792258 6.9524476751685134 4.2750620916485778 5.0037324279546738
leaf_count=320 22 32 20 18 38 25 25
internal_value=-0.000112671 0.0140345 -0.00191066 0.0010563 -0.00131199 0.00197277 -0.0254864
internal_weight=94.8561 10.696 84.1601 74.7526 70.7055 63.7531 9.40745
internal_count=500 54 446 401 383 345 45
is_linear=0
shrinkage=0.1


Tree=78
num_leaves=8
num_cat=0
split_feature=1 1 1 2 2 2 0
split_gain=0.261449 0.437078 0.603188 0.557804 1.37504 1.30334 0.447941
threshold=287.7104588193327 255.61993842368437 236.91633990763384 160.6815621340877 178.86878578766866 141.03464643844094 155.20731122949763
decision_type=2 2 2 2 2 2 2
left_child=1 2 3 5 -5 -1 -3
right_child=-2 6 -4 4 -6 -7 -8
leaf_value=-0.0040524261069028759 0.021885782350815373 0.00032597109650976219 0.033477446117117018 0.052494258364551183 -0.00080877282463115245 -0.06713394206242275 -0.047019773848870933
leaf_weight=33.628586981445551 5.1133404672145835 3.9415877573192111 5.2901219613850108 5.657947599887847 33.461148373782635 3.6287444531917563 4.0531377792358398
leaf_count=183 27 27 33 26 164 19 21
internal_value=-0.000107893 -0.00136218 0.000822341 -0.00143948 0.00690065 -0.0101964 -0.0236772
internal_weight=94.7746 89.6613 81.6665 76.3764 39.1191 37.2573 7.99473
internal_count=500 473 425 392 190 202 48
is_linear=0
shrinkage=0.1


Tree=79
num_leaves=6
num_cat=0
split_feature=2 0 0 0 2
split_gain=0.22208 0.494178 1.23336 0.503051 0.731224
threshold=20.378362049067089 281.84760953457356 267.05326323024161 254.33696017058534 99.912682947836672
decision_type=2 2 2 2 2
left_child=-1 2 3 4 -2
right_child=1 -3 -4 -5 -6
leaf_value=-0.018998972210053686 -0.015954983115017345 0.032445947535112075 -0.056657431418609662 0.03241289655715613 0.0060399177796658906
leaf_weight=5.8374325931072226 20.940307401120663 4.7705315276980391 3.7549352869391432 5.0870694667100897 54.333383787423372
leaf_count=35 115 22 22 23 283
internal_value=-0.000104644 0.00113621 -0.000639493 0.001978 -7.88201e-05
internal_weight=94.7237 88.8862 84.1157 80.3608 75.2737
internal_count=500 465 443 421 398
is_linear=0
shrinkage=0.1


Tree=80
num_leaves=8
num_cat=0
split_feature=1 1 1 0 1 0 2
split_gain=0.210385 0.355772 0.481655 0.53536 1.77773 0.934326 0.427957
threshold=287.7104588193327 255.61993842368437 236.91633990763384 176.91997847527858 214.07392736838116 207.99651002685849 129.14448915369755
decision_type=2 2 2 2 2 2 2
left_child=1 2 3 4 -1 -5 -3
right_child=-2 6 -4 5 -6 -7 -8
leaf_value=-0.00269187832395394 0.019578726259654438 0.0037144586470266444 0.029675903477853038 0.031669429372860283 -0.077077490074827226 -0.0033588162567047401 -0.042871587688997834
leaf_weight=37.490013152360916 5.1381695494055739 3.6522290185093871 5.3728933930397025 11.151709109544752 3.5139760747551909 24.009666360914707 4.2860476821660995
leaf_count=200 27 19 33 49 25 118 29
internal_value=-9.91615e-05 -0.00122916 0.000738336 -0.00130299 -0.00906661 0.00775067 -0.0214384
internal_weight=94.6147 89.4765 81.5383 76.1654 41.004 35.1614 7.93828
internal_count=500 473 425 392 225 167 48
is_linear=0
shrinkage=0.1


Tree=81
num_leaves=9
num_cat=0
split_feature=0 2 2 0 1 2 1 2
split_gain=0.213157 1.22211 0.511868 2.36269 1.44597 1.21967 0.920682 1.18481
threshold=263.52134676514629 121.21925819031915 247.93829759957541 77.434208283264113 155.54892117631917 238.34993461712722 19.257672086434749 219.76501494729897
decision_type=2 2 2 2 2 2 2 2
left_child=2 -2 5 -4 -5 6 -1 -8
right_child=1 -3 3 4 -6 -7 7 -9
leaf_value=0.039882907659046465 0.053454583883811579 -0.015397726919297354 0.054094646054269308 -0.080035293947284161 -0.0023504453927650909 0.057685236753377535 -0.00066040794638521348 -0.050471072506077824
leaf_weight=4.9736393913626662 4.4153371900320035 6.1948765218257904 3.2181188687682143 5.2866185083985311 4.3819890581071377 3.6691405102610579 57.104486990720034 5.211111854761838
leaf_count=24 22 32 16 28 24 18 308 28
internal_value=-9.95594e-05 0.0132545 -0.00178945 -0.020124 -0.0448271 0.00154028 -0.00152119 -0.0048258
internal_weight=94.4553 10.6102 83.8451 12.8867 9.66861 70.9584 67.2892 62.3156
internal_count=500 54 446 68 52 378 360 336
is_linear=0
shrinkage=0.1


Tree=82
num_leaves=9
num_cat=0
split_feature=1 0 1 2 2 0 2 2
split_gain=0.226474 1.15515 1.05321 0.405933 1.16604 1.61571 0.982651 0.734756
threshold=29.580444039412132 129.05377315667079 47.372471912317359 241.24637814379039 187.25356994678114 100.31244111569896 265.66680206457141 170.68900115532298
decision_type=2 2 2 2 2 2 2 2
left_child=1 -1 -2 4 7 -6 -5 -4
right_child=2 -3 3 6 5 -7 -8 -9
leaf_value=0.020105343930853642 0.04204835874259584 -0.046753310090380085 -0.0010928794051966837 0.043797087091334716 -0.077473199299124954 -0.0082116947109791803 -0.011665464068205879 0.038499920465997331
leaf_weight=5.0563811734318715 5.9841168224811545 5.2854191064834595 43.032315418124199 6.1084511727094633 4.6522728018462685 12.20135562866926 6.6964496932923794 5.2601093500852576
leaf_count=27 27 26 235 30 31 61 37 26
internal_value=-0.000101284 -0.0140643 0.00161913 -0.00148453 -0.00468387 -0.0273306 0.0147924 0.00321965
internal_weight=94.2769 10.3418 83.9351 77.951 65.1461 16.8536 12.8049 48.2924
internal_count=500 53 447 420 353 92 67 261
is_linear=0
shrinkage=0.1


Tree=83
num_leaves=10
num_cat=0
split_feature=1 1 1 0 1 0 2 0 2
split_gain=0.21508 0.336159 1.06598 0.985488 0.709098 0.686137 0.607574 0.537543 0.630367
threshold=11.038486303550068 88.486483559120487 103.14602809933859 77.434208283264113 59.421146902122231 172.38727951557777 201.5909470038354 272.22090498935773 27.518770862137782
decision_type=2 2 2 2 2 2 2 2 2
left_child=-1 3 -3 -2 6 -6 -5 8 -4
right_child=1 2 7 4 5 -7 -8 -9 -10
leaf_value=-0.022891943324213078 0.049643594184269807 -0.052630333398468614 0.034880629214020367 -0.037682964265610637 -0.0098066791481175534 0.046620095253916416 0.0083244467292552648 -0.030739191131806117 -0.00035105793832161864
leaf_weight=3.9668456837534896 5.1630604416132 4.0454990342259398 5.6534863635897628 5.9873951375484484 3.8084874674677831 4.9634517133235931 5.5137339681386948 5.083737574517726 49.923746153712273
leaf_count=20 26 24 29 31 20 24 25 25 276
internal_value=-0.000102932 0.000899929 -0.00292884 0.0106399 0.000706551 0.0221214 -0.0156266 0.000385768 0.00323282
internal_weight=94.1094 90.1426 64.7065 25.4361 20.2731 8.77194 11.5011 60.661 55.5772
internal_count=500 480 354 126 100 44 56 330 305
is_linear=0
shrinkage=0.1


Tree=84
num_leaves=7
num_cat=0
split_feature=2 2 0 1 1 2
split_gain=0.252205 0.495563 0.496446 0.924324 0.63391 0.693756
threshold=20.378362049067089 30.762588997509642 37.390205503237262 143.06153621786811 277.88650127428036 53.776330147060627
decision_type=2 2 2 2 2 2
left_child=-1 -2 3 -3 5 -4
right_child=1 2 4 -5 -6 -7
leaf_value=-0.020184904321582896 0.033283426512633212 0.0080378297359433616 -0.04070680971195563 -0.05171595769967794 0.033117955976043077 0.0021345938413054734
leaf_weight=5.8615430146455756 4.5748971551656714 5.3266476988792402 4.021139681339263 5.036549910902977 6.146897815167903 63.003041386604309
leaf_count=35 21 28 23 36 32 325
internal_value=-9.9296e-05 0.00123692 -0.000518164 -0.0210027 0.00238306 -0.000435691
internal_weight=93.9707 88.1092 83.5343 10.3632 73.1711 67.0242
internal_count=500 465 444 64 380 348
is_linear=0
shrinkage=0.1


Tree=85
num_leaves=7
num_cat=0
split_feature=2 0 0 2 0 1
split_gain=0.206245 0.446584 0.396481 0.757523 2.02095 0.936911
threshold=20.378362049067089 281.84760953457356 257.7722055222834 247.93829759957541 77.434208283264113 253.4356655594334
decision_type=2 2 2 2 2 2
left_child=-1 2 3 5 -5 -2
right_child=1 -3 -4 4 -6 -7
leaf_value=-0.018351967556663757 0.010463335599762143 0.030935402809144065 -0.023373609244258287 0.046627617334930732 -0.045389315692554277 -0.026092828093266535
leaf_weight=5.8053657263517371 55.871822889894247 4.7488132864236823 6.9978475719690314 3.2377362102270117 9.0819163471460325 8.016937702894209
leaf_count=35 290 22 37 16 50 50
internal_value=-9.63239e-05 0.00110862 -0.000593681 0.00149809 -0.0212063 0.00587617
internal_weight=93.7604 87.9551 83.2063 76.2084 12.3197 63.8888
internal_count=500 465 443 406 66 340
is_linear=0
shrinkage=0.1


Tree=86
num_leaves=11
num_cat=0
split_feature=0 0 2 2 0 0 1 1 1 2
split_gain=0.233224 1.1257 0.948362 1.41397 2.13101 1.58484 0.694326 1.41086 1.10917 0.659087
threshold=125.48314475238918 137.52354756158209 264.1314576667134 201.5909470038354 101.91972238800651 81.265566938526817 29.580444039412132 47.372471912317359 72.573746164262829 238.34993461712722
decision_type=2 2 2 2 2 2 2 2 2 2
left_child=2 -2 3 4 5 -1 -3 -8 -9 -5
right_child=1 6 -4 9 -6 -7 7 8 -10 -11
leaf_value=-0.0046748259083684417 0.047696399407691686 -0.036466831753481005 0.043204949805471043 -0.087264897577847861 -0.077466800084894039 0.06080344120748496 0.060022430456268538 -0.052339338488290144 0.0027987263153825101 -0.022505575952574235
leaf_weight=16.278913993388425 5.2927033752202979 4.9134553819894782 3.4228740446269503 3.1124406494200221 3.1937068328261367 4.7824569195508948 3.9823755621910086 4.0000293403863898 41.495135419070721 3.1745208352804184
leaf_count=95 27 24 17 21 25 26 17 21 208 19
internal_value=-9.41006e-05 0.00367054 -0.00670938 -0.0123033 -0.00134889 0.0101935 -0.000613551 0.00294692 -0.00204913 -0.0545655
internal_weight=93.6486 59.6837 33.9649 30.542 24.2551 21.0614 54.391 49.4775 45.4952 6.28696
internal_count=500 297 203 186 146 121 270 246 229 40
is_linear=0
shrinkage=0.1


Tree=87
num_leaves=11
num_cat=0
split_feature=0 2 2 1 1 0 2 2 0 2
split_gain=0.219055 1.10947 2.43966 0.971167 0.962604 1.03993 1.13585 0.820342 2.40122 1.7508
threshold=108.62331487352303 50.580346507769356 65.740430434159393 277.88650127428036 16.842300329999578 131.55745508560054 211.81360502432941 183.08312581423658 71.745957193661624 145.05435986079559
decision_type=2 2 2 2 2 2 2 2 2 2
left_child=1 -1 -3 4 -2 -6 -7 9 -9 -4
right_child=3 2 7 -5 5 6 -8 8 -10 -11
leaf_value=0.038529952308713492 0.045582161671804587 -0.14123403370267548 -0.014724246959730545 0.044118233607797569 -0.05130393430561167 -0.0096318458073604094 0.024098739931201846 0.0036159795614607278 -0.093244891998613036 0.065509456988598433
leaf_weight=4.5530177503824261 4.2000733837485305 1.4454305171966577 8.7872244641184825 5.3290310502052298 4.2982797957956782 34.968693040311337 13.972259946167467 8.2718612104654294 3.7060819491744033 3.9387848675250998
leaf_count=25 21 8 57 25 28 176 68 44 27 21
internal_value=-0.000104828 -0.00702669 -0.0149588 0.00328092 -0.000507831 -0.0041439 -2.02695e-06 -0.00757045 -0.0263536 0.0101086
internal_weight=93.4707 30.7024 26.1494 62.7683 57.4393 53.2392 48.941 24.704 11.9779 12.726
internal_count=500 182 157 318 293 272 244 149 71 78
is_linear=0
shrinkage=0.1


Tree=88
num_leaves=9
num_cat=0
split_feature=0 2 0 0 1 1 1 0
split_gain=0.201453 0.551973 0.65516 0.43004 0.34428 0.368427 1.10446 0.90264
threshold=35.834191099061641 97.789480168148813 15.463793849455373 49.759415318859119 14.255688138134905 187.22847314232641 212.10944470836219 187.83541808556302
decision_type=2 2 2 2 2 2 2 2
left_child=1 -1 -3 -2 -5 7 -7 -6
right_child=3 2 -4 4 5 6 -8 -9
leaf_value=0.01946163413186312 0.030835468738437052 0.0019920930301020371 -0.056838246525776293 0.028551311626176634 -0.021035920179776874 0.043983196366066978 -0.0035606217820552733 0.0070761591337298469
leaf_weight=3.6121633574366552 4.7404993698000899 3.7077309563755989 3.8675322718918324 3.9532062113285056 23.295271515846252 6.3472703248262432 21.22525379806757 22.408496648073196
leaf_count=21 24 18 29 20 130 29 121 108
internal_value=-0.000117731 -0.0127052 -0.0280436 0.00160024 -0.000194278 -0.00174508 0.00738409 -0.00725261
internal_weight=93.1574 11.1874 7.57526 81.97 77.2295 73.2763 27.5725 45.7038
internal_count=500 68 47 432 408 388 150 238
is_linear=0
shrinkage=0.1


Tree=89
num_leaves=8
num_cat=0
split_feature=1 1 2 1 1 2 1
split_gain=0.215764 0.442772 0.537106 1.13309 1.08027 0.689354 0.846133
threshold=11.038486303550068 19.257672086434749 241.24637814379039 202.64273915901882 130.56474140179438 226.56934703396419 59.421146902122231
decision_type=2 2 2 2 2 2 2
left_child=-1 -2 5 4 -4 6 -3
right_child=1 2 3 -5 -6 -7 -8
leaf_value=-0.022971137179372207 0.034267023780994103 -0.033340747603362308 0.0058632320135912578 -0.021144976378571743 0.072764643050370711 -0.046441276040676958 0.0021209841405255632
leaf_weight=3.9541591852903357 3.8071558326482764 7.593440130352973 5.2177090942859632 5.1699218973517409 4.4909936040639877 3.6689396724104872 59.071268882602453
leaf_count=20 18 40 29 28 20 23 322
internal_value=-0.000113831 0.000901469 -0.000589254 0.0166723 0.0368101 -0.00424081 -0.00191828
internal_weight=92.9736 89.0194 85.2123 14.8786 9.7087 70.3336 66.6647
internal_count=500 480 462 77 49 385 362
is_linear=0
shrinkage=0.1


Tree=90
num_leaves=13
num_cat=0
split_feature=1 1 2 1 2 0 0 2 2 1 2 1
split_gain=0.201889 0.804926 1.60029 0.792088 1.99395 0.69406 0.974365 1.47362 0.625867 1.1803 0.418176 0.322516
threshold=88.486483559120487 59.421146902122231 110.659453519818 117.29101216978508 74.513980366951174 272.22090498935773 230.71158792679395 265.66680206457141 240.4508330582278 21.024881667937372 132.26341740966947 74.014125626989042
decision_type=2 2 2 2 2 2 2 2 2 2 2 2
left_child=1 2 -1 4 -2 6 7 -5 9 -4 -8 -3
right_child=3 11 8 5 -6 -7 10 -9 -10 -11 -12 -13
leaf_value=-0.062689848597722683 0.036406297441405486 0.044864387726465497 0.064085644206938158 0.004388889456830072 -0.065730900444187015 -0.036977590708718644 0.010709975977985217 -0.05826960584571339 -0.020314191822158 -0.0069124834334538783 0.055343183302973192 0.010271904679714085
leaf_weight=3.912250377237803 2.8742739260196668 5.6713073626160604 4.1784185916185361 38.285111717879772 5.7055091299116611 4.3971422538161269 3.8011646568775159 4.1613780036568633 4.6991043686866751 5.3263137862086296 4.6880932301282883 5.1359239891171455
leaf_count=26 14 27 19 215 37 22 20 24 23 24 22 27
internal_value=-0.000105923 0.00682623 -0.00605861 -0.00324303 -0.0315144 0.00114066 0.0044313 -0.00175404 0.00953968 0.0242993 0.0353581 0.028425
internal_weight=92.836 28.9233 18.1161 63.9127 8.57978 55.3329 50.9357 42.4465 14.2038 9.50473 8.48926 10.8072
internal_count=500 146 92 354 51 303 281 239 66 43 42 54
is_linear=0
shrinkage=0.1


Tree=91
num_leaves=11
num_cat=0
split_feature=1 1 0 2 1 1 1 1 2 2
split_gain=0.202465 1.03415 0.891022 0.363271 1.23508 2.17404 0.892686 2.43833 1.84146 0.773847
threshold=29.580444039412132 47.372471912317359 129.05377315667079 89.750530221247018 231.68225892820846 197.38409967602755 232.40062928338475 202.64273915901882 151.9040700241016 58.325740175577288
decision_type=2 2 2 2 2 2 2 2 2 2
left_child=2 -2 -1 4 5 -3 7 -5 -8 -6
right_child=1 3 -4 6 9 -7 8 -9 -10 -11
leaf_value=0.016816117829868436 0.042010488076760541 0.003166804531970636 -0.042666221923972979 -0.0045669200456216752 -0.059827555406258941 0.085540433628832346 0.082498748704084968 -0.080950756726470341 -0.0051808128800301745 0.0051090255156201504
leaf_weight=4.9422448053956014 5.8602166771888724 13.693990848958498 5.1347503215074539 33.653441678732634 3.5499212965369216 4.1825984492897978 3.1730716973543158 4.7717253975570193 9.7725843638181669 3.7992184460163116
leaf_count=27 27 73 26 177 21 20 19 31 59 20
internal_value=-0.000112701 0.00152252 -0.0134932 -0.00157511 0.00825247 0.0224398 -0.00640097 -0.0140524 0.0163101 -0.0262579
internal_weight=92.5338 82.4568 10.077 76.5966 25.2257 17.8766 51.3708 38.4252 12.9457 7.34914
internal_count=500 447 53 420 134 93 286 208 78 41
is_linear=0
shrinkage=0.1


Tree=92
num_leaves=13
num_cat=0
split_feature=2 0 2 2 0 0 2 1 2 2 0 1
split_gain=0.208366 0.987869 1.98547 0.937838 0.814027 0.771129 1.39258 0.655757 1.32667 0.905458 1.10341 0.849309
threshold=211.23813114847448 108.62331487352303 229.64336664121336 241.24637814379039 267.97694999440756 160.0494509690856 259.06105770263156 253.4356655594334 70.376516388343049 160.6815621340877 127.50571743488398 203.61502995677282
decision_type=2 2 2 2 2 2 2 2 2 2 2 2
left_child=4 3 -3 -2 7 -4 -7 9 -9 11 -11 -1
right_child=1 2 5 -5 -6 6 -8 8 -10 10 -12 -13
leaf_value=-0.012130589364903983 -0.071698391746894463 0.065218112963910099 0.03334333246310122 0.0019961608109419346 -0.03565356443700167 -0.061896296020197666 0.016110263223078378 0.030158725510970832 -0.053143898736253525 0.058795875609788023 0.0032818110170947305 0.025565179485980628
leaf_weight=26.989480122923851 2.6261725202202824 6.3259261474013355 4.0941150449216357 5.0427758246660233 6.9072330370545378 4.1401311904191953 5.1170924305915833 2.8905751630663854 5.6461824811995029 6.0085675343871108 8.8597785234451276 7.6770966388285151
leaf_count=149 18 30 23 28 38 19 26 16 36 31 41 45
internal_value=-0.000118053 0.00720499 0.0190705 -0.02324 -0.00319994 -0.00279445 -0.0187768 0.000660203 -0.0249373 0.00507164 0.025716 -0.00378266
internal_weight=92.3251 27.3462 19.6773 7.66895 64.9789 13.3513 9.25722 58.0717 8.53676 49.5349 14.8683 34.6666
internal_count=500 144 98 46 356 68 45 318 52 266 72 194
is_linear=0
shrinkage=0.1


Tree=93
num_leaves=10
num_cat=0
split_feature=0 2 0 2 0 0 1 1 1
split_gain=0.207413 1.1777 0.603103 0.563913 1.66662 1.08568 1.02314 0.865691 0.406102
threshold=263.52134676514629 121.21925819031915 238.17594437076676 247.93829759957541 77.434208283264113 216.32518883664639 38.012552397760651 155.54892117631917 107.594098041283
decision_type=2 2 2 2 2 2 2 2 2
left_child=2 -2 3 5 -5 6 -1 -6 -4
right_child=1 -3 8 4 7 -7 -8 -9 -10
leaf_value=0.035266262603949473 0.053020076051791799 -0.015233682425177256 -0.003533127958822341 0.042910465739382821 -0.070178016734436688 0.048554277190840017 -0.0043729538023571848 -0.0065086386652654336 -0.045686760288180417
leaf_weight=7.5357022434473029 4.3305300623178464 6.0736178755760193 4.2946935743093473 3.1998737528920165 4.7550337836146337 5.2594419866800299 47.912789799273014 3.8764411024749279 4.8849159628152847
leaf_count=40 22 32 20 16 27 26 270 22 25
internal_value=-0.000122502 0.0131757 -0.00181557 0.00124047 -0.0187317 0.00513284 0.0010142 -0.0415838 -0.0259651
internal_weight=92.123 10.4041 81.7189 72.5393 11.8313 60.7079 55.4485 8.63147 9.17961
internal_count=500 54 446 401 65 336 310 49 45
is_linear=0
shrinkage=0.1


Tree=94
num_leaves=9
num_cat=0
split_feature=1 1 1 2 2 0 2 2
split_gain=0.228189 0.911865 0.656249 0.355221 0.856716 1.02863 0.813634 0.504958
threshold=29.580444039412132 47.372471912317359 14.255688138134905 241.24637814379039 187.25356994678114 100.31244111569896 265.66680206457141 170.68900115532298
decision_type=2 2 2 2 2 2 2 2
left_child=2 -2 -1 4 7 -6 -5 -3
right_child=1 3 -4 6 5 -7 -8 -9
leaf_value=0.010773562605678843 0.039620833404920897 -0.0011889249149684552 -0.040613505238562338 0.040599946767028411 -0.06727571404255446 -0.0094615928154381836 -0.010516706208053981 0.031712595295364035
leaf_weight=5.0676471740007383 5.8612397015094748 42.223133377730846 4.8768003135919571 6.0113017708063108 4.1279560700058964 12.092862434685228 6.4604558534920216 5.2440448701381674
leaf_count=26 27 235 27 30 31 61 37 26
internal_value=-0.000121253 0.0016132 -0.0144269 -0.00131186 -0.00433405 -0.0241744 0.0141212 0.00244595
internal_weight=91.9654 82.021 9.94445 76.1598 63.688 16.2208 12.4718 47.4672
internal_count=500 447 53 420 353 92 67 261
is_linear=0
shrinkage=0.1


Tree=95
num_leaves=6
num_cat=0
split_feature=0 1 0 0 1
split_gain=0.242388 0.305796 0.762152 0.698487 0.597181
threshold=13.408172671699665 287.7104588193327 25.583527767773219 44.804903316182781 88.486483559120487
decision_type=2 2 2 2 2
left_child=-1 2 -2 -4 -5
right_child=1 -3 3 4 -6
leaf_value=-0.022210086255642442 0.043346066972382129 0.025663772861936041 -0.041438359455618315 0.012526975934592675 -0.0065182880694613018
leaf_weight=4.7112787179648867 3.8070704378187648 4.7811058089137068 4.3449549637734881 24.664023242890835 49.5193250477314
leaf_count=23 23 26 29 125 274
internal_value=-0.000117378 0.0010774 -0.000350297 -0.00246871 -0.000186236
internal_weight=91.8278 87.1165 82.3354 78.5283 74.1833
internal_count=500 477 451 428 399
is_linear=0
shrinkage=0.1


Tree=96
num_leaves=8
num_cat=0
split_feature=1 0 1 2 0 0 0
split_gain=0.218046 0.294971 0.465961 0.459239 0.365253 1.48091 0.862554
threshold=11.038486303550068 267.97694999440756 21.024881667937372 127.13692196430289 125.48314475238918 101.91972238800651 137.52354756158209
decision_type=2 2 2 2 2 2 2
left_child=-1 2 -2 -3 5 -4 -6
right_child=1 3 4 -5 6 -7 -8
leaf_value=-0.023364076789054892 0.038283866316776813 0.0088774817225414897 0.00044933641927064798 -0.039307999154017642 0.046757652658650645 -0.070017224486311466 0.0019955650117770523
leaf_weight=3.8624995425343505 3.5259693562984458 3.6238469108939162 25.807836931198839 4.3547526597976685 4.7910465449094763 3.3720473460853091 42.42789326235652
leaf_count=20 19 19 155 24 25 28 210
internal_value=-0.000109858 0.000911938 0.00274218 -0.0174224 0.00110186 -0.00769383 0.00653733
internal_weight=91.7659 87.9034 79.9248 7.9786 76.3988 29.1799 47.2189
internal_count=500 480 437 43 418 183 235
is_linear=0
shrinkage=0.1


Tree=97
num_leaves=8
num_cat=0
split_feature=1 1 0 2 1 2 0
split_gain=0.2262 0.694741 0.655294 0.287369 0.798766 0.735748 1.10242
threshold=29.580444039412132 47.372471912317359 129.05377315667079 241.24637814379039 202.64273915901882 219.76501494729897 267.97694999440756
decision_type=2 2 2 2 2 2 2
left_child=2 -2 -1 5 -5 6 -3
right_child=1 3 -4 4 -6 -7 -8
leaf_value=0.011807460330448629 0.034717903771378872 0.004069995932958273 -0.039669542672301862 0.033788705418484687 -0.017774688380820875 -0.039574689335939391 -0.042450110719995771
leaf_weight=4.859620086848734 5.8856619223952285 52.503008477389812 5.035157784819603 7.4261623583734018 5.0453545637428761 5.2377375438809386 5.6414126902818671
leaf_count=27 27 288 26 39 28 33 32
internal_value=-0.000107573 0.00162107 -0.0143877 -0.000946989 0.0129287 -0.00367727 -0.000443578
internal_weight=91.6341 81.7393 9.89478 75.8537 12.4715 63.3822 58.1444
internal_count=500 447 53 420 67 353 320
is_linear=0
shrinkage=0.1


Tree=98
num_leaves=9
num_cat=0
split_feature=0 2 0 2 0 0 2 1
split_gain=0.270346 0.953653 0.530113 0.918174 1.29792 1.62254 1.27917 1.54319
threshold=263.52134676514629 121.21925819031915 249.4605837092225 99.912682947836672 230.71158792679395 210.73388086757711 81.047728549386804 60.680279836278082
decision_type=2 2 2 2 2 2 2 2
left_child=2 -2 3 6 5 -5 7 -1
right_child=1 -3 -4 4 -6 -7 -8 -9
leaf_value=-0.070874306596678885 0.050882214102662006 -0.010891513037897394 -0.033800933203981004 0.0081048065930457332 0.058621759218787255 -0.060870662438826342 -0.068032545150092646 0.0055197387501726069
leaf_weight=3.1097032837569776 4.3273415416479093 5.9151935204863548 4.9338026046752921 43.36958510056138 4.5482698231935492 3.701480619609355 3.9445900022983542 17.665475443005562
leaf_count=22 22 32 24 238 21 20 26 95
internal_value=-0.000103146 0.0152071 -0.00203264 2.05445e-05 0.0076099 0.00268085 -0.0158274 -0.0059152
internal_weight=91.5154 10.2425 81.2729 76.3391 51.6193 47.0711 24.7198 20.7752
internal_count=500 54 446 422 279 258 143 117
is_linear=0
shrinkage=0.1


Tree=99
num_leaves=10
num_cat=0
split_feature=0 2 2 0 1 2 1 0 1
split_gain=0.219108 0.766196 0.523971 1.40619 1.00978 0.889736 0.559517 1.29246 0.781159
threshold=263.52134676514629 121.21925819031915 247.93829759957541 77.434208283264113 155.54892117631917 238.34993461712722 253.4356655594334 117.38442533167741 235.25819346705518
decision_type=2 2 2 2 2 2 2 2 2
left_child=2 -2 5 -4 -5 6 8 -8 -1
right_child=1 -3 3 4 -6 -7 7 -9 -10
leaf_value=-0.00072814334143581332 0.045463693266337195 -0.0098385754469394876 0.036253127054821276 -0.071801914314655199 -0.0051515395865113257 0.050734504163303842 -0.074104845464353059 0.0052163158100531149 0.044513767119378024
leaf_weight=52.358667802065611 4.3570888936519605 5.8945630639791489 3.1969804614782324 4.887249216437338 4.2496742382645607 3.4918119646608821 3.2912373505532724 5.4652820378541946 4.1164851747453204
leaf_count=280 22 32 16 28 24 18 27 29 24
internal_value=-0.000108723 0.0136656 -0.00185082 -0.0208292 -0.0408022 0.00155526 -0.00107727 -0.0245974 0.00256955
internal_weight=91.309 10.2517 81.0574 12.3339 9.13692 68.7235 65.2317 8.75652 56.4752
internal_count=500 54 446 68 52 378 360 56 304
is_linear=0
shrinkage=0.1


end of trees

feature_importances:
rainfall_24h=292
rainfall_72h=258
rainfall_1h=256

parameters:
[boosting: gbdt]
[objective: binary]
[metric: binary_logloss]
[tree_learner: serial]
[device_type: cpu]
[data_sample_strategy: bagging]
[data: ]
[valid: ]
[num_iterations: 100]
[learning_rate: 0.1]
[num_leaves: 31]
[num_threads: 2]
[seed: 0]
[deterministic: 0]
[force_col_wise: 0]
[force_row_wise: 0]
[histogram_pool_size: -1]
[max_depth: 5]
[min_data_in_leaf: 20]
[min_sum_hessian_in_leaf: 0.001]
[bagging_fraction: 1]
[pos_bagging_fraction: 1]
[neg_bagging_fraction: 1]
[bagging_freq: 0]
[bagging_seed: 3]
[bagging_by_query: 0]
[feature_fraction: 1]
[feature_fraction_bynode: 1]
[feature_fraction_seed: 2]
[extra_trees: 0]
[extra_seed: 6]
[early_stopping_round: 0]
[early_stopping_min_delta: 0]
[first_metric_only: 0]
[max_delta_step: 0]
[lambda_l1: 0]
[lambda_l2: 0]
[linear_lambda: 0]
[min_gain_to_split: 0]
[drop_rate: 0.1]
[max_drop: 50]
[skip_drop: 0.5]
[xgboost_dart_mode: 0]
[uniform_drop: 0]
[drop_seed: 4]
[top_rate: 0.2]
[other_rate: 0.1]
[min_data_per_group: 100]
[max_cat_threshold: 32]
[cat_l2: 10]
[cat_smooth: 10]
[max_cat_to_onehot: 4]
[top_k: 20]
[monotone_constraints: ]
[monotone_constraints_method: basic]
[monotone_penalty: 0]
[feature_contri: ]
[forcedsplits_filename: ]
[refit_decay_rate: 0.9]
[cegb_tradeoff: 1]
[cegb_penalty_split: 0]
[cegb_penalty_feature_lazy: ]
[cegb_penalty_feature_coupled: ]
[path_smooth: 0]
[interaction_constraints: ]
[verbosity: 1]
[saved_feature_importance_type: 0]
[use_quantized_grad: 0]
[num_grad_quant_bins: 4]
[quant_train_renew_leaf: 0]
[stochastic_rounding: 1]
[linear_tree: 0]
[max_bin: 255]
[max_bin_by_feature: ]
[min_data_in_bin: 3]
[bin_construct_sample_cnt: 200000]
[data_random_seed: 1]
[is_enable_sparse: 1]
[enable_bundle: 1]
[use_missing: 1]
[zero_as_missing: 0]
[feature_pre_filter: 1]
[pre_partition: 0]
[two_round: 0]
[header: 0]
[label_column: ]
[weight_column: ]
[group_column: ]
[ignore_column: ]
[categorical_feature: ]
[forcedbins_filename: ]
[precise_float_parser: 0]
[parser_config_file: ]
[objective_seed: 5]
[num_class: 1]
[is_unbalance: 0]
[scale_pos_weight: 1]
[sigmoid: 1]
[boost_from_average: 1]
[reg_sqrt: 0]
[alpha: 0.9]
[fair_c: 1]
[poisson_max_delta_step: 0.7]
[tweedie_variance_power: 1.5]
[lambdarank_truncation_level: 30]
[lambdarank_norm: 1]
[label_gain: ]
[lambdarank_position_bias_regularization: 0]
[eval_at: ]
[multi_error_top_k: 1]
[auc_mu_weights: ]
[num_machines: 1]
[local_listen_port: 12400]
[time_out: 120]
[machine_list_filename: ]
[machines: ]
[gpu_platform_id: -1]
[gpu_device_id: -1]
[gpu_device_id_list: ]
[gpu_use_dp: 0]
[num_gpu: 1]

end of parameters

pandas_categorical:[]
